date,state,rainfall_24h,rainfall_cumulative,soil_moisture,slope,elevation,ndvi,distance_to_road,historical_landslide_density,temperature,risk_score
2010-01-01,Sikkim,106.1,136.72,65.76,65.58,2993.36,100.0,4.34,86.63,15.29,60.11
2010-01-02,Arunachal Pradesh,74.57,150.64,49.33,21.19,1785.37,100.0,48.1,85.13,20.96,33.26
2010-01-03,Manipur,124.79,214.83,100.0,26.98,1387.95,100.0,17.36,71.52,21.27,41.79
2010-01-04,Meghalaya,47.99,116.99,49.38,52.96,633.05,100.0,12.59,6.11,13.21,33.19
2010-01-05,Mizoram,165.08,327.69,100.0,12.86,420.01,100.0,20.59,55.43,16.9,50.08
2010-01-06,Mizoram,33.28,26.73,56.33,5.82,1723.2,100.0,20.71,0.0,14.01,21.59
2010-01-07,Tripura,152.97,288.66,100.0,27.26,3380.24,100.0,22.93,45.34,32.54,60.04
2010-01-08,Sikkim,53.18,109.59,58.36,39.68,2150.81,100.0,34.43,8.76,11.86,29.58
2010-01-09,Meghalaya,59.49,156.46,65.85,28.33,1832.04,100.0,43.4,45.06,31.97,40.53
2010-01-10,Tripura,112.87,251.27,89.29,37.34,1310.22,100.0,2.87,88.43,23.2,55.23
2010-01-11,Mizoram,163.04,266.74,64.79,13.28,669.95,100.0,24.54,42.01,26.63,39.19
2010-01-12,Assam,25.43,33.38,46.28,34.01,3960.89,100.0,20.7,50.66,33.08,29.08
2010-01-13,Manipur,107.38,198.89,100.0,50.25,151.64,100.0,0.54,61.89,19.13,53.94
2010-01-14,Meghalaya,82.0,224.48,81.51,21.35,1281.67,100.0,40.82,58.39,27.57,43.77
2010-01-15,Assam,40.31,143.9,68.29,22.92,3089.05,100.0,5.22,0.0,26.79,31.65
2010-01-16,Manipur,105.98,193.86,63.41,2.42,2106.2,100.0,5.74,39.23,34.71,34.85
2010-01-17,Sikkim,39.84,84.36,59.66,34.3,1289.73,100.0,2.41,52.55,11.15,31.23
2010-01-18,Assam,97.93,174.52,63.23,6.56,3971.32,100.0,10.02,64.8,21.39,40.77
2010-01-19,Tripura,49.74,72.71,67.29,44.07,2495.72,100.0,8.84,10.51,34.74,37.29
2010-01-20,Assam,62.32,174.87,92.09,17.64,1215.87,100.0,17.39,69.13,18.2,50.89
2010-01-21,Arunachal Pradesh,79.02,207.23,100.0,42.51,3399.41,100.0,32.96,45.37,34.14,45.74
2010-01-22,Meghalaya,117.0,210.02,60.35,27.63,643.15,100.0,2.71,48.59,30.42,48.94
2010-01-23,Tripura,46.09,99.11,70.66,32.13,1881.12,100.0,43.01,54.85,18.48,39.78
2010-01-24,Assam,91.65,159.55,81.61,19.75,3366.38,100.0,16.33,54.33,10.73,42.75
2010-01-25,Sikkim,60.99,123.48,58.47,20.71,3935.45,100.0,30.33,0.0,17.01,40.54
2010-01-26,Manipur,55.16,103.34,78.56,10.78,1563.08,100.0,0.6,28.05,13.09,31.34
2010-01-27,Meghalaya,110.35,209.31,88.08,4.39,595.53,100.0,18.29,11.94,20.71,37.07
2010-01-28,Nagaland,60.63,172.4,95.08,25.81,2289.37,100.0,0.1,41.23,33.49,41.03
2010-01-29,Sikkim,55.9,161.19,53.22,39.8,3778.77,100.0,8.27,33.85,22.82,43.43
2010-01-30,Manipur,85.06,144.04,58.1,30.94,2679.17,100.0,22.39,6.67,21.19,35.73
2010-01-31,Tripura,30.12,101.25,61.66,34.81,2428.53,100.0,26.75,17.27,15.39,27.39
2010-02-01,Tripura,62.32,169.32,91.45,29.79,1271.7,100.0,7.65,53.05,25.54,44.93
2010-02-02,Assam,92.89,151.75,77.17,11.93,2445.04,100.0,37.26,38.08,21.38,44.78
2010-02-03,Mizoram,13.32,75.63,40.9,39.8,3544.48,91.6,9.45,15.45,29.32,27.34
2010-02-04,Nagaland,37.37,154.61,97.57,54.82,1533.33,100.0,5.79,41.38,22.9,51.19
2010-02-05,Sikkim,63.3,135.16,62.61,20.16,1006.11,100.0,16.67,38.55,32.16,30.02
2010-02-06,Mizoram,107.46,130.47,52.35,14.5,1949.78,100.0,27.57,36.12,29.58,35.98
2010-02-07,Manipur,195.67,242.82,76.94,44.52,1535.94,100.0,49.45,70.07,13.63,60.41
2010-02-08,Nagaland,48.68,135.45,47.11,9.95,1906.21,100.0,20.94,33.14,13.4,33.53
2010-02-09,Tripura,20.83,85.5,23.39,44.21,428.13,100.0,21.3,52.48,10.61,24.52
2010-02-10,Tripura,23.05,92.09,56.67,27.47,1378.03,100.0,2.97,31.63,19.23,28.73
2010-02-11,Arunachal Pradesh,52.33,148.07,46.29,27.48,3314.86,100.0,38.29,48.54,11.37,31.95
2010-02-12,Sikkim,163.04,235.38,91.78,23.13,1631.27,100.0,9.09,77.2,21.25,58.07
2010-02-13,Arunachal Pradesh,18.5,45.47,63.86,48.0,3873.19,100.0,37.24,69.98,16.03,42.68
2010-02-14,Manipur,70.71,172.98,80.25,30.75,2849.94,100.0,45.53,43.41,22.46,42.39
2010-02-15,Nagaland,93.99,220.42,84.74,28.91,1495.84,100.0,38.41,23.09,13.96,41.27
2010-02-16,Sikkim,45.77,108.39,38.56,58.0,1044.07,100.0,32.12,76.73,23.73,44.15
2010-02-17,Tripura,116.07,166.81,86.05,42.8,2757.2,100.0,30.2,1.09,34.16,39.06
2010-02-18,Nagaland,145.38,281.66,100.0,21.75,1244.66,100.0,22.68,59.45,25.93,53.07
2010-02-19,Meghalaya,28.78,95.22,80.17,29.94,3711.23,100.0,7.23,44.19,24.11,43.59
2010-02-20,Arunachal Pradesh,109.87,172.47,54.54,40.37,509.53,100.0,38.94,48.39,29.7,34.33
2010-02-21,Sikkim,89.51,104.92,59.81,17.01,163.52,100.0,23.87,36.92,10.14,29.47
2010-02-22,Tripura,67.13,173.54,70.47,20.23,923.06,100.0,31.28,11.06,17.06,29.87
2010-02-23,Meghalaya,49.29,99.23,53.88,18.42,2446.15,100.0,18.7,8.12,34.67,25.7
2010-02-24,Manipur,138.42,265.09,93.42,27.69,3348.1,100.0,10.04,24.75,29.57,60.46
2010-02-25,Mizoram,29.5,100.23,92.52,21.12,722.01,100.0,40.33,7.44,12.26,18.69
2010-02-26,Arunachal Pradesh,53.77,84.78,58.57,14.84,2359.66,100.0,17.12,11.83,18.16,25.54
2010-02-27,Meghalaya,102.91,221.07,77.55,9.01,619.4,100.0,43.33,33.07,21.0,38.72
2010-02-28,Assam,82.4,139.21,72.31,54.13,2274.56,100.0,48.29,70.94,33.36,51.98
2010-03-01,Sikkim,132.99,189.67,58.23,32.51,121.82,100.0,41.5,84.35,24.65,50.45
2010-03-02,Sikkim,39.82,44.79,38.22,54.48,2253.34,100.0,6.41,25.15,11.93,26.88
2010-03-03,Mizoram,120.19,230.16,100.0,43.25,2111.01,100.0,42.75,53.14,22.73,59.54
2010-03-04,Manipur,96.78,258.93,94.61,10.29,219.25,100.0,25.97,43.01,17.23,46.41
2010-03-05,Arunachal Pradesh,87.71,183.2,100.0,27.7,2773.2,100.0,12.07,24.38,18.47,41.14
2010-03-06,Assam,34.07,172.44,78.5,40.23,2310.41,100.0,4.66,38.11,12.86,36.76
2010-03-07,Nagaland,102.47,261.65,73.64,32.39,2511.23,100.0,13.93,86.21,21.47,45.57
2010-03-08,Assam,51.0,147.15,45.65,32.57,2142.61,100.0,6.87,64.94,26.74,26.32
2010-03-09,Nagaland,240.44,473.64,100.0,53.1,2901.87,100.0,1.28,100.0,28.99,91.04
2010-03-10,Sikkim,39.53,167.75,57.93,53.39,2123.77,95.49,49.39,64.54,27.38,42.51
2010-03-11,Manipur,37.65,153.62,53.76,23.45,3692.97,100.0,41.58,54.05,26.51,25.67
2010-03-12,Sikkim,101.1,126.28,57.53,19.52,3776.86,100.0,36.95,39.66,31.73,26.23
2010-03-13,Nagaland,10.32,56.01,66.15,40.77,2920.37,100.0,9.65,67.95,18.31,32.63
2010-03-14,Nagaland,47.81,93.97,53.28,33.14,3651.46,100.0,1.39,0.0,15.36,30.26
2010-03-15,Nagaland,78.45,214.53,70.28,9.95,3696.46,100.0,24.26,14.54,12.24,39.4
2010-03-16,Mizoram,74.74,149.81,88.15,40.68,1084.89,100.0,37.08,15.75,14.14,45.32
2010-03-17,Sikkim,20.58,150.96,85.82,29.0,3976.02,100.0,48.14,25.95,13.73,37.9
2010-03-18,Tripura,137.85,260.84,100.0,20.39,1106.38,100.0,42.19,47.34,32.81,48.72
2010-03-19,Manipur,162.44,292.55,100.0,64.36,123.23,100.0,44.68,68.55,14.51,64.58
2010-03-20,Manipur,78.18,152.12,86.31,53.38,3850.79,100.0,11.93,34.83,12.35,56.24
2010-03-21,Nagaland,20.26,73.01,43.33,52.73,933.69,100.0,7.77,47.05,20.01,34.41
2010-03-22,Manipur,14.03,81.8,66.24,39.74,2357.28,100.0,12.39,44.97,14.24,37.73
2010-03-23,Nagaland,38.14,104.57,79.13,23.01,3884.14,100.0,6.93,42.54,13.26,31.92
2010-03-24,Manipur,97.98,178.37,100.0,26.95,245.33,100.0,39.92,56.55,19.06,45.16
2010-03-25,Nagaland,35.74,87.38,60.04,17.41,1113.78,100.0,45.15,14.96,32.98,22.03
2010-03-26,Arunachal Pradesh,32.33,171.34,66.89,11.36,2454.85,100.0,15.37,52.84,10.76,35.17
2010-03-27,Tripura,97.38,275.97,81.93,59.21,3062.1,100.0,43.85,65.75,15.19,54.89
2010-03-28,Meghalaya,65.81,129.88,80.67,60.94,3239.1,100.0,2.75,68.52,30.61,54.31
2010-03-29,Assam,91.44,221.12,74.22,28.84,3541.19,100.0,33.87,33.9,16.13,39.77
2010-03-30,Sikkim,121.12,198.57,81.32,57.3,715.32,82.29,26.37,92.83,21.03,52.23
2010-03-31,Assam,55.24,119.78,50.75,20.83,1511.65,100.0,13.84,42.48,12.46,27.31
2010-04-01,Manipur,70.34,112.01,60.02,8.49,2871.3,100.0,38.41,27.7,29.88,25.91
2010-04-02,Meghalaya,52.52,169.57,80.5,54.8,2875.47,95.54,10.6,30.1,28.41,48.02
2010-04-03,Mizoram,80.2,189.68,81.97,28.02,1266.82,100.0,20.81,64.71,13.2,47.48
2010-04-04,Nagaland,71.61,184.43,87.96,32.29,1251.68,100.0,35.49,22.89,33.7,40.51
2010-04-05,Manipur,97.74,232.14,65.82,18.11,1316.54,100.0,16.91,86.61,24.77,44.54
2010-04-06,Tripura,133.05,214.79,81.21,48.14,3573.72,100.0,42.77,70.2,29.95,56.67
2010-04-07,Tripura,115.67,210.53,75.05,55.29,3642.57,100.0,43.27,32.61,29.09,57.1
2010-04-08,Arunachal Pradesh,28.85,111.08,47.48,38.09,108.57,93.48,10.13,44.41,22.98,26.48
2010-04-09,Manipur,62.7,130.22,54.8,27.03,1333.81,100.0,22.02,75.88,28.69,38.46
2010-04-10,Manipur,49.86,127.57,52.1,29.26,1598.54,100.0,21.6,37.11,15.94,33.58
2010-04-11,Assam,68.16,120.26,69.3,24.22,3930.42,100.0,20.5,26.97,10.53,41.72
2010-04-12,Meghalaya,142.78,317.35,100.0,52.99,3779.46,100.0,25.1,74.45,18.55,61.6
2010-04-13,Nagaland,34.77,139.69,81.07,40.81,2531.88,100.0,3.72,29.28,13.81,48.27
2010-04-14,Manipur,51.56,176.82,80.28,23.27,230.93,100.0,43.5,66.0,34.53,36.63
2010-04-15,Assam,72.28,184.79,79.34,18.99,805.31,100.0,14.5,20.85,33.09,29.49
2010-04-16,Manipur,58.98,94.71,60.13,12.56,1765.11,87.99,0.09,34.39,13.6,28.57
2010-04-17,Assam,46.35,100.35,70.2,14.69,3838.19,100.0,34.26,52.39,18.6,37.93
2010-04-18,Assam,90.74,158.04,40.01,8.47,424.08,100.0,32.52,31.16,22.73,26.45
2010-04-19,Sikkim,78.86,157.99,70.71,26.71,3175.84,100.0,49.16,64.97,19.97,38.03
2010-04-20,Manipur,53.52,172.58,79.27,37.22,805.21,100.0,35.96,42.1,27.5,46.11
2010-04-21,Nagaland,21.42,23.22,71.49,52.61,2056.01,100.0,16.64,16.1,22.59,37.5
2010-04-22,Manipur,110.41,192.28,61.78,62.65,3079.53,100.0,47.63,75.4,24.13,52.74
2010-04-23,Mizoram,49.5,108.47,44.49,11.39,2785.36,100.0,18.27,33.28,26.94,29.0
2010-04-24,Meghalaya,193.91,288.31,63.6,47.07,3114.2,100.0,41.06,43.2,10.59,61.77
2010-04-25,Tripura,150.94,284.6,76.06,23.64,3263.69,100.0,16.78,48.55,10.31,57.43
2010-04-26,Tripura,122.59,220.21,81.77,30.17,1257.68,100.0,2.44,27.61,14.45,42.97
2010-04-27,Tripura,113.54,264.79,82.1,22.22,1487.92,100.0,36.69,47.47,27.96,48.8
2010-04-28,Meghalaya,144.25,255.36,79.89,41.88,3272.18,100.0,17.51,100.0,16.01,69.85
2010-04-29,Assam,135.05,270.93,94.53,13.08,202.64,100.0,16.94,62.81,33.0,44.43
2010-04-30,Tripura,94.46,196.28,87.99,44.42,2082.1,100.0,35.79,64.38,11.96,52.33
2010-05-01,Tripura,103.75,106.36,61.46,19.29,3685.6,100.0,16.1,33.66,24.5,40.42
2010-05-02,Mizoram,161.6,234.99,87.4,23.6,3545.77,100.0,5.9,66.28,10.64,54.52
2010-05-03,Mizoram,91.85,203.12,86.68,14.56,3227.0,100.0,20.23,39.14,34.3,37.92
2010-05-04,Nagaland,43.68,129.03,38.32,17.61,135.12,100.0,41.19,0.0,15.34,16.36
2010-05-05,Meghalaya,135.57,250.6,92.06,64.83,3556.36,100.0,6.51,40.69,24.69,60.99
2010-05-06,Tripura,107.98,265.18,91.91,25.82,3651.07,100.0,27.72,38.45,33.83,45.13
2010-05-07,Sikkim,18.57,98.26,59.54,71.86,2671.5,100.0,6.61,47.33,10.76,37.1
2010-05-08,Sikkim,69.86,217.6,74.76,21.25,1230.71,100.0,2.46,42.9,22.82,33.39
2010-05-09,Assam,57.62,38.05,44.53,8.59,1985.21,100.0,18.94,41.84,23.17,22.88
2010-05-10,Assam,155.97,353.33,100.0,24.58,3062.35,100.0,32.89,65.41,18.79,57.57
2010-05-11,Mizoram,66.06,124.8,89.1,28.2,3261.46,100.0,13.75,40.14,26.36,39.14
2010-05-12,Manipur,41.32,112.97,37.22,56.08,1406.21,100.0,22.29,27.28,23.56,30.3
2010-05-13,Sikkim,141.59,309.86,100.0,54.8,1337.97,100.0,24.57,65.31,16.23,66.73
2010-05-14,Manipur,47.65,36.89,65.65,16.41,2957.92,100.0,42.06,9.49,27.63,21.09
2010-05-15,Arunachal Pradesh,17.91,66.73,34.29,16.02,2761.11,100.0,40.95,4.23,21.65,19.58
2010-05-16,Nagaland,102.24,243.72,86.05,35.63,2077.13,100.0,0.12,0.0,21.76,51.19
2010-05-17,Mizoram,91.99,163.31,76.8,29.19,1710.03,100.0,20.7,17.26,33.8,39.89
2010-05-18,Manipur,83.69,212.08,100.0,11.2,2645.78,100.0,32.8,71.71,23.38,56.23
2010-05-19,Nagaland,98.64,225.02,100.0,37.37,178.11,100.0,42.62,74.49,29.62,52.32
2010-05-20,Mizoram,121.95,239.69,68.88,25.06,348.97,84.18,2.44,29.43,31.68,41.79
2010-05-21,Mizoram,97.04,219.51,79.37,21.12,2313.69,100.0,31.41,32.85,24.52,39.09
2010-05-22,Tripura,54.4,183.39,79.67,64.27,880.6,100.0,42.1,100.0,29.66,55.54
2010-05-23,Mizoram,33.1,123.76,73.1,31.04,3110.4,92.64,12.75,85.5,17.74,45.39
2010-05-24,Arunachal Pradesh,18.78,115.34,66.08,67.12,3100.84,100.0,10.26,59.4,14.55,48.55
2010-05-25,Meghalaya,116.81,189.97,63.77,28.95,2854.35,100.0,23.39,58.43,27.39,42.12
2010-05-26,Sikkim,66.24,172.65,59.64,25.41,3619.23,100.0,48.13,45.94,33.15,36.25
2010-05-27,Assam,51.17,146.33,46.15,11.41,606.3,100.0,34.64,24.06,11.06,17.88
2010-05-28,Sikkim,20.29,125.39,34.77,20.72,1074.0,100.0,21.22,38.43,29.08,24.48
2010-05-29,Nagaland,61.91,96.55,35.85,20.4,1046.58,100.0,1.04,42.46,10.71,30.8
2010-05-30,Mizoram,107.64,254.4,100.0,49.56,3140.44,100.0,27.84,81.27,21.47,56.29
2010-05-31,Assam,95.07,157.44,82.14,13.13,2109.31,100.0,17.44,38.88,26.93,36.99
2010-06-01,Mizoram,40.97,205.08,89.32,62.56,1048.07,100.0,9.29,68.06,20.13,49.73
2010-06-02,Meghalaya,65.13,112.15,59.09,9.65,588.89,100.0,25.01,0.74,17.52,26.32
2010-06-03,Meghalaya,40.91,64.7,52.32,40.63,3577.41,100.0,17.07,20.28,14.67,28.16
2010-06-04,Meghalaya,19.12,67.06,49.38,17.26,2783.91,98.45,1.94,0.0,34.45,20.93
2010-06-05,Mizoram,173.57,352.29,86.65,45.37,2137.67,100.0,36.28,77.38,24.26,56.51
2010-06-06,Manipur,50.21,139.52,77.62,28.45,3863.61,100.0,36.63,26.76,13.2,36.32
2010-06-07,Assam,145.73,335.77,100.0,33.83,3405.88,100.0,30.94,56.51,11.2,60.63
2010-06-08,Meghalaya,66.94,138.39,50.42,13.71,753.58,100.0,42.04,32.42,16.08,30.37
2010-06-09,Manipur,112.03,198.45,62.42,46.98,2057.12,100.0,10.16,59.37,23.47,52.44
2010-06-10,Tripura,115.98,194.6,84.2,18.65,1970.01,100.0,14.31,0.7,28.8,37.26
2010-06-11,Nagaland,87.31,159.92,77.13,13.06,3384.93,100.0,22.93,40.24,34.52,44.11
2010-06-12,Arunachal Pradesh,107.55,155.43,82.08,65.03,638.9,100.0,3.01,50.16,30.85,62.12
2010-06-13,Arunachal Pradesh,110.65,190.03,99.21,61.19,1834.56,100.0,44.18,77.21,25.3,56.67
2010-06-14,Arunachal Pradesh,130.16,196.82,63.49,51.12,2564.34,100.0,24.53,48.84,26.66,51.38
2010-06-15,Arunachal Pradesh,17.8,105.45,59.86,9.32,3783.76,90.97,16.23,12.98,23.05,25.33
2010-06-16,Arunachal Pradesh,46.12,178.39,60.67,22.6,3602.1,100.0,23.9,61.95,20.86,36.63
2010-06-17,Arunachal Pradesh,207.28,369.78,100.0,7.14,2158.7,100.0,16.26,31.25,29.62,51.9
2010-06-18,Mizoram,14.78,45.22,42.6,25.79,2446.55,100.0,14.31,17.15,14.43,26.99
2010-06-19,Assam,55.77,163.43,94.29,39.89,3416.99,100.0,22.4,27.77,18.35,50.33
2010-06-20,Nagaland,81.47,170.64,90.7,44.86,2990.33,100.0,24.1,40.14,34.47,41.73
2010-06-21,Manipur,96.57,235.45,85.97,27.14,3523.38,100.0,21.67,80.76,24.29,54.11
2010-06-22,Assam,144.63,229.13,53.48,15.67,3588.93,100.0,27.4,16.52,22.46,36.45
2010-06-23,Nagaland,95.91,158.83,77.66,30.37,3338.71,100.0,39.17,35.98,31.27,44.72
2010-06-24,Meghalaya,147.48,300.27,100.0,17.18,87.04,100.0,2.86,64.36,29.05,53.7
2010-06-25,Tripura,55.25,132.07,52.41,55.91,1278.19,100.0,40.58,46.69,18.15,42.06
2010-06-26,Sikkim,8.82,100.3,72.52,35.02,1643.89,80.08,11.43,45.37,25.65,36.85
2010-06-27,Tripura,131.5,212.91,68.29,31.18,2727.77,100.0,12.6,36.2,14.63,45.26
2010-06-28,Manipur,66.06,166.44,85.7,53.68,1262.1,100.0,29.97,51.35,11.32,46.14
2010-06-29,Tripura,38.19,129.14,69.44,40.82,1328.05,100.0,48.78,38.19,34.75,42.51
2010-06-30,Nagaland,168.69,241.55,66.41,12.57,1630.8,100.0,0.87,36.72,28.43,45.64
2010-07-01,Mizoram,40.55,110.69,56.72,22.52,3823.57,100.0,33.66,55.8,33.27,37.56
2010-07-02,Sikkim,56.78,54.52,53.07,35.59,1776.77,100.0,34.84,21.12,30.8,29.41
2010-07-03,Meghalaya,83.66,234.28,91.36,20.38,605.66,100.0,28.68,49.82,20.7,41.94
2010-07-04,Manipur,77.55,113.62,78.22,36.98,75.11,100.0,0.48,59.05,31.54,47.05
2010-07-05,Arunachal Pradesh,51.41,119.56,81.28,47.19,984.62,100.0,30.32,56.59,29.67,37.59
2010-07-06,Mizoram,117.09,225.43,81.51,22.61,3758.3,100.0,5.75,38.44,16.46,47.73
2010-07-07,Mizoram,41.65,73.99,63.19,15.28,3822.22,100.0,3.9,52.04,25.58,32.94
2010-07-08,Assam,139.78,333.63,100.0,8.45,2139.56,100.0,34.8,50.82,17.63,55.81
2010-07-09,Sikkim,184.73,299.42,84.6,39.94,2603.14,100.0,35.01,77.32,15.85,69.57
2010-07-10,Assam,92.21,177.53,66.39,20.95,3193.88,100.0,44.5,27.66,12.04,41.36
2010-07-11,Meghalaya,93.5,162.67,47.71,47.04,270.76,100.0,0.17,61.5,23.58,50.23
2010-07-12,Mizoram,40.41,82.7,47.07,12.51,1528.51,100.0,18.94,37.98,19.81,20.8
2010-07-13,Tripura,217.17,371.4,100.0,34.45,2586.88,100.0,0.61,49.04,12.2,52.39
2010-07-14,Meghalaya,35.73,131.72,34.6,34.03,3598.1,98.77,18.23,67.34,27.96,38.12
2010-07-15,Arunachal Pradesh,85.62,184.83,83.52,8.1,2920.98,100.0,24.58,55.11,28.08,44.14
2010-07-16,Tripura,154.29,251.1,83.13,24.23,1432.74,100.0,26.49,36.44,15.88,46.21
2010-07-17,Tripura,46.95,120.17,63.09,31.05,3644.43,100.0,17.8,9.25,33.9,31.43
2010-07-18,Assam,78.17,112.57,44.98,32.01,2675.25,100.0,36.27,33.72,29.45,36.22
2010-07-19,Mizoram,41.94,160.25,70.52,42.06,3329.43,100.0,20.78,45.07,30.13,48.99
2010-07-20,Arunachal Pradesh,116.43,204.4,100.0,47.06,1572.75,100.0,25.86,41.94,10.09,54.08
2010-07-21,Mizoram,139.25,240.78,82.16,16.55,58.53,100.0,40.0,32.96,34.46,46.36
2010-07-22,Arunachal Pradesh,38.54,29.96,12.8,40.39,706.37,100.0,8.72,49.8,34.76,30.96
2010-07-23,Sikkim,16.56,54.57,69.12,22.52,3712.35,100.0,16.04,58.73,22.68,36.42
2010-07-24,Nagaland,5.18,125.07,73.15,24.56,180.84,100.0,26.07,50.42,34.63,36.21
2010-07-25,Arunachal Pradesh,47.77,146.12,70.64,16.24,2404.36,100.0,38.38,57.77,25.3,31.83
2010-07-26,Nagaland,80.02,214.4,91.4,35.29,1666.05,100.0,21.27,49.19,13.35,43.63
2010-07-27,Assam,158.91,293.03,99.84,50.08,1746.84,100.0,3.64,33.6,30.36,57.07
2010-07-28,Nagaland,92.13,83.39,81.33,44.84,1633.23,100.0,49.44,29.73,23.95,42.48
2010-07-29,Meghalaya,75.14,165.5,84.38,30.18,316.33,100.0,35.4,27.17,18.56,44.37
2010-07-30,Sikkim,121.07,239.65,81.08,12.89,533.21,100.0,36.14,60.1,15.9,45.98
2010-07-31,Tripura,110.89,252.16,100.0,20.93,298.61,100.0,23.26,3.66,22.97,28.95
2010-08-01,Arunachal Pradesh,66.23,147.88,96.88,25.87,262.94,100.0,27.35,40.78,27.29,54.12
2010-08-02,Assam,27.22,59.96,65.65,44.89,388.16,100.0,49.7,35.37,31.93,34.1
2010-08-03,Tripura,127.89,237.87,93.68,29.65,2801.64,100.0,29.76,55.84,24.97,58.24
2010-08-04,Mizoram,92.3,174.76,62.14,32.0,501.11,100.0,10.95,24.39,20.38,40.28
2010-08-05,Arunachal Pradesh,26.06,110.04,72.29,31.19,1082.9,100.0,48.22,59.9,25.8,27.61
2010-08-06,Arunachal Pradesh,95.96,190.07,83.83,54.74,2644.95,100.0,26.89,59.92,22.42,55.94
2010-08-07,Nagaland,51.74,88.0,57.2,9.05,493.45,100.0,1.03,0.82,26.3,17.85
2010-08-08,Nagaland,157.08,308.3,100.0,14.73,3645.51,100.0,28.67,28.58,25.22,54.07
2010-08-09,Arunachal Pradesh,43.23,85.3,58.37,26.32,1936.06,100.0,3.52,23.1,34.47,33.84
2010-08-10,Manipur,131.07,233.97,95.02,29.03,3854.08,100.0,26.38,58.6,25.56,59.16
2010-08-11,Arunachal Pradesh,168.61,284.36,100.0,39.06,810.42,100.0,41.27,42.76,27.28,53.97
2010-08-12,Meghalaya,61.16,151.24,50.28,9.81,170.97,100.0,26.94,42.14,32.31,16.02
2010-08-13,Sikkim,79.58,114.52,47.53,9.38,2381.61,100.0,18.67,25.26,32.83,28.32
2010-08-14,Mizoram,102.9,205.63,67.44,43.95,1348.52,100.0,44.13,82.27,13.52,52.19
2010-08-15,Meghalaya,92.45,231.9,100.0,21.33,2310.94,100.0,46.38,32.12,21.35,44.36
2010-08-16,Manipur,23.54,89.15,67.33,43.89,1920.92,100.0,17.37,39.74,33.57,36.37
2010-08-17,Manipur,61.25,115.18,73.94,28.19,1855.77,100.0,24.95,53.17,33.99,36.55
2010-08-18,Manipur,140.27,245.78,100.0,43.87,3412.15,100.0,49.15,39.68,14.75,60.08
2010-08-19,Meghalaya,67.33,162.83,56.87,28.83,807.74,100.0,8.91,22.26,21.09,41.85
2010-08-20,Mizoram,169.28,326.34,74.69,12.87,2023.56,100.0,14.91,25.88,16.97,47.24
2010-08-21,Assam,137.51,316.42,100.0,27.59,1693.22,100.0,21.42,67.18,29.77,59.94
2010-08-22,Mizoram,68.62,87.9,71.04,46.38,2711.39,100.0,5.04,13.08,31.3,45.2
2010-08-23,Assam,58.25,147.91,66.62,21.13,248.02,100.0,13.6,41.08,21.73,29.7
2010-08-24,Arunachal Pradesh,34.21,108.74,41.2,24.78,2141.21,100.0,27.23,19.3,26.89,22.71
2010-08-25,Tripura,35.66,100.82,46.59,21.34,1940.24,100.0,11.42,16.89,31.75,32.69
2010-08-26,Meghalaya,67.29,165.15,55.34,37.79,3895.64,100.0,34.31,7.61,27.74,33.87
2010-08-27,Arunachal Pradesh,52.45,119.5,54.71,45.76,3035.5,100.0,17.38,42.79,13.91,38.82
2010-08-28,Sikkim,71.43,117.19,46.05,21.26,662.17,100.0,4.49,17.41,27.8,31.31
2010-08-29,Manipur,131.38,255.62,93.32,29.02,2061.4,100.0,38.23,45.74,13.97,45.82
2010-08-30,Manipur,91.52,213.26,74.44,15.71,3145.76,100.0,28.37,35.08,26.34,39.66
2010-08-31,Meghalaya,123.3,233.06,96.11,39.35,2122.05,100.0,41.24,87.56,18.34,57.92
2010-09-01,Sikkim,71.52,199.66,65.28,22.39,1458.97,100.0,18.01,22.84,11.41,26.47
2010-09-02,Nagaland,91.67,178.01,79.43,47.22,1537.79,100.0,0.97,61.49,15.66,50.48
2010-09-03,Meghalaya,67.29,169.36,73.31,63.58,1499.67,100.0,2.33,51.83,21.71,42.93
2010-09-04,Meghalaya,68.49,89.47,63.83,22.11,128.82,100.0,39.77,41.67,34.85,28.76
2010-09-05,Meghalaya,180.42,410.32,100.0,23.14,2935.85,100.0,20.53,58.91,16.39,61.1
2010-09-06,Assam,55.83,124.64,74.58,33.43,2462.99,100.0,48.82,74.72,34.47,30.74
2010-09-07,Nagaland,99.67,179.98,88.46,47.14,1111.28,100.0,41.52,50.37,19.11,46.43
2010-09-08,Assam,46.08,108.49,69.83,12.68,2538.59,100.0,0.81,29.21,34.0,24.73
2010-09-09,Sikkim,176.88,277.37,99.94,37.15,1269.48,100.0,43.5,80.09,33.9,52.67
2010-09-10,Manipur,40.8,64.46,42.89,35.58,1011.36,100.0,10.64,27.05,13.57,29.08
2010-09-11,Mizoram,43.59,117.02,76.17,11.11,2977.55,100.0,24.31,47.9,30.72,38.85
2010-09-12,Mizoram,140.89,265.9,82.73,31.71,3245.98,100.0,25.31,76.32,22.93,59.42
2010-09-13,Nagaland,104.12,215.13,78.65,16.87,2521.55,100.0,2.99,28.86,27.16,38.7
2010-09-14,Manipur,67.31,149.61,57.0,33.29,3147.38,100.0,6.28,57.71,29.4,35.68
2010-09-15,Sikkim,114.2,217.98,70.36,46.62,1494.52,100.0,21.15,35.91,13.11,46.76
2010-09-16,Mizoram,75.82,115.61,58.37,46.1,333.62,100.0,32.13,48.81,29.97,42.67
2010-09-17,Arunachal Pradesh,57.55,116.83,59.87,32.31,2439.3,100.0,13.22,24.73,17.57,37.58
2010-09-18,Assam,65.33,154.45,58.69,73.09,1061.11,96.2,26.32,60.64,28.31,43.43
2010-09-19,Manipur,164.09,274.58,95.25,40.9,3121.04,100.0,18.96,71.62,24.34,59.41
2010-09-20,Meghalaya,129.61,256.1,93.57,23.69,1464.52,100.0,31.52,69.98,27.12,46.9
2010-09-21,Arunachal Pradesh,101.26,196.48,71.12,12.64,2699.16,100.0,21.22,0.0,25.57,21.75
2010-09-22,Meghalaya,84.04,170.34,100.0,32.86,2233.82,100.0,42.58,26.02,30.26,49.08
2010-09-23,Mizoram,61.41,150.4,75.07,14.55,3279.06,100.0,49.19,59.44,32.36,39.92
2010-09-24,Manipur,59.35,158.43,73.46,30.11,3337.61,100.0,45.65,40.9,21.23,46.8
2010-09-25,Manipur,126.03,267.37,83.33,57.55,319.78,100.0,8.43,64.88,19.8,63.75
2010-09-26,Assam,28.37,171.88,76.44,44.33,1215.71,100.0,22.86,69.21,16.05,43.26
2010-09-27,Mizoram,20.5,115.3,66.67,27.39,3489.97,100.0,22.94,0.0,30.35,35.37
2010-09-28,Tripura,112.01,158.8,71.71,18.58,1645.76,91.32,42.02,15.25,34.18,35.17
2010-09-29,Tripura,54.45,88.32,78.94,28.23,2083.73,100.0,17.86,52.75,14.88,39.72
2010-09-30,Assam,140.65,249.98,64.47,15.15,774.21,100.0,27.48,8.96,21.45,35.55
2010-10-01,Meghalaya,132.55,218.31,77.96,8.1,2233.11,100.0,30.46,36.6,29.26,41.33
2010-10-02,Meghalaya,81.94,188.52,88.41,19.61,1095.23,100.0,5.58,0.0,25.9,39.72
2010-10-03,Tripura,132.52,268.65,80.28,21.11,3325.47,100.0,27.9,36.64,30.38,51.11
2010-10-04,Meghalaya,135.45,233.83,63.57,45.56,840.97,100.0,12.34,78.71,10.4,41.05
2010-10-05,Nagaland,154.29,329.02,98.02,54.72,1471.43,100.0,10.33,33.05,32.78,65.04
2010-10-06,Mizoram,59.54,197.48,95.16,9.37,425.54,100.0,12.52,28.04,11.53,29.21
2010-10-07,Nagaland,16.87,2.84,27.47,71.52,2372.53,100.0,4.97,63.79,21.14,34.98
2010-10-08,Arunachal Pradesh,3.93,0.0,34.65,8.26,3770.79,100.0,3.49,0.0,16.89,8.36
2010-10-09,Nagaland,132.66,292.89,100.0,17.31,733.97,100.0,32.34,54.51,33.2,45.7
2010-10-10,Manipur,76.9,200.14,71.34,36.88,127.96,100.0,47.05,84.76,16.88,50.59
2010-10-11,Meghalaya,36.02,124.14,58.23,30.78,1718.73,100.0,34.4,52.34,19.33,35.71
2010-10-12,Assam,87.2,181.23,66.47,29.07,3006.24,100.0,15.59,46.89,32.21,43.31
2010-10-13,Mizoram,74.53,157.67,63.02,61.48,3901.65,100.0,16.75,88.6,23.44,63.35
2010-10-14,Mizoram,81.93,194.37,61.43,9.69,252.55,100.0,27.07,37.21,32.46,28.45
2010-10-15,Mizoram,69.31,161.02,68.35,40.28,3154.55,100.0,43.32,43.57,26.52,43.26
2010-10-16,Arunachal Pradesh,119.33,281.3,100.0,48.31,1506.26,100.0,10.12,41.18,11.98,61.92
2010-10-17,Mizoram,36.84,78.01,79.35,44.6,657.24,100.0,23.43,57.09,20.87,43.4
2010-10-18,Manipur,73.29,160.66,90.88,26.16,809.61,100.0,24.95,80.0,14.41,47.14
2010-10-19,Tripura,50.72,161.69,74.4,62.86,3699.34,100.0,46.56,14.88,11.63,50.38
2010-10-20,Arunachal Pradesh,108.9,219.93,100.0,45.69,3246.96,100.0,26.81,38.02,19.35,58.13
2010-10-21,Meghalaya,47.82,148.65,100.0,11.46,1281.33,100.0,39.04,28.91,32.71,37.09
2010-10-22,Assam,29.4,120.45,66.81,58.28,3763.75,100.0,4.39,33.7,12.94,37.48
2010-10-23,Meghalaya,97.76,179.65,61.07,48.23,465.75,100.0,16.35,68.05,10.17,46.68
2010-10-24,Nagaland,91.95,147.1,89.1,19.23,1324.02,100.0,30.57,46.69,33.38,45.42
2010-10-25,Sikkim,23.01,54.61,32.87,45.72,2629.04,100.0,33.88,46.4,23.25,27.74
2010-10-26,Sikkim,141.86,219.44,70.59,37.02,3997.71,100.0,44.26,87.19,23.96,51.33
2010-10-27,Mizoram,94.71,117.83,32.33,46.62,1889.28,100.0,29.52,51.57,33.21,39.31
2010-10-28,Nagaland,61.89,186.51,88.21,23.19,3252.32,100.0,14.48,29.5,27.5,46.45
2010-10-29,Arunachal Pradesh,11.6,0.0,5.27,43.58,3667.67,100.0,26.95,8.8,30.67,17.69
2010-10-30,Sikkim,125.06,312.05,100.0,27.08,88.03,100.0,35.58,64.29,29.26,47.72
2010-10-31,Meghalaya,91.58,166.26,100.0,10.27,1191.32,100.0,39.22,9.32,25.3,26.4
2010-11-01,Mizoram,108.12,201.05,100.0,25.61,446.42,100.0,47.23,57.75,27.21,41.44
2010-11-02,Tripura,95.9,133.25,47.66,30.69,3115.44,100.0,9.54,29.1,24.02,42.07
2010-11-03,Sikkim,18.12,92.56,30.56,31.92,2289.85,100.0,33.05,0.0,18.88,19.05
2010-11-04,Arunachal Pradesh,65.3,137.52,57.87,13.68,427.46,100.0,10.02,50.9,17.13,26.53
2010-11-05,Meghalaya,127.02,242.97,100.0,12.72,1711.86,100.0,15.89,52.05,14.4,45.82
2010-11-06,Meghalaya,25.73,57.1,69.48,5.14,2080.18,100.0,7.14,34.25,18.85,24.34
2010-11-07,Arunachal Pradesh,72.34,177.75,85.52,66.7,2806.12,100.0,38.65,30.05,24.42,54.47
2010-11-08,Assam,32.05,65.11,60.94,21.49,3128.96,100.0,45.7,53.91,24.69,25.02
2010-11-09,Meghalaya,118.2,230.45,100.0,47.42,397.1,100.0,1.5,93.9,27.09,50.5
2010-11-10,Mizoram,76.72,183.55,69.54,28.96,1976.2,100.0,40.68,23.29,31.99,42.94
2010-11-11,Nagaland,115.22,280.89,84.51,32.52,686.44,100.0,12.09,62.19,26.3,52.77
2010-11-12,Manipur,109.84,247.0,71.56,23.93,3025.36,100.0,24.35,38.84,14.27,38.71
2010-11-13,Arunachal Pradesh,174.49,315.33,100.0,30.18,2647.79,100.0,37.41,48.4,10.64,63.55
2010-11-14,Assam,168.65,302.66,97.84,20.92,2905.85,100.0,25.34,56.18,14.92,46.11
2010-11-15,Meghalaya,26.53,102.34,72.84,26.25,346.23,100.0,11.56,21.59,32.7,34.38
2010-11-16,Nagaland,103.39,235.75,80.39,31.15,2065.78,100.0,45.31,45.71,24.19,51.04
2010-11-17,Tripura,182.87,294.53,100.0,55.46,3370.29,80.21,29.68,100.0,31.22,79.25
2010-11-18,Assam,94.24,227.49,79.74,67.08,2867.7,100.0,46.56,40.56,15.86,47.75
2010-11-19,Arunachal Pradesh,194.38,304.1,98.38,11.87,3453.9,100.0,42.33,53.11,27.75,55.4
2010-11-20,Meghalaya,67.95,170.18,73.02,30.74,864.11,100.0,43.83,88.33,28.29,34.72
2010-11-21,Tripura,135.97,275.61,69.62,44.98,1183.26,100.0,18.09,61.07,30.24,60.06
2010-11-22,Meghalaya,179.89,292.97,96.49,41.32,1793.05,100.0,49.37,74.32,23.39,64.14
2010-11-23,Manipur,40.87,49.61,58.35,15.02,2116.87,100.0,42.62,7.31,29.84,24.07
2010-11-24,Manipur,70.84,145.68,54.31,27.44,1046.04,100.0,16.88,20.81,33.39,28.93
2010-11-25,Tripura,181.4,216.9,100.0,34.64,1555.89,100.0,44.82,22.2,33.93,51.12
2010-11-26,Arunachal Pradesh,87.61,174.29,74.93,22.22,2763.82,100.0,37.76,40.38,13.14,40.09
2010-11-27,Nagaland,120.13,180.26,66.65,29.4,2599.26,100.0,36.26,79.37,25.61,53.15
2010-11-28,Nagaland,135.23,377.38,100.0,61.4,486.37,100.0,0.31,91.18,12.84,71.23
2010-11-29,Mizoram,55.44,175.51,95.66,46.41,3943.53,100.0,1.13,54.17,33.06,49.46
2010-11-30,Sikkim,123.06,237.47,75.12,49.57,2272.84,100.0,34.74,50.25,33.88,48.23
2010-12-01,Sikkim,104.92,260.68,96.61,40.1,1960.07,100.0,13.93,46.27,22.49,54.73
2010-12-02,Manipur,52.69,157.23,84.69,23.82,3870.63,100.0,2.93,20.92,34.0,43.79
2010-12-03,Manipur,61.58,95.83,67.48,22.63,604.3,100.0,14.3,16.6,29.16,35.85
2010-12-04,Meghalaya,182.57,298.83,91.33,45.54,2197.51,88.67,41.9,72.81,27.4,58.44
2010-12-05,Arunachal Pradesh,42.5,154.93,83.57,35.19,3230.06,100.0,23.53,91.71,24.52,44.86
2010-12-06,Meghalaya,130.78,207.75,83.89,48.97,1625.67,100.0,30.78,72.54,20.17,58.14
2010-12-07,Mizoram,92.47,204.52,55.1,19.41,2958.4,100.0,40.03,29.88,34.09,33.58
2010-12-08,Mizoram,136.5,281.74,100.0,17.98,3601.69,100.0,16.17,31.85,14.93,52.59
2010-12-09,Assam,128.26,231.97,77.19,32.47,1083.53,100.0,0.56,32.74,30.06,47.57
2010-12-10,Meghalaya,83.46,181.28,73.62,57.03,1003.77,100.0,16.17,100.0,19.19,49.94
2010-12-11,Arunachal Pradesh,55.57,166.63,77.97,14.64,1474.71,100.0,47.83,52.24,28.83,41.57
2010-12-12,Sikkim,166.6,331.26,98.27,53.09,1702.84,86.82,24.11,77.9,14.09,66.04
2010-12-13,Assam,150.95,294.36,100.0,18.53,488.63,100.0,28.49,71.62,19.33,48.81
2010-12-14,Tripura,96.55,194.31,62.3,35.22,963.59,89.52,38.02,61.16,33.65,47.68
2010-12-15,Arunachal Pradesh,88.21,205.81,72.55,48.47,3499.25,100.0,5.75,11.39,23.93,54.92
2010-12-16,Manipur,37.63,25.59,63.5,50.23,2288.03,100.0,36.7,16.93,22.28,34.1
2010-12-17,Mizoram,133.32,309.0,100.0,49.18,1107.89,100.0,14.89,88.62,28.8,58.09
2010-12-18,Manipur,172.73,303.79,84.91,49.67,3777.2,100.0,19.41,100.0,20.43,60.64
2010-12-19,Nagaland,37.14,76.32,56.44,38.58,3108.53,100.0,13.47,63.74,22.33,37.72
2010-12-20,Manipur,42.52,137.76,73.58,62.79,1481.6,100.0,7.68,54.34,24.02,58.6
2010-12-21,Nagaland,56.18,157.13,47.64,15.12,3073.5,100.0,18.07,43.76,34.75,35.24
2010-12-22,Arunachal Pradesh,57.38,97.01,84.22,22.02,2404.41,100.0,4.73,11.82,30.13,31.32
2010-12-23,Arunachal Pradesh,82.5,176.46,100.0,33.38,2751.08,100.0,42.24,53.11,11.0,46.16
2010-12-24,Nagaland,77.84,168.26,75.45,11.93,1319.72,100.0,15.3,38.07,29.59,31.41
2010-12-25,Assam,34.81,101.09,57.22,36.69,877.51,100.0,32.68,38.7,22.57,33.5
2010-12-26,Nagaland,176.36,379.5,100.0,18.37,1051.64,100.0,14.83,70.76,15.77,50.51
2010-12-27,Mizoram,42.55,113.02,76.0,24.02,380.75,100.0,10.54,36.66,31.34,34.81
2010-12-28,Sikkim,80.13,165.0,79.79,5.33,1910.6,100.0,35.68,0.0,16.76,30.58
2010-12-29,Meghalaya,50.8,98.99,63.39,59.74,1654.62,100.0,31.2,37.77,18.01,48.84
2010-12-30,Arunachal Pradesh,151.54,244.31,100.0,27.32,60.03,100.0,10.91,34.63,11.57,52.37
2010-12-31,Assam,64.57,162.53,89.47,52.32,3432.65,100.0,30.6,49.48,34.44,54.4
2011-01-01,Tripura,90.8,167.41,59.08,17.55,2743.38,100.0,0.25,41.79,29.88,42.14
2011-01-02,Mizoram,181.3,314.43,100.0,6.88,1814.63,100.0,8.85,53.38,13.7,54.49
2011-01-03,Meghalaya,67.93,159.83,89.24,13.09,3869.73,100.0,36.39,28.33,22.24,40.9
2011-01-04,Assam,99.0,201.05,84.38,31.8,3765.14,100.0,20.51,43.72,18.42,49.06
2011-01-05,Sikkim,46.58,125.27,74.04,53.42,425.63,100.0,10.18,2.2,10.81,31.5
2011-01-06,Sikkim,79.21,174.07,70.2,18.76,2479.8,100.0,25.3,58.13,33.18,42.47
2011-01-07,Arunachal Pradesh,116.12,249.16,71.77,33.17,3277.24,100.0,23.26,55.0,30.99,48.64
2011-01-08,Assam,36.59,210.52,100.0,35.57,733.16,100.0,31.7,45.45,34.67,50.41
2011-01-09,Mizoram,69.22,203.0,60.51,43.4,555.45,100.0,3.63,46.01,16.06,37.91
2011-01-10,Nagaland,101.23,187.35,100.0,20.2,1076.12,100.0,40.97,9.16,27.49,32.52
2011-01-11,Arunachal Pradesh,21.72,131.2,65.26,31.06,1154.7,100.0,2.91,78.14,12.95,41.48
2011-01-12,Meghalaya,113.47,178.05,94.32,54.64,3861.69,100.0,22.69,42.17,20.78,43.59
2011-01-13,Tripura,95.83,171.1,74.56,22.36,3132.89,100.0,35.52,6.5,31.17,42.39
2011-01-14,Manipur,59.18,167.04,87.47,31.39,285.96,100.0,17.24,38.85,10.2,44.12
2011-01-15,Arunachal Pradesh,86.15,206.26,87.99,6.51,3156.6,100.0,45.51,34.56,22.02,36.65
2011-01-16,Mizoram,180.25,344.43,98.85,31.4,720.08,100.0,37.76,82.68,20.87,58.99
2011-01-17,Manipur,29.14,70.09,56.03,22.66,1461.11,100.0,21.3,25.46,27.27,21.61
2011-01-18,Meghalaya,82.5,150.42,67.94,19.89,1308.15,100.0,9.19,29.86,15.95,31.99
2011-01-19,Mizoram,151.38,282.31,100.0,47.44,1125.91,100.0,2.17,46.63,14.33,60.01
2011-01-20,Sikkim,47.86,111.69,64.46,49.6,1269.59,100.0,40.08,16.03,26.27,38.55
2011-01-21,Sikkim,64.33,182.03,80.7,64.03,3029.1,100.0,9.71,33.7,26.03,48.82
2011-01-22,Arunachal Pradesh,138.95,247.33,74.08,35.12,1102.89,100.0,13.48,63.35,28.79,48.68
2011-01-23,Assam,83.43,162.87,53.4,47.16,3212.86,100.0,0.52,59.0,16.17,47.53
2011-01-24,Mizoram,55.51,68.23,54.71,19.09,409.52,100.0,0.91,45.68,10.41,33.48
2011-01-25,Nagaland,34.37,136.56,70.04,44.08,2400.92,100.0,11.52,42.28,31.95,40.58
2011-01-26,Manipur,126.87,253.2,74.87,55.45,3458.85,100.0,43.64,93.28,15.16,61.84
2011-01-27,Nagaland,193.22,248.39,98.25,21.22,363.22,100.0,39.04,26.98,20.45,48.76
2011-01-28,Arunachal Pradesh,92.5,206.55,90.54,17.2,2557.81,100.0,38.49,30.51,21.71,31.8
2011-01-29,Sikkim,123.17,218.71,86.08,2.99,2070.89,100.0,41.35,31.26,14.68,43.45
2011-01-30,Tripura,58.82,169.26,74.09,44.48,1361.17,100.0,9.33,46.88,23.02,31.53
2011-01-31,Meghalaya,41.66,108.29,42.65,9.45,447.66,100.0,48.95,9.08,32.86,14.56
2011-02-01,Assam,29.56,62.16,33.17,57.87,2722.12,100.0,11.61,25.28,16.78,34.97
2011-02-02,Meghalaya,110.18,284.43,100.0,59.28,1272.04,95.45,7.5,21.06,23.01,52.76
2011-02-03,Mizoram,152.21,341.2,95.82,18.77,1388.73,100.0,14.73,84.86,17.72,56.79
2011-02-04,Arunachal Pradesh,70.94,148.98,58.43,47.51,2884.49,100.0,26.52,48.98,34.52,49.99
2011-02-05,Assam,121.69,247.44,93.67,13.78,3784.15,100.0,6.22,34.41,15.51,39.95
2011-02-06,Arunachal Pradesh,79.47,150.84,100.0,30.87,1367.87,100.0,36.93,24.65,12.73,42.26
2011-02-07,Arunachal Pradesh,114.24,153.11,64.66,34.12,2999.6,100.0,18.58,44.21,13.57,36.29
2011-02-08,Arunachal Pradesh,67.6,204.11,100.0,36.69,3828.61,99.55,28.42,45.57,19.18,47.49
2011-02-09,Meghalaya,13.55,38.41,46.54,21.99,436.42,100.0,36.71,59.45,23.82,20.81
2011-02-10,Mizoram,49.31,174.91,83.44,20.36,2140.35,100.0,45.09,27.95,26.7,27.69
2011-02-11,Mizoram,57.43,164.03,87.2,28.17,94.1,100.0,40.97,34.2,24.06,42.83
2011-02-12,Manipur,78.49,179.23,91.33,6.31,3309.45,100.0,26.87,46.36,32.64,41.05
2011-02-13,Tripura,106.92,208.74,86.83,38.02,1183.22,100.0,49.56,63.14,19.01,54.85
2011-02-14,Manipur,24.22,114.39,59.43,19.66,1364.43,100.0,26.49,7.17,27.81,21.33
2011-02-15,Manipur,32.54,61.59,64.74,42.96,2764.78,100.0,26.8,48.28,16.7,42.31
2011-02-16,Meghalaya,73.66,213.86,89.13,10.96,3167.26,100.0,7.92,61.09,27.04,45.69
2011-02-17,Nagaland,163.62,301.16,93.69,23.62,1629.96,100.0,7.44,80.81,33.15,50.78
2011-02-18,Assam,100.66,260.79,100.0,9.96,2678.8,100.0,8.44,16.44,34.46,37.94
2011-02-19,Tripura,33.58,95.48,65.96,34.6,3827.6,100.0,29.59,36.19,28.24,30.66
2011-02-20,Assam,23.59,91.08,46.98,61.6,3553.26,100.0,20.76,28.13,33.56,39.68
2011-02-21,Meghalaya,66.97,161.02,59.21,9.29,2820.11,100.0,19.29,47.93,27.01,35.13
2011-02-22,Arunachal Pradesh,71.8,180.75,100.0,23.06,3775.1,100.0,6.38,42.69,34.08,53.33
2011-02-23,Arunachal Pradesh,140.75,333.56,99.32,20.56,3509.96,100.0,19.05,77.67,32.45,53.22
2011-02-24,Mizoram,32.79,81.66,67.63,24.66,2929.59,100.0,18.9,41.19,12.67,35.71
2011-02-25,Meghalaya,105.25,202.76,86.21,20.41,3673.13,100.0,31.04,22.3,21.85,44.24
2011-02-26,Nagaland,34.42,100.86,70.96,21.62,3278.69,100.0,19.42,32.53,18.69,29.45
2011-02-27,Nagaland,156.29,191.81,100.0,18.23,2033.9,100.0,20.94,23.32,10.67,50.93
2011-02-28,Assam,138.88,236.12,100.0,46.54,2034.01,100.0,13.63,35.41,21.67,54.06
2011-03-01,Manipur,133.74,231.02,98.74,7.88,84.72,100.0,6.58,26.79,13.71,43.02
2011-03-02,Assam,135.22,358.36,100.0,42.55,169.49,100.0,15.0,70.95,10.91,59.86
2011-03-03,Manipur,62.33,153.83,60.8,9.64,2997.6,100.0,2.14,10.85,21.13,27.97
2011-03-04,Manipur,165.93,318.63,100.0,7.12,2241.34,100.0,10.19,47.88,15.81,54.22
2011-03-05,Sikkim,72.42,99.89,59.35,52.52,3055.78,100.0,16.25,19.27,33.38,43.87
2011-03-06,Arunachal Pradesh,105.66,205.98,79.6,31.34,3801.17,100.0,7.28,8.26,30.32,50.48
2011-03-07,Sikkim,168.7,340.49,100.0,37.93,1837.5,100.0,33.25,98.71,33.9,62.58
2011-03-08,Manipur,19.81,180.38,78.95,46.21,399.36,100.0,14.04,42.99,32.04,38.53
2011-03-09,Arunachal Pradesh,143.4,237.73,100.0,4.34,2524.91,100.0,30.78,31.9,28.2,39.07
2011-03-10,Meghalaya,108.59,140.26,76.15,6.96,443.95,100.0,32.19,20.19,24.94,29.74
2011-03-11,Arunachal Pradesh,120.49,199.71,60.29,13.14,2504.15,100.0,22.36,46.74,11.64,36.18
2011-03-12,Arunachal Pradesh,43.43,84.29,46.96,41.39,2134.57,100.0,22.46,42.37,16.65,35.55
2011-03-13,Mizoram,44.56,86.36,57.43,21.54,2863.26,100.0,29.07,47.23,27.77,35.84
2011-03-14,Manipur,80.19,206.59,96.7,31.81,1436.29,100.0,13.12,52.18,20.03,51.81
2011-03-15,Meghalaya,79.95,183.64,53.92,35.98,618.25,100.0,1.06,45.91,18.13,45.38
2011-03-16,Assam,60.51,95.62,66.53,30.05,983.03,100.0,32.25,54.8,12.6,38.53
2011-03-17,Tripura,155.74,340.26,100.0,59.81,2750.36,100.0,30.43,66.48,11.75,66.52
2011-03-18,Meghalaya,3.77,131.38,79.51,46.68,1938.75,100.0,23.82,45.4,15.25,31.05
2011-03-19,Manipur,69.02,85.33,55.86,47.28,2186.23,100.0,43.79,37.13,30.86,40.04
2011-03-20,Nagaland,26.75,137.23,83.18,32.87,1325.84,100.0,25.43,67.53,26.58,34.53
2011-03-21,Arunachal Pradesh,163.12,287.87,85.35,53.33,3354.97,100.0,15.17,72.14,18.52,62.75
2011-03-22,Tripura,101.42,164.45,87.07,44.94,3997.85,100.0,35.68,50.24,11.53,50.28
2011-03-23,Assam,66.3,91.24,57.32,55.91,1283.21,100.0,48.12,3.54,14.71,30.84
2011-03-24,Meghalaya,36.7,86.93,58.03,49.79,2888.67,100.0,36.84,50.74,21.25,34.65
2011-03-25,Tripura,98.15,176.35,75.75,31.74,725.85,100.0,45.44,57.54,13.83,42.42
2011-03-26,Tripura,29.99,100.89,69.93,19.45,2982.61,100.0,5.64,48.14,29.07,33.2
2011-03-27,Assam,101.28,287.76,80.98,15.26,1751.86,100.0,6.05,42.37,29.72,43.01
2011-03-28,Manipur,174.86,291.97,100.0,33.07,2440.96,100.0,7.73,68.75,13.42,57.45
2011-03-29,Arunachal Pradesh,164.71,240.8,100.0,24.96,988.36,100.0,35.14,55.68,28.17,57.09
2011-03-30,Assam,43.32,101.77,55.83,26.12,3414.04,100.0,19.49,0.0,22.81,22.03
2011-03-31,Assam,161.94,334.59,100.0,30.0,734.67,100.0,23.89,80.9,34.06,68.99
2011-04-01,Assam,14.73,62.19,39.55,69.59,3717.99,100.0,13.1,47.75,29.69,40.14
2011-04-02,Tripura,68.08,178.18,58.23,31.63,291.93,100.0,36.81,48.36,24.63,32.65
2011-04-03,Manipur,45.21,124.62,67.89,17.13,1187.53,100.0,42.27,18.56,25.09,20.41
2011-04-04,Tripura,11.93,70.35,57.13,36.68,2273.63,100.0,8.01,49.35,14.47,27.32
2011-04-05,Nagaland,125.99,302.47,95.44,18.38,3440.95,100.0,9.64,56.69,32.34,53.9
2011-04-06,Mizoram,141.1,222.92,65.84,60.71,2329.25,100.0,16.97,29.27,23.98,51.25
2011-04-07,Meghalaya,137.8,215.07,89.87,26.91,903.65,100.0,14.01,31.25,24.35,39.94
2011-04-08,Tripura,87.86,145.44,63.67,10.93,3443.18,100.0,26.58,58.36,24.39,31.3
2011-04-09,Assam,97.6,210.21,70.8,22.41,2404.84,100.0,37.63,58.18,16.91,39.28
2011-04-10,Nagaland,182.49,325.87,100.0,15.51,967.77,100.0,39.66,43.74,30.3,50.14
2011-04-11,Assam,68.4,181.0,61.57,15.2,2269.28,100.0,10.42,29.35,31.56,38.11
2011-04-12,Manipur,98.58,194.82,87.39,33.85,2717.43,100.0,8.78,28.67,17.2,43.65
2011-04-13,Assam,56.67,127.18,42.94,42.63,2738.08,100.0,18.18,27.41,21.04,48.47
2011-04-14,Manipur,142.78,277.34,73.93,40.88,2909.82,100.0,7.39,62.19,14.48,57.03
2011-04-15,Sikkim,138.59,325.74,100.0,56.43,3588.17,100.0,4.59,100.0,15.96,73.02
2011-04-16,Mizoram,100.66,154.49,65.86,71.75,3308.05,100.0,12.13,55.03,18.4,60.67
2011-04-17,Nagaland,87.4,144.29,51.33,6.2,2450.4,100.0,19.7,28.15,32.55,23.73
2011-04-18,Tripura,90.31,187.11,91.67,30.33,177.05,100.0,29.39,29.29,25.65,38.1
2011-04-19,Mizoram,98.16,278.53,100.0,8.14,3010.61,100.0,36.16,40.03,24.7,43.18
2011-04-20,Nagaland,20.29,37.57,15.6,18.58,3901.09,100.0,11.14,29.89,33.67,27.83
2011-04-21,Meghalaya,99.84,199.36,94.26,13.26,1256.99,100.0,40.93,74.51,29.78,43.5
2011-04-22,Meghalaya,170.68,270.93,78.23,39.36,2447.25,100.0,1.68,80.25,10.4,60.39
2011-04-23,Manipur,50.62,141.86,42.75,40.66,3086.23,100.0,22.2,67.99,13.11,43.99
2011-04-24,Mizoram,97.04,112.99,50.29,18.3,2574.4,100.0,31.65,21.38,16.19,36.67
2011-04-25,Meghalaya,77.85,125.33,64.44,25.06,3694.07,100.0,14.56,16.78,17.6,44.49
2011-04-26,Assam,63.22,195.96,80.35,31.56,1919.69,100.0,34.18,45.39,30.85,33.94
2011-04-27,Meghalaya,133.63,250.82,65.64,33.31,2150.79,100.0,43.35,39.58,29.25,43.36
2011-04-28,Sikkim,57.76,106.82,40.17,10.76,201.06,100.0,4.47,17.22,13.64,21.5
2011-04-29,Meghalaya,126.47,237.88,76.16,31.04,3605.87,100.0,25.63,54.83,23.35,46.46
2011-04-30,Meghalaya,94.43,189.11,67.37,12.98,1086.02,100.0,0.94,48.23,12.73,40.05
2011-05-01,Assam,26.75,112.56,73.94,41.38,3914.76,100.0,13.98,66.04,14.32,46.21
2011-05-02,Nagaland,54.42,48.6,43.52,53.17,848.32,100.0,6.85,51.73,16.05,27.73
2011-05-03,Sikkim,86.66,138.52,78.84,38.66,1051.15,100.0,31.21,46.15,32.63,45.44
2011-05-04,Meghalaya,57.37,97.85,76.01,12.65,1964.27,100.0,12.43,9.82,19.14,26.65
2011-05-05,Meghalaya,76.39,189.76,86.29,43.88,2658.98,100.0,14.12,75.14,32.9,51.22
2011-05-06,Arunachal Pradesh,78.78,167.92,27.47,25.78,1790.63,100.0,10.28,55.28,28.77,29.86
2011-05-07,Tripura,56.06,191.71,73.78,5.9,1439.68,100.0,12.19,23.61,28.74,35.47
2011-05-08,Tripura,37.07,138.77,65.26,16.72,2183.34,100.0,11.26,49.23,30.09,28.75
2011-05-09,Arunachal Pradesh,107.73,197.75,78.73,48.12,3835.28,100.0,34.89,56.07,12.4,52.17
2011-05-10,Tripura,2.17,51.28,19.02,23.87,3849.71,100.0,47.79,49.75,30.37,25.85
2011-05-11,Sikkim,67.62,203.19,69.18,21.8,1345.78,100.0,24.51,36.46,16.31,38.21
2011-05-12,Nagaland,110.48,273.04,74.18,42.58,2736.63,100.0,30.02,54.56,34.6,47.37
2011-05-13,Meghalaya,141.02,257.7,77.64,51.3,2901.55,100.0,40.91,29.68,31.21,53.06
2011-05-14,Meghalaya,70.02,115.63,59.25,48.71,2631.0,100.0,23.81,36.73,34.92,40.75
2011-05-15,Nagaland,181.37,238.01,76.48,15.94,496.39,100.0,15.1,75.07,33.43,53.37
2011-05-16,Nagaland,33.49,16.18,30.44,19.83,2180.93,100.0,47.55,74.92,18.99,24.58
2011-05-17,Manipur,87.54,200.19,77.07,29.23,3064.84,100.0,45.31,53.56,33.54,42.76
2011-05-18,Arunachal Pradesh,73.1,177.74,68.16,55.74,843.2,100.0,11.02,45.79,18.26,44.25
2011-05-19,Manipur,27.35,64.01,55.8,44.42,1425.42,100.0,35.15,33.13,26.48,24.93
2011-05-20,Tripura,102.71,256.13,84.93,20.95,855.01,100.0,32.36,45.14,30.47,47.68
2011-05-21,Tripura,78.41,159.33,48.35,23.91,3553.37,100.0,32.48,31.28,19.55,41.34
2011-05-22,Manipur,31.64,73.92,39.32,54.45,3441.2,100.0,41.53,60.43,15.1,45.37
2011-05-23,Assam,101.83,249.59,85.0,29.38,718.35,100.0,33.71,22.16,32.37,44.67
2011-05-24,Manipur,20.02,121.58,57.6,32.08,3054.17,100.0,25.9,38.84,12.58,27.33
2011-05-25,Nagaland,118.45,225.62,63.92,35.16,1487.71,100.0,42.3,86.79,19.12,38.7
2011-05-26,Arunachal Pradesh,51.05,147.27,79.6,66.02,2760.38,100.0,13.24,78.64,23.51,54.31
2011-05-27,Manipur,207.36,386.79,100.0,44.5,1998.8,100.0,33.96,100.0,30.12,67.31
2011-05-28,Tripura,51.05,213.58,73.71,30.35,1914.32,100.0,35.08,43.93,31.72,37.51
2011-05-29,Mizoram,77.9,161.61,69.87,9.03,3531.08,100.0,43.52,17.88,22.79,32.1
2011-05-30,Assam,102.26,156.19,55.16,9.39,2566.01,100.0,49.92,36.68,24.33,34.62
2011-05-31,Arunachal Pradesh,58.08,162.15,85.23,20.04,981.28,100.0,27.88,20.98,31.35,31.88
2011-06-01,Manipur,132.64,251.44,100.0,7.02,487.5,100.0,24.22,28.38,21.68,46.24
2011-06-02,Nagaland,87.54,185.81,67.49,24.0,3736.96,100.0,30.03,36.4,23.98,37.14
2011-06-03,Sikkim,12.95,68.17,71.99,29.79,655.87,100.0,32.93,56.26,10.46,29.82
2011-06-04,Mizoram,25.58,24.72,32.03,31.29,2949.6,100.0,35.65,46.93,33.78,30.54
2011-06-05,Tripura,142.13,273.65,86.75,30.03,2008.61,100.0,14.06,62.67,24.17,51.98
2011-06-06,Mizoram,82.19,158.91,93.29,22.35,603.26,100.0,24.35,39.16,28.19,46.54
2011-06-07,Nagaland,71.22,144.47,67.1,16.75,3117.79,100.0,18.55,68.16,16.2,35.63
2011-06-08,Manipur,80.12,154.26,81.16,41.5,3622.71,100.0,1.94,55.01,26.41,53.97
2011-06-09,Nagaland,31.05,95.0,54.96,6.69,529.95,100.0,30.48,4.53,21.5,13.74
2011-06-10,Mizoram,68.39,163.0,45.56,52.89,315.0,100.0,43.74,56.24,12.81,37.13
2011-06-11,Assam,78.82,167.06,100.0,9.59,3406.91,100.0,46.07,12.71,30.75,41.1
2011-06-12,Mizoram,206.73,406.29,100.0,39.56,2028.77,89.72,25.87,60.05,30.98,75.72
2011-06-13,Nagaland,75.17,193.0,80.94,42.49,2714.41,100.0,38.29,78.22,11.59,51.7
2011-06-14,Manipur,73.39,157.17,60.45,43.72,1793.85,100.0,35.62,53.79,19.77,45.48
2011-06-15,Assam,83.02,133.12,78.33,29.5,1679.09,100.0,11.44,40.37,17.04,43.31
2011-06-16,Tripura,81.66,195.71,89.74,29.28,1233.65,100.0,3.15,49.58,22.91,43.87
2011-06-17,Arunachal Pradesh,68.98,140.88,44.82,23.53,2273.57,100.0,37.39,34.4,22.22,20.22
2011-06-18,Manipur,127.71,234.74,89.51,2.76,681.24,100.0,14.13,0.0,26.41,32.93
2011-06-19,Meghalaya,66.81,97.47,72.65,47.47,2883.06,100.0,27.47,58.35,16.19,41.27
2011-06-20,Meghalaya,143.21,281.36,100.0,30.17,2220.25,100.0,26.2,66.7,15.54,51.29
2011-06-21,Manipur,69.3,257.69,100.0,43.41,3397.71,100.0,40.89,61.15,28.08,45.11
2011-06-22,Manipur,129.43,223.9,95.79,20.36,3688.01,100.0,32.23,28.81,34.41,56.07
2011-06-23,Meghalaya,116.06,249.0,81.7,20.84,3607.32,100.0,42.36,80.98,33.66,46.89
2011-06-24,Arunachal Pradesh,62.6,193.74,60.31,24.11,2424.86,100.0,37.61,31.92,29.8,28.65
2011-06-25,Tripura,27.01,69.59,49.26,18.66,1309.0,100.0,49.99,10.45,11.69,36.03
2011-06-26,Arunachal Pradesh,181.16,224.73,66.17,50.31,1460.82,100.0,43.19,59.7,15.94,60.01
2011-06-27,Mizoram,67.96,179.76,64.87,27.7,2627.52,100.0,10.55,56.03,27.24,36.38
2011-06-28,Sikkim,91.29,190.11,66.71,48.72,2862.27,100.0,48.07,63.36,17.39,43.81
2011-06-29,Arunachal Pradesh,49.39,136.54,53.2,21.46,687.08,100.0,17.01,45.87,19.84,24.56
2011-06-30,Arunachal Pradesh,54.72,134.27,74.84,48.13,3991.9,100.0,30.39,71.3,33.84,40.09
2011-07-01,Nagaland,142.99,310.88,86.99,28.72,474.64,100.0,47.07,61.36,12.16,46.95
2011-07-02,Arunachal Pradesh,157.92,282.98,100.0,47.32,2448.01,100.0,10.71,88.91,31.53,67.44
2011-07-03,Nagaland,108.28,299.25,100.0,8.21,2147.54,100.0,42.86,54.11,11.26,52.88
2011-07-04,Mizoram,75.29,190.85,96.01,28.91,2384.4,100.0,47.66,41.98,18.45,49.35
2011-07-05,Meghalaya,115.06,263.05,82.27,22.77,2158.37,100.0,42.69,38.93,23.89,51.22
2011-07-06,Sikkim,58.77,138.42,70.69,32.28,278.74,100.0,40.96,67.83,18.91,37.18
2011-07-07,Manipur,89.28,196.36,63.63,54.14,3983.91,100.0,13.23,69.91,33.93,55.76
2011-07-08,Manipur,39.71,41.98,51.66,26.83,3926.04,100.0,20.35,21.16,22.61,31.92
2011-07-09,Assam,37.89,83.76,30.24,41.21,2121.19,100.0,38.02,30.36,28.35,29.49
2011-07-10,Meghalaya,106.43,252.75,100.0,18.82,872.98,100.0,5.91,24.3,27.55,50.32
2011-07-11,Tripura,96.59,192.22,68.77,33.91,772.62,100.0,44.42,80.2,30.88,47.86
2011-07-12,Mizoram,93.24,144.87,73.52,40.92,275.34,100.0,10.51,54.63,31.6,44.67
2011-07-13,Assam,67.98,124.61,72.25,25.44,2466.84,100.0,28.24,64.66,21.66,35.87
2011-07-14,Meghalaya,93.5,162.56,64.2,47.28,1939.03,100.0,5.25,92.09,31.58,57.05
2011-07-15,Mizoram,51.65,125.92,53.21,15.95,1694.43,100.0,9.26,68.12,26.34,27.16
2011-07-16,Mizoram,12.44,35.29,45.26,31.54,2124.59,100.0,29.28,21.29,27.15,17.95
2011-07-17,Nagaland,82.86,231.21,98.29,50.97,3497.77,100.0,31.73,100.0,14.33,47.76
2011-07-18,Arunachal Pradesh,28.28,100.74,57.94,44.04,329.34,100.0,13.49,57.58,16.13,35.18
2011-07-19,Nagaland,123.55,179.51,84.95,21.66,2199.15,100.0,5.95,15.7,27.19,44.76
2011-07-20,Nagaland,154.71,343.51,100.0,10.0,2819.02,100.0,27.48,54.54,16.64,47.06
2011-07-21,Meghalaya,190.27,333.57,100.0,28.11,3884.22,100.0,42.03,59.76,22.25,61.51
2011-07-22,Sikkim,81.51,192.51,76.81,27.41,2971.78,100.0,10.07,51.74,22.25,49.83
2011-07-23,Mizoram,48.35,134.79,69.04,22.38,2215.05,100.0,34.58,40.85,15.85,37.24
2011-07-24,Manipur,90.59,202.58,97.65,23.3,3078.74,100.0,19.29,54.59,24.16,44.66
2011-07-25,Arunachal Pradesh,74.24,147.62,64.38,24.55,3988.38,100.0,47.15,23.2,24.09,40.41
2011-07-26,Mizoram,83.21,188.05,94.68,37.91,3560.5,100.0,4.13,54.34,13.23,56.1
2011-07-27,Assam,141.67,256.53,95.13,22.75,401.93,100.0,2.0,38.75,19.53,54.18
2011-07-28,Meghalaya,65.71,163.05,61.56,37.18,2320.57,100.0,6.22,49.06,19.15,44.76
2011-07-29,Nagaland,75.39,155.66,70.5,12.93,3156.57,100.0,39.12,28.88,24.05,27.07
2011-07-30,Arunachal Pradesh,40.35,98.92,42.98,27.05,2703.91,100.0,46.14,25.39,28.73,35.97
2011-07-31,Sikkim,77.26,107.41,41.29,20.81,1697.02,100.0,41.12,46.44,10.46,32.02
2011-08-01,Manipur,172.75,308.92,100.0,6.34,1323.66,100.0,35.89,54.39,13.31,48.23
2011-08-02,Tripura,52.44,137.64,79.49,17.42,2526.67,100.0,2.88,41.17,17.55,41.8
2011-08-03,Arunachal Pradesh,132.13,322.15,100.0,38.74,1678.86,100.0,10.69,52.96,30.26,56.0
2011-08-04,Arunachal Pradesh,71.99,177.16,76.15,7.96,1598.39,100.0,46.77,43.49,22.01,19.63
2011-08-05,Assam,133.73,221.6,75.67,33.11,3355.13,100.0,31.14,48.21,22.77,55.48
2011-08-06,Nagaland,125.44,197.58,82.06,17.84,1296.84,100.0,23.42,30.59,20.23,38.88
2011-08-07,Sikkim,37.43,116.85,93.09,43.92,2597.45,100.0,32.62,63.87,20.38,43.71
2011-08-08,Arunachal Pradesh,124.07,206.31,96.41,12.35,3500.06,100.0,8.93,53.33,34.44,48.37
2011-08-09,Mizoram,25.66,65.75,52.01,18.01,2506.0,100.0,44.64,0.0,32.47,20.79
2011-08-10,Sikkim,30.72,66.15,50.78,48.23,1996.51,100.0,32.82,0.0,28.15,31.01
2011-08-11,Tripura,68.55,139.68,62.29,10.91,189.45,100.0,23.56,60.86,18.1,36.47
2011-08-12,Tripura,164.0,325.44,83.92,53.59,2742.21,87.34,22.87,44.39,22.84,64.33
2011-08-13,Arunachal Pradesh,105.33,128.39,58.44,16.76,3990.23,100.0,41.12,4.98,27.24,28.86
2011-08-14,Tripura,41.82,164.52,83.02,1.14,3243.3,100.0,15.39,24.17,19.86,25.05
2011-08-15,Arunachal Pradesh,16.11,66.0,39.22,43.59,2556.14,100.0,6.86,43.69,23.11,30.38
2011-08-16,Arunachal Pradesh,114.21,195.95,74.99,22.03,1903.12,100.0,9.28,30.93,13.64,38.2
2011-08-17,Assam,83.83,211.25,65.48,41.31,936.08,100.0,4.06,0.0,12.34,35.42
2011-08-18,Nagaland,92.01,179.76,87.73,45.65,2783.83,100.0,25.39,53.91,14.18,46.06
2011-08-19,Mizoram,102.91,162.49,53.4,7.71,750.34,100.0,33.86,66.15,28.89,40.85
2011-08-20,Tripura,142.83,203.38,89.57,5.36,3553.84,100.0,46.7,5.5,14.75,42.98
2011-08-21,Sikkim,76.64,192.78,93.99,42.68,1448.25,100.0,37.54,83.59,33.12,48.62
2011-08-22,Meghalaya,150.36,305.93,96.34,18.67,1629.2,100.0,29.16,44.35,19.21,51.41
2011-08-23,Arunachal Pradesh,46.2,102.78,50.25,56.89,903.36,100.0,43.2,84.41,14.23,43.18
2011-08-24,Nagaland,18.97,131.31,73.39,23.68,1952.57,100.0,44.61,47.45,30.63,28.89
2011-08-25,Assam,134.5,253.19,100.0,46.27,2737.8,100.0,35.62,47.54,21.42,57.15
2011-08-26,Mizoram,32.99,152.61,90.65,39.85,1245.98,100.0,2.81,57.79,19.71,31.76
2011-08-27,Nagaland,89.94,146.62,68.22,13.9,2822.26,100.0,14.59,57.85,18.24,39.43
2011-08-28,Arunachal Pradesh,160.89,248.15,76.38,58.33,2501.3,100.0,16.81,34.76,18.26,60.82
2011-08-29,Sikkim,20.12,59.63,48.44,27.07,1520.93,100.0,49.87,31.7,26.59,27.9
2011-08-30,Nagaland,101.2,185.82,51.82,36.74,1285.58,100.0,23.21,67.66,23.52,43.6
2011-08-31,Assam,18.49,123.78,56.42,30.57,3452.25,100.0,38.09,30.8,21.69,25.49
2011-09-01,Meghalaya,80.07,181.84,83.13,59.06,97.14,100.0,40.69,31.4,21.18,47.3
2011-09-02,Assam,4.4,26.24,39.73,59.48,2877.83,100.0,32.66,83.34,13.55,42.21
2011-09-03,Tripura,27.87,92.26,49.44,13.38,1698.15,99.32,0.91,0.0,30.7,27.72
2011-09-04,Tripura,48.63,105.82,60.33,18.85,2884.88,100.0,0.97,23.72,33.17,31.69
2011-09-05,Meghalaya,16.68,42.86,44.53,14.49,2054.68,100.0,40.94,20.09,30.06,21.89
2011-09-06,Arunachal Pradesh,108.86,210.1,93.35,7.29,381.25,100.0,36.96,76.53,21.28,41.28
2011-09-07,Sikkim,97.86,189.15,57.93,17.6,3929.11,100.0,26.81,0.0,34.3,38.55
2011-09-08,Mizoram,165.5,267.63,100.0,10.36,389.88,100.0,12.44,41.64,25.47,46.18
2011-09-09,Tripura,32.98,68.41,52.99,42.69,675.82,100.0,4.34,25.43,29.35,28.98
2011-09-10,Assam,65.16,180.32,82.58,3.58,1710.32,100.0,8.21,16.94,28.53,32.1
2011-09-11,Mizoram,23.47,102.14,39.59,15.67,3781.26,100.0,29.02,59.34,27.7,28.57
2011-09-12,Assam,53.03,167.29,86.7,30.28,1207.64,100.0,27.29,22.42,26.05,30.1
2011-09-13,Mizoram,178.63,306.6,100.0,37.14,2296.22,100.0,47.06,34.09,15.29,56.65
2011-09-14,Sikkim,119.15,185.22,100.0,25.84,2109.67,100.0,47.86,17.91,17.36,37.97
2011-09-15,Meghalaya,31.67,74.55,42.42,19.61,1354.08,100.0,28.8,30.54,32.17,24.16
2011-09-16,Manipur,9.36,105.13,52.25,34.15,2800.51,100.0,42.07,37.09,14.5,42.29
2011-09-17,Nagaland,8.39,0.0,13.24,29.72,2030.78,100.0,40.61,19.5,13.8,21.09
2011-09-18,Nagaland,110.39,273.38,82.32,47.21,2334.23,100.0,37.62,50.28,17.1,47.33
2011-09-19,Meghalaya,47.74,77.2,76.95,27.06,880.11,100.0,21.87,59.67,19.06,35.9
2011-09-20,Meghalaya,221.43,413.33,100.0,29.86,3709.87,100.0,19.47,26.87,23.83,67.31
2011-09-21,Arunachal Pradesh,73.11,118.85,52.87,31.25,486.76,100.0,13.21,61.72,25.14,30.54
2011-09-22,Tripura,51.29,103.13,62.62,11.6,2776.56,100.0,46.85,0.0,29.77,27.7
2011-09-23,Tripura,24.22,4.03,39.88,32.63,3549.29,100.0,41.72,48.2,11.84,28.18
2011-09-24,Assam,134.33,325.65,76.49,45.24,381.88,100.0,8.86,81.39,15.21,56.44
2011-09-25,Mizoram,59.21,161.8,46.44,25.78,163.57,100.0,12.62,51.69,22.63,29.61
2011-09-26,Meghalaya,78.44,193.01,95.2,23.18,1365.96,100.0,29.07,39.08,16.27,41.51
2011-09-27,Mizoram,83.76,155.92,82.23,5.43,3170.29,100.0,20.68,19.73,31.84,41.72
2011-09-28,Assam,74.77,124.93,42.72,23.51,2883.6,100.0,10.69,38.04,26.0,32.07
2011-09-29,Mizoram,116.64,256.02,89.3,55.84,3297.52,100.0,39.56,86.04,22.26,65.31
2011-09-30,Tripura,26.95,42.3,37.72,15.23,1620.12,100.0,0.08,15.48,10.01,21.56
2011-10-01,Manipur,71.81,151.02,86.54,29.58,3975.35,100.0,17.16,29.65,31.47,44.31
2011-10-02,Nagaland,60.14,90.17,64.75,24.8,1496.12,100.0,46.47,30.56,21.52,38.33
2011-10-03,Arunachal Pradesh,120.3,235.41,70.51,14.12,3231.26,100.0,38.04,35.41,23.29,41.42
2011-10-04,Assam,140.23,183.67,78.54,4.02,1435.69,100.0,20.06,27.12,27.46,38.81
2011-10-05,Assam,38.37,48.34,49.05,34.71,912.85,100.0,46.44,65.3,33.44,34.23
2011-10-06,Arunachal Pradesh,121.12,197.29,78.88,29.6,1379.84,100.0,45.04,29.08,13.96,37.86
2011-10-07,Tripura,26.85,114.86,55.32,21.47,811.08,100.0,2.63,57.44,11.78,35.81
2011-10-08,Tripura,74.34,140.26,68.43,30.91,559.99,100.0,6.4,57.96,13.05,37.99
2011-10-09,Assam,79.35,208.37,68.91,1.72,1487.66,100.0,19.36,2.87,28.52,27.72
2011-10-10,Arunachal Pradesh,136.5,314.77,85.14,34.05,629.84,100.0,46.47,44.23,13.23,43.49
2011-10-11,Tripura,116.85,212.93,63.89,19.62,2034.2,100.0,42.21,40.09,22.52,34.88
2011-10-12,Tripura,29.15,34.59,31.18,57.37,189.88,100.0,2.39,40.95,27.66,33.53
2011-10-13,Meghalaya,114.87,260.93,98.52,30.86,1753.74,100.0,25.62,40.86,27.82,55.34
2011-10-14,Manipur,89.35,122.36,71.22,24.43,3834.12,100.0,36.01,54.72,20.16,37.4
2011-10-15,Sikkim,177.12,279.55,100.0,13.9,1467.44,100.0,13.8,48.96,27.47,55.6
2011-10-16,Sikkim,52.83,61.2,48.81,44.8,593.68,100.0,36.13,39.96,33.75,31.62
2011-10-17,Meghalaya,64.32,185.01,87.52,69.15,1255.53,100.0,18.49,89.0,10.7,48.99
2011-10-18,Tripura,186.14,352.09,100.0,59.79,3175.55,100.0,13.7,60.57,26.78,68.07
2011-10-19,Mizoram,146.17,333.99,100.0,25.59,1288.95,100.0,19.63,44.65,23.07,57.0
2011-10-20,Nagaland,28.86,75.64,67.25,29.55,1564.81,100.0,47.54,24.55,15.31,24.07
2011-10-21,Nagaland,74.9,129.39,74.61,35.86,3165.71,100.0,45.26,12.94,17.69,31.75
2011-10-22,Manipur,102.37,182.56,78.14,16.58,1079.21,100.0,45.7,36.1,30.93,34.28
2011-10-23,Assam,120.27,177.1,66.22,37.15,1939.25,100.0,45.87,58.78,24.67,42.06
2011-10-24,Tripura,35.38,160.22,76.18,8.02,299.52,100.0,8.91,4.71,10.36,35.24
2011-10-25,Assam,167.18,435.84,100.0,71.89,737.58,91.65,44.8,68.55,34.13,71.77
2011-10-26,Mizoram,18.88,49.37,52.5,27.68,877.32,100.0,10.61,29.6,26.65,32.3
2011-10-27,Nagaland,36.89,129.04,59.88,38.09,1881.15,100.0,41.91,48.8,21.07,35.2
2011-10-28,Meghalaya,159.09,282.41,100.0,13.65,3292.87,100.0,27.09,40.11,27.81,53.38
2011-10-29,Meghalaya,81.3,189.62,57.15,51.9,1450.32,100.0,12.0,47.06,15.11,49.38
2011-10-30,Sikkim,83.13,217.08,78.02,18.4,1552.93,100.0,19.93,67.9,16.51,35.77
2011-10-31,Manipur,90.36,139.81,53.25,7.81,1238.97,100.0,21.67,16.25,13.8,23.72
2011-11-01,Arunachal Pradesh,42.04,93.92,56.96,45.12,1315.94,100.0,36.66,72.21,19.93,40.85
2011-11-02,Meghalaya,22.12,131.31,84.96,71.83,1643.84,100.0,30.3,47.77,32.62,47.24
2011-11-03,Nagaland,98.75,218.47,93.31,34.76,3602.64,100.0,40.84,59.59,19.71,53.54
2011-11-04,Sikkim,107.93,224.99,56.98,6.03,146.29,100.0,19.84,23.75,17.2,28.18
2011-11-05,Arunachal Pradesh,92.93,209.79,72.68,30.66,2517.11,100.0,37.18,37.72,27.59,42.0
2011-11-06,Assam,54.11,155.47,48.61,39.95,3556.35,100.0,39.64,32.84,31.74,44.15
2011-11-07,Mizoram,33.15,146.03,85.08,23.22,1696.99,100.0,3.16,50.78,16.11,34.82
2011-11-08,Nagaland,68.06,182.23,67.71,51.42,2621.11,100.0,18.78,86.53,30.2,54.48
2011-11-09,Meghalaya,191.67,335.48,100.0,64.65,2363.57,100.0,44.3,77.93,17.62,72.65
2011-11-10,Manipur,72.94,173.53,76.57,34.05,1387.59,100.0,35.25,23.43,16.18,34.64
2011-11-11,Manipur,64.79,144.49,71.99,20.99,592.8,100.0,20.92,47.5,21.82,41.08
2011-11-12,Tripura,74.57,132.0,23.01,29.02,917.49,100.0,9.15,67.23,11.67,39.52
2011-11-13,Arunachal Pradesh,71.24,154.8,76.38,43.59,276.91,100.0,4.83,64.71,31.56,37.82
2011-11-14,Tripura,159.58,284.82,88.74,22.92,3070.67,100.0,11.47,22.28,31.86,55.24
2011-11-15,Meghalaya,117.13,157.77,84.24,39.64,2154.59,100.0,12.23,33.4,26.93,45.47
2011-11-16,Tripura,50.92,157.38,74.52,1.19,3153.25,100.0,18.53,10.04,17.57,28.8
2011-11-17,Assam,61.21,179.59,85.39,20.67,1196.28,100.0,8.85,39.47,14.17,28.17
2011-11-18,Meghalaya,76.48,186.47,66.37,31.28,3228.45,100.0,7.3,55.77,27.47,42.15
2011-11-19,Tripura,86.72,215.47,66.16,19.03,1271.36,100.0,42.2,63.36,12.58,34.83
2011-11-20,Meghalaya,42.24,106.32,74.62,27.82,529.27,100.0,12.48,42.56,20.28,33.58
2011-11-21,Mizoram,56.54,114.25,71.3,34.51,2158.55,100.0,28.08,68.97,12.22,35.59
2011-11-22,Tripura,169.56,342.3,100.0,12.46,3783.92,100.0,9.96,87.44,20.66,55.87
2011-11-23,Meghalaya,163.24,252.51,93.81,17.47,1686.86,100.0,24.59,72.69,13.36,48.08
2011-11-24,Tripura,62.25,99.64,66.24,64.29,2085.79,100.0,13.84,38.62,10.8,50.67
2011-11-25,Manipur,58.14,155.13,51.64,19.73,1832.59,100.0,4.34,49.33,21.24,33.31
2011-11-26,Mizoram,117.52,243.11,100.0,12.99,1856.87,100.0,49.11,51.81,24.19,47.62
2011-11-27,Arunachal Pradesh,16.47,111.91,60.07,50.77,896.7,100.0,22.89,84.46,20.98,41.39
2011-11-28,Assam,153.96,212.52,80.62,39.89,1718.81,100.0,19.65,100.0,14.4,53.87
2011-11-29,Tripura,50.4,121.7,58.07,46.31,2012.76,100.0,9.96,37.82,11.94,40.74
2011-11-30,Manipur,104.95,162.22,35.4,42.03,2992.19,100.0,24.77,52.0,13.16,42.44
2011-12-01,Tripura,19.41,113.33,71.29,45.17,602.34,100.0,31.76,46.88,28.18,31.94
2011-12-02,Mizoram,119.76,282.99,81.62,60.03,2307.87,100.0,15.23,93.26,10.4,61.39
2011-12-03,Meghalaya,108.06,232.27,88.08,37.14,2665.66,100.0,24.02,50.38,31.58,59.39
2011-12-04,Manipur,101.04,179.25,63.55,50.13,1562.03,100.0,11.85,67.94,31.0,42.68
2011-12-05,Arunachal Pradesh,37.7,76.61,50.17,56.96,2219.2,100.0,26.39,48.06,32.01,36.0
2011-12-06,Mizoram,56.02,117.56,57.53,5.67,2857.43,100.0,39.36,0.0,31.97,27.15
2011-12-07,Mizoram,92.72,155.43,58.44,39.91,1887.15,100.0,3.01,46.33,26.69,35.62
2011-12-08,Arunachal Pradesh,48.33,116.13,59.84,28.29,1366.74,100.0,25.89,41.27,31.19,31.67
2011-12-09,Assam,46.81,90.17,50.82,11.34,3307.58,100.0,19.97,31.49,28.26,33.69
2011-12-10,Arunachal Pradesh,146.75,214.86,67.37,40.07,3955.83,100.0,3.7,73.79,17.5,53.49
2011-12-11,Tripura,12.18,83.49,74.29,29.65,905.71,100.0,47.03,26.53,28.88,33.51
2011-12-12,Assam,150.39,293.9,86.76,32.15,3563.11,100.0,12.99,36.11,25.39,49.9
2011-12-13,Sikkim,37.64,174.44,83.32,31.18,2204.44,100.0,28.23,73.29,10.69,49.13
2011-12-14,Manipur,113.5,202.92,90.61,36.3,1819.3,100.0,18.63,41.12,29.66,59.55
2011-12-15,Sikkim,96.66,119.39,77.74,36.99,3577.99,100.0,13.56,46.16,31.77,36.9
2011-12-16,Assam,36.41,137.23,59.26,21.17,3645.84,100.0,26.36,37.54,22.94,40.56
2011-12-17,Manipur,49.43,161.26,69.27,9.32,1126.99,100.0,34.45,2.25,22.18,25.65
2011-12-18,Meghalaya,126.32,285.16,94.51,38.79,1465.57,100.0,39.28,89.16,20.68,54.78
2011-12-19,Mizoram,66.92,209.23,89.75,18.85,3415.1,100.0,31.7,48.28,27.97,37.53
2011-12-20,Arunachal Pradesh,224.26,445.81,100.0,9.85,1988.76,100.0,26.31,73.9,15.39,57.47
2011-12-21,Manipur,52.96,90.37,64.95,3.29,1187.71,100.0,38.86,48.06,29.35,30.62
2011-12-22,Assam,50.82,188.15,73.79,35.45,3850.59,96.88,25.87,45.97,17.31,40.98
2011-12-23,Manipur,30.37,82.44,73.24,51.68,907.3,100.0,48.71,58.21,16.54,28.58
2011-12-24,Arunachal Pradesh,46.57,151.79,70.18,27.26,2460.83,100.0,26.34,44.52,30.23,41.29
2011-12-25,Mizoram,75.5,173.63,72.74,43.67,1740.27,100.0,15.86,67.36,14.36,47.41
2011-12-26,Arunachal Pradesh,209.65,325.57,100.0,9.0,1832.64,100.0,22.32,42.04,31.56,52.22
2011-12-27,Nagaland,48.86,169.71,98.47,19.14,468.65,100.0,24.5,70.43,34.45,45.85
2011-12-28,Manipur,10.76,47.89,40.5,28.48,1065.7,100.0,14.17,8.72,18.0,25.11
2011-12-29,Arunachal Pradesh,56.07,208.45,97.28,26.86,709.64,100.0,7.94,74.26,33.2,47.64
2011-12-30,Assam,84.07,145.57,56.85,27.82,3011.02,100.0,21.57,70.11,24.16,32.17
2011-12-31,Meghalaya,151.2,236.62,87.98,41.87,2806.09,100.0,44.85,63.27,16.48,56.98
2012-01-01,Nagaland,87.16,154.23,58.92,38.68,3186.71,100.0,12.78,45.77,21.32,46.79
2012-01-02,Tripura,64.11,205.97,75.63,13.18,2812.09,100.0,18.09,67.01,30.0,37.12
2012-01-03,Meghalaya,52.26,65.7,42.96,19.6,558.41,100.0,37.89,47.58,26.67,23.57
2012-01-04,Meghalaya,119.76,266.16,100.0,15.93,3915.44,100.0,4.11,30.32,22.37,39.12
2012-01-05,Mizoram,79.78,242.96,81.13,47.56,794.64,100.0,41.25,71.5,16.43,38.24
2012-01-06,Meghalaya,120.61,224.14,92.78,34.96,1434.28,100.0,36.01,47.29,28.14,53.28
2012-01-07,Meghalaya,31.62,81.71,48.44,23.38,2842.17,100.0,27.49,40.79,17.83,27.66
2012-01-08,Arunachal Pradesh,56.89,138.53,67.62,14.59,604.77,100.0,10.47,45.52,18.27,28.17
2012-01-09,Sikkim,106.45,164.78,94.82,30.08,723.5,100.0,4.63,27.81,28.67,41.42
2012-01-10,Nagaland,23.56,191.26,67.07,22.17,3512.47,100.0,11.59,14.37,23.96,38.63
2012-01-11,Nagaland,37.05,132.37,55.58,31.74,1361.46,100.0,38.07,29.81,14.65,39.56
2012-01-12,Arunachal Pradesh,72.41,109.8,58.27,38.02,2679.06,100.0,46.67,67.29,27.18,44.63
2012-01-13,Assam,140.66,228.7,85.48,44.53,3442.06,100.0,36.89,60.0,16.45,55.54
2012-01-14,Nagaland,164.75,304.29,100.0,38.12,3894.14,100.0,26.38,87.29,29.01,73.4
2012-01-15,Nagaland,39.63,57.66,52.18,50.97,880.63,100.0,47.53,78.86,21.97,33.08
2012-01-16,Sikkim,89.68,124.35,68.55,11.75,535.57,100.0,41.43,33.31,24.87,25.2
2012-01-17,Nagaland,154.4,293.36,81.36,33.19,2975.91,100.0,32.79,68.05,25.02,59.69
2012-01-18,Sikkim,120.27,270.64,98.65,44.64,793.4,100.0,1.9,78.58,13.67,61.63
2012-01-19,Mizoram,85.27,214.51,87.83,25.48,2341.75,100.0,14.39,5.82,26.26,42.27
2012-01-20,Sikkim,95.26,190.51,88.18,5.86,2153.95,100.0,15.41,21.43,31.68,39.2
2012-01-21,Nagaland,41.55,101.34,55.34,22.39,2261.7,100.0,17.36,32.78,32.28,24.48
2012-01-22,Assam,60.29,142.5,68.4,46.72,2616.68,100.0,19.47,71.81,27.21,46.17
2012-01-23,Nagaland,72.57,198.54,90.3,49.88,3411.02,100.0,46.97,28.0,34.22,40.88
2012-01-24,Tripura,68.87,103.03,44.73,19.7,1123.68,100.0,37.09,47.55,24.96,30.78
2012-01-25,Assam,64.71,115.96,36.27,22.03,2243.21,100.0,34.6,24.43,16.37,34.55
2012-01-26,Nagaland,36.93,90.29,41.42,44.32,1379.91,100.0,21.33,54.4,26.5,36.09
2012-01-27,Manipur,154.82,272.54,84.92,19.62,1309.0,100.0,16.88,41.82,32.73,45.16
2012-01-28,Tripura,78.69,165.86,89.26,37.19,130.66,100.0,5.98,42.23,18.97,43.57
2012-01-29,Assam,69.3,152.95,100.0,17.76,2417.64,100.0,22.67,26.72,16.62,38.15
2012-01-30,Manipur,28.79,120.14,50.39,15.38,3891.4,100.0,10.27,24.57,34.16,27.28
2012-01-31,Manipur,102.11,132.65,65.27,19.15,3056.96,100.0,19.55,59.5,29.16,39.2
2012-02-01,Arunachal Pradesh,47.08,56.57,43.41,12.13,1009.03,100.0,7.82,3.32,11.24,15.34
2012-02-02,Manipur,48.6,96.29,66.48,37.72,2878.69,100.0,17.2,12.94,24.03,36.73
2012-02-03,Nagaland,58.38,172.11,78.62,3.55,1224.36,100.0,2.15,7.51,15.86,29.15
2012-02-04,Sikkim,116.67,198.93,66.64,18.56,3026.91,100.0,0.3,30.88,17.17,48.5
2012-02-05,Manipur,97.2,194.16,69.51,37.99,3426.98,100.0,43.5,48.21,12.19,48.06
2012-02-06,Manipur,17.09,80.76,54.01,43.27,1370.6,100.0,32.06,45.37,15.77,40.49
2012-02-07,Sikkim,152.05,290.72,100.0,48.11,58.64,100.0,29.38,63.03,22.63,65.66
2012-02-08,Assam,91.32,249.56,80.11,14.77,1254.82,100.0,25.69,31.93,11.96,32.46
2012-02-09,Mizoram,89.17,211.55,59.04,46.59,863.13,100.0,36.34,95.9,32.24,45.07
2012-02-10,Manipur,41.01,151.42,89.83,42.15,2493.53,100.0,36.81,60.51,29.39,37.7
2012-02-11,Mizoram,134.74,247.04,96.87,44.36,1195.79,100.0,46.76,43.76,19.53,47.92
2012-02-12,Arunachal Pradesh,75.54,222.26,67.01,67.36,192.38,100.0,12.22,67.9,13.26,47.74
2012-02-13,Meghalaya,50.85,129.15,70.42,33.48,2148.77,100.0,39.26,63.42,34.85,47.83
2012-02-14,Mizoram,24.04,7.85,53.75,39.31,3505.01,100.0,49.56,21.66,24.08,36.79
2012-02-15,Nagaland,69.76,252.98,92.0,42.13,1832.79,100.0,1.45,54.13,20.57,51.77
2012-02-16,Arunachal Pradesh,145.25,269.72,100.0,19.55,1536.38,100.0,18.7,40.31,14.97,47.48
2012-02-17,Assam,50.8,147.39,77.81,63.86,755.14,100.0,21.8,81.72,15.08,41.3
2012-02-18,Tripura,22.43,40.91,52.76,24.01,1580.16,100.0,41.09,36.72,29.91,22.25
2012-02-19,Tripura,55.57,221.24,87.31,38.91,1357.13,100.0,0.69,40.66,23.0,44.97
2012-02-20,Tripura,50.39,93.85,60.81,17.07,3979.95,100.0,29.93,72.95,34.6,32.05
2012-02-21,Assam,82.9,158.94,84.96,5.84,170.35,100.0,44.63,11.15,33.83,35.18
2012-02-22,Manipur,39.29,47.78,47.31,47.38,993.45,100.0,7.38,40.29,15.17,42.55
2012-02-23,Assam,46.28,134.0,81.04,39.17,321.08,100.0,5.78,69.28,34.98,37.82
2012-02-24,Assam,26.98,79.21,60.52,8.42,3436.8,100.0,49.99,21.99,34.66,24.05
2012-02-25,Nagaland,103.97,144.21,70.42,30.74,1698.37,100.0,41.3,35.49,29.98,38.14
2012-02-26,Mizoram,49.5,121.54,59.69,9.94,3195.27,100.0,34.87,38.09,19.77,28.38
2012-02-27,Tripura,43.63,119.24,59.37,17.46,2784.01,100.0,19.95,36.18,15.6,27.65
2012-02-28,Assam,135.35,243.12,93.41,31.78,3715.72,100.0,42.7,35.9,12.58,48.26
2012-02-29,Manipur,158.76,215.31,98.26,11.34,143.87,100.0,46.14,53.61,11.3,39.37
2012-03-01,Manipur,113.15,231.36,93.84,15.55,869.01,100.0,36.62,26.7,30.52,43.72
2012-03-02,Tripura,149.31,223.27,73.94,41.59,2823.03,100.0,19.9,27.68,33.64,53.59
2012-03-03,Sikkim,126.96,276.0,71.22,30.89,2361.63,100.0,29.18,59.49,29.31,56.35
2012-03-04,Sikkim,65.2,125.58,76.21,56.86,2793.91,100.0,4.93,36.18,28.98,40.51
2012-03-05,Nagaland,31.65,134.58,100.0,46.96,2323.14,100.0,7.9,50.31,20.38,39.04
2012-03-06,Sikkim,53.13,130.27,61.92,23.52,2345.03,100.0,39.15,45.26,26.03,26.29
2012-03-07,Arunachal Pradesh,46.8,122.82,57.61,70.8,3733.67,100.0,1.47,64.25,26.78,44.83
2012-03-08,Sikkim,107.49,262.29,100.0,57.36,3689.1,100.0,2.46,100.0,16.43,73.43
2012-03-09,Tripura,71.46,124.58,52.0,33.95,200.09,100.0,25.4,71.7,28.47,32.13
2012-03-10,Nagaland,13.33,26.17,67.68,17.96,1683.99,100.0,8.53,35.78,13.65,27.44
2012-03-11,Tripura,53.23,152.07,76.6,47.71,2066.75,100.0,14.69,62.1,17.34,53.81
2012-03-12,Sikkim,24.32,33.91,46.38,43.21,1463.72,100.0,19.94,54.38,24.74,33.41
2012-03-13,Arunachal Pradesh,69.98,123.02,52.99,26.42,245.76,100.0,26.11,38.74,23.49,29.95
2012-03-14,Tripura,136.89,192.17,91.67,30.69,1915.58,100.0,14.18,46.03,27.61,36.96
2012-03-15,Mizoram,33.3,146.02,62.54,32.38,3904.0,100.0,24.18,43.05,24.57,36.37
2012-03-16,Tripura,157.23,245.74,99.79,53.31,335.23,100.0,18.53,55.11,11.24,60.83
2012-03-17,Tripura,74.83,136.08,73.2,49.09,3275.88,100.0,4.05,92.02,34.44,50.64
2012-03-18,Manipur,107.3,159.34,91.24,36.24,822.83,100.0,43.36,27.26,29.09,42.1
2012-03-19,Assam,42.34,98.09,62.0,40.95,2328.34,100.0,14.07,62.99,32.01,33.35
2012-03-20,Tripura,76.87,159.58,100.0,24.15,1578.77,100.0,30.47,57.74,30.1,52.77
2012-03-21,Manipur,157.19,318.83,100.0,16.96,1428.58,100.0,28.49,67.73,15.31,52.01
2012-03-22,Sikkim,144.58,214.0,84.99,27.16,3488.13,100.0,9.96,49.69,33.32,55.53
2012-03-23,Sikkim,79.19,144.75,63.11,58.51,3895.23,100.0,1.5,39.46,34.6,48.62
2012-03-24,Meghalaya,67.05,207.49,94.65,12.11,1577.34,100.0,42.85,49.51,11.97,36.85
2012-03-25,Tripura,82.93,216.03,77.71,38.27,2579.75,100.0,24.88,63.44,13.96,46.26
2012-03-26,Arunachal Pradesh,96.34,167.4,61.87,21.24,2247.83,100.0,20.72,88.3,34.76,48.78
2012-03-27,Meghalaya,167.22,298.85,92.74,38.51,353.84,100.0,38.15,75.99,17.34,54.74
2012-03-28,Nagaland,48.66,201.71,77.46,4.24,212.59,100.0,1.66,41.94,30.5,34.13
2012-03-29,Manipur,46.44,71.9,88.13,20.74,3104.95,100.0,38.26,31.8,11.85,36.03
2012-03-30,Sikkim,62.88,67.47,57.88,31.23,1608.41,100.0,20.45,28.37,28.31,28.56
2012-03-31,Nagaland,32.06,76.65,45.41,6.04,1264.92,100.0,27.58,29.84,27.53,16.89
2012-04-01,Meghalaya,109.33,210.65,98.46,66.77,3943.05,100.0,37.62,80.74,33.44,65.11
2012-04-02,Mizoram,20.96,49.35,52.7,52.6,386.66,100.0,27.34,29.97,28.22,40.41
2012-04-03,Manipur,172.58,347.94,100.0,18.43,1112.8,100.0,3.09,48.47,11.03,48.53
2012-04-04,Assam,84.5,185.17,100.0,13.39,3434.37,100.0,36.43,21.46,21.26,37.85
2012-04-05,Sikkim,113.83,196.57,56.94,6.89,1689.25,100.0,39.32,46.65,18.7,35.52
2012-04-06,Sikkim,13.7,48.99,14.17,25.01,2357.78,86.67,23.09,53.7,24.27,24.32
2012-04-07,Nagaland,117.22,195.98,100.0,40.86,241.11,100.0,21.95,0.0,20.71,44.33
2012-04-08,Meghalaya,97.77,229.85,75.66,21.35,3685.15,100.0,12.6,40.97,17.02,56.98
2012-04-09,Meghalaya,103.53,186.39,51.8,6.29,590.83,100.0,32.21,71.48,26.53,33.55
2012-04-10,Tripura,71.1,108.94,53.92,32.29,892.8,100.0,44.1,55.75,17.78,27.16
2012-04-11,Arunachal Pradesh,127.31,279.43,81.37,18.28,669.35,100.0,32.8,58.67,31.27,53.03
2012-04-12,Meghalaya,38.64,96.91,47.79,27.24,2015.13,100.0,38.57,13.24,18.07,21.37
2012-04-13,Sikkim,98.97,144.06,81.65,25.33,3276.57,100.0,41.87,58.4,22.88,43.5
2012-04-14,Sikkim,20.03,148.55,64.32,24.38,1104.35,100.0,11.31,39.48,30.65,27.85
2012-04-15,Meghalaya,31.71,121.99,40.13,51.25,612.17,85.97,20.11,66.82,30.57,33.26
2012-04-16,Arunachal Pradesh,160.74,292.96,99.08,49.38,1669.19,100.0,21.8,100.0,24.65,58.82
2012-04-17,Arunachal Pradesh,47.87,113.33,49.9,53.38,3927.54,100.0,27.95,25.54,19.5,42.64
2012-04-18,Nagaland,36.86,94.08,55.08,32.35,93.68,100.0,2.46,68.27,23.95,38.96
2012-04-19,Manipur,92.99,177.45,72.61,7.87,2040.79,100.0,29.42,29.53,31.24,37.6
2012-04-20,Tripura,150.2,264.36,100.0,35.17,2694.0,100.0,4.43,82.59,15.47,68.08
2012-04-21,Mizoram,57.76,113.05,55.03,53.88,3236.55,100.0,40.33,40.06,13.06,37.05
2012-04-22,Nagaland,203.94,351.78,100.0,43.73,2997.45,100.0,48.15,51.04,24.55,63.4
2012-04-23,Mizoram,49.74,100.23,36.12,34.8,343.99,100.0,14.49,56.08,24.35,28.07
2012-04-24,Tripura,133.6,259.33,100.0,49.65,1874.39,97.9,25.33,31.1,17.33,57.96
2012-04-25,Assam,86.13,178.26,95.14,47.23,361.06,100.0,41.16,39.66,20.86,46.95
2012-04-26,Arunachal Pradesh,61.55,114.3,59.41,50.18,2498.43,100.0,15.73,34.78,12.21,33.09
2012-04-27,Nagaland,107.08,207.15,69.15,32.08,354.27,100.0,7.89,36.73,13.27,48.82
2012-04-28,Tripura,26.16,110.96,46.03,47.47,241.24,100.0,36.95,60.76,30.71,29.2
2012-04-29,Arunachal Pradesh,71.37,66.8,52.98,13.49,1258.81,100.0,34.92,37.43,21.61,19.91
2012-04-30,Sikkim,63.78,168.79,92.0,45.96,3758.39,100.0,28.5,51.1,12.5,42.46
2012-05-01,Arunachal Pradesh,101.41,153.07,64.23,28.44,2854.49,100.0,47.22,27.45,34.05,44.56
2012-05-02,Mizoram,87.16,162.38,89.15,24.09,65.9,100.0,47.76,38.26,15.25,46.07
2012-05-03,Sikkim,104.38,93.38,41.4,19.93,1174.68,100.0,43.08,6.85,17.92,26.76
2012-05-04,Meghalaya,126.66,262.62,87.25,12.85,119.12,100.0,14.65,20.11,34.31,45.11
2012-05-05,Tripura,72.75,129.51,65.25,17.76,1212.53,100.0,11.27,20.32,14.52,27.37
2012-05-06,Tripura,90.74,166.12,76.47,45.52,2757.69,100.0,41.79,23.05,34.22,46.75
2012-05-07,Meghalaya,170.57,309.48,96.9,57.29,3051.13,96.23,32.57,74.99,28.06,69.16
2012-05-08,Sikkim,88.18,103.44,79.39,26.51,3226.23,100.0,19.81,48.07,20.67,35.47
2012-05-09,Tripura,71.15,159.21,90.78,10.73,3644.46,100.0,20.49,34.1,24.87,38.72
2012-05-10,Arunachal Pradesh,130.45,271.61,91.7,39.63,1494.88,100.0,42.67,37.34,22.7,51.2
2012-05-11,Manipur,74.3,168.42,65.88,28.29,3457.26,100.0,8.16,34.36,30.12,36.21
2012-05-12,Nagaland,177.46,300.43,91.08,9.31,2924.29,100.0,47.2,65.68,11.57,56.31
2012-05-13,Nagaland,148.24,274.01,100.0,26.1,2174.14,100.0,31.66,76.46,30.33,49.95
2012-05-14,Tripura,57.83,133.72,56.77,51.28,3820.79,100.0,39.57,27.4,34.27,44.7
2012-05-15,Mizoram,64.71,177.41,53.56,18.79,3793.58,100.0,18.54,48.56,20.74,45.7
2012-05-16,Assam,136.45,304.87,81.29,41.02,3595.54,100.0,29.34,47.1,14.79,58.25
2012-05-17,Nagaland,129.61,227.98,95.6,20.77,848.8,100.0,37.5,69.42,12.72,52.63
2012-05-18,Tripura,141.82,271.99,73.92,41.41,871.15,100.0,21.76,85.23,18.67,59.18
2012-05-19,Assam,76.17,137.55,61.53,49.16,3608.96,100.0,24.4,1.07,13.27,44.77
2012-05-20,Manipur,85.72,195.24,80.58,32.65,1621.76,100.0,29.1,29.57,15.74,39.9
2012-05-21,Arunachal Pradesh,69.54,172.71,49.31,8.59,3199.9,100.0,3.17,42.45,26.36,35.82
2012-05-22,Sikkim,69.96,148.27,72.39,46.44,2763.42,100.0,43.16,6.0,20.39,41.63
2012-05-23,Manipur,50.92,147.14,64.56,40.11,3061.31,100.0,43.33,76.7,32.53,35.52
2012-05-24,Mizoram,147.45,271.31,65.65,57.77,153.78,100.0,14.07,76.4,21.6,54.44
2012-05-25,Tripura,99.59,197.46,82.42,13.9,1748.33,100.0,43.99,7.99,13.85,31.78
2012-05-26,Mizoram,102.81,169.0,79.74,33.45,3435.52,100.0,37.26,65.85,13.47,45.22
2012-05-27,Arunachal Pradesh,141.96,269.82,96.73,66.73,1985.21,99.69,24.16,92.73,27.33,71.88
2012-05-28,Arunachal Pradesh,17.35,52.91,58.15,18.84,2776.03,100.0,17.39,38.53,25.85,25.48
2012-05-29,Assam,100.28,235.21,90.91,11.99,3036.01,100.0,19.97,50.43,27.7,42.32
2012-05-30,Nagaland,151.67,243.78,99.71,36.71,527.0,100.0,26.72,71.86,18.47,55.82
2012-05-31,Manipur,32.78,109.92,47.8,38.56,665.19,100.0,20.63,20.09,32.88,28.23
2012-06-01,Tripura,142.91,253.94,69.84,19.94,2911.99,100.0,21.01,50.76,12.84,43.2
2012-06-02,Nagaland,100.55,211.47,64.87,50.43,265.55,100.0,10.16,41.79,10.82,46.75
2012-06-03,Meghalaya,93.39,187.76,65.37,33.11,1400.49,100.0,35.39,69.21,28.55,43.33
2012-06-04,Assam,94.7,159.32,100.0,35.94,3676.43,100.0,30.48,44.61,26.93,45.93
2012-06-05,Sikkim,40.28,154.17,58.78,36.88,2318.71,100.0,49.6,0.0,22.34,32.47
2012-06-06,Mizoram,12.78,33.69,38.91,37.27,3646.39,100.0,7.06,2.57,11.09,24.58
2012-06-07,Assam,132.07,273.82,91.25,48.81,1272.19,100.0,5.69,61.45,12.86,61.68
2012-06-08,Tripura,35.88,35.88,41.83,43.43,2564.67,100.0,25.8,24.45,14.88,21.36
2012-06-09,Assam,60.02,128.48,92.92,7.72,1182.63,100.0,7.6,16.67,25.97,29.75
2012-06-10,Manipur,210.23,426.52,99.42,20.67,488.93,100.0,30.53,47.95,26.58,59.89
2012-06-11,Arunachal Pradesh,84.53,165.77,100.0,42.31,3963.25,100.0,9.81,31.1,26.92,48.46
2012-06-12,Arunachal Pradesh,104.78,211.03,84.38,25.05,746.12,100.0,24.15,51.08,30.08,36.65
2012-06-13,Arunachal Pradesh,55.05,196.67,93.76,24.28,794.51,100.0,30.57,56.83,10.62,50.49
2012-06-14,Sikkim,150.7,270.33,94.37,48.82,3375.58,100.0,22.9,66.72,26.08,61.84
2012-06-15,Sikkim,18.74,88.46,69.92,23.0,3218.84,81.28,16.0,43.63,16.29,27.81
2012-06-16,Arunachal Pradesh,130.63,270.14,79.86,27.85,3912.43,100.0,39.12,52.2,24.28,54.98
2012-06-17,Tripura,27.62,36.24,26.92,30.64,333.39,95.85,42.73,0.0,28.45,16.69
2012-06-18,Arunachal Pradesh,187.73,312.17,100.0,36.37,421.8,100.0,13.9,89.34,28.0,68.19
2012-06-19,Assam,113.1,224.85,100.0,62.36,1822.42,100.0,40.67,92.3,17.2,59.23
2012-06-20,Sikkim,38.15,43.39,32.87,38.51,2387.4,100.0,19.58,46.06,18.88,34.79
2012-06-21,Arunachal Pradesh,82.31,228.25,96.4,27.92,200.22,100.0,24.38,22.14,32.93,41.51
2012-06-22,Tripura,114.77,252.41,100.0,16.83,675.64,100.0,11.59,14.18,31.22,43.12
2012-06-23,Nagaland,53.53,154.6,80.82,36.88,2828.18,100.0,31.29,29.2,16.43,37.05
2012-06-24,Nagaland,64.89,200.13,76.9,22.85,2690.73,100.0,5.05,84.47,24.68,43.06
2012-06-25,Meghalaya,156.29,313.37,100.0,21.09,404.26,100.0,29.58,59.35,12.68,54.33
2012-06-26,Nagaland,83.72,166.39,83.59,56.55,3730.08,100.0,49.49,55.33,26.35,49.99
2012-06-27,Meghalaya,145.5,202.96,66.67,27.17,1056.32,100.0,37.67,46.4,25.53,39.29
2012-06-28,Tripura,104.43,179.4,70.08,70.44,3554.56,100.0,44.75,55.39,16.6,51.13
2012-06-29,Nagaland,113.31,193.87,62.73,58.83,3695.8,100.0,23.21,57.61,20.55,56.19
2012-06-30,Sikkim,136.58,279.62,94.31,20.99,1985.78,100.0,7.11,50.37,29.56,54.81
2012-07-01,Tripura,169.39,307.32,99.37,51.25,1677.27,100.0,14.42,54.83,16.39,67.77
2012-07-02,Mizoram,40.58,48.25,60.98,26.64,1148.64,100.0,2.45,3.92,29.21,25.65
2012-07-03,Meghalaya,125.67,273.11,100.0,11.37,3239.16,100.0,25.09,45.17,17.91,57.63
2012-07-04,Manipur,188.32,385.65,100.0,26.63,826.52,100.0,32.48,46.52,30.99,62.91
2012-07-05,Sikkim,126.99,299.51,100.0,56.79,2507.39,100.0,21.22,89.97,10.76,64.63
2012-07-06,Assam,97.29,150.73,85.8,19.24,2290.18,100.0,28.16,44.53,16.45,41.43
2012-07-07,Arunachal Pradesh,157.12,298.54,96.32,25.31,1033.14,100.0,16.04,50.4,14.44,56.61
2012-07-08,Sikkim,205.31,317.71,67.65,33.16,3933.04,100.0,4.29,44.02,32.26,55.3
2012-07-09,Meghalaya,107.78,289.24,100.0,43.72,3392.98,100.0,21.6,74.41,20.71,52.01
2012-07-10,Nagaland,118.19,228.51,72.04,12.64,131.09,100.0,27.39,53.6,23.64,40.61
2012-07-11,Sikkim,114.0,206.19,91.67,46.45,1717.9,100.0,49.13,44.71,16.05,50.75
2012-07-12,Assam,25.25,65.71,48.03,18.99,1467.94,100.0,17.36,33.21,13.21,21.3
2012-07-13,Nagaland,131.17,260.11,100.0,54.81,3537.1,100.0,33.89,46.26,24.96,56.45
2012-07-14,Assam,28.23,112.97,48.17,42.75,1094.76,100.0,41.13,45.96,17.08,37.24
2012-07-15,Nagaland,119.48,163.3,62.0,53.69,3993.88,100.0,16.77,36.82,33.22,50.97
2012-07-16,Arunachal Pradesh,23.3,140.82,60.7,21.21,840.31,100.0,46.5,24.9,21.91,18.71
2012-07-17,Manipur,38.46,126.53,73.62,28.61,1013.34,100.0,16.94,54.22,13.45,23.21
2012-07-18,Mizoram,64.28,201.97,83.74,36.09,2681.02,95.07,48.49,71.87,10.59,35.1
2012-07-19,Manipur,56.94,203.84,89.25,48.91,686.17,100.0,0.11,27.01,15.81,52.8
2012-07-20,Tripura,134.86,248.32,91.57,29.57,3560.77,100.0,31.71,46.54,18.0,49.09
2012-07-21,Nagaland,70.22,189.61,91.9,51.57,484.22,100.0,39.5,68.3,15.17,47.4
2012-07-22,Nagaland,30.14,72.18,68.67,15.46,3934.1,100.0,14.0,4.08,19.14,40.51
2012-07-23,Sikkim,52.59,110.17,84.75,25.38,3504.84,100.0,5.85,25.77,31.97,33.59
2012-07-24,Manipur,93.36,252.94,95.74,33.45,3366.64,100.0,1.22,62.94,11.2,58.0
2012-07-25,Meghalaya,92.18,158.7,76.83,26.78,1658.51,100.0,3.72,28.48,30.03,39.12
2012-07-26,Arunachal Pradesh,94.87,200.16,100.0,7.49,2078.88,100.0,27.15,7.16,20.64,42.05
2012-07-27,Assam,134.8,215.89,100.0,18.35,1852.61,100.0,41.96,34.07,32.66,48.34
2012-07-28,Meghalaya,149.78,248.44,97.47,20.54,3950.34,100.0,3.16,40.89,26.68,43.68
2012-07-29,Arunachal Pradesh,113.92,200.67,59.22,35.33,187.56,100.0,5.66,78.88,14.12,41.43
2012-07-30,Arunachal Pradesh,77.64,224.34,59.61,27.71,1557.75,100.0,0.26,93.38,33.99,40.73
2012-07-31,Sikkim,65.16,168.29,82.85,35.0,3875.13,100.0,14.11,51.05,13.87,47.01
2012-08-01,Sikkim,190.12,368.85,100.0,18.32,1509.09,100.0,46.06,57.95,18.41,53.77
2012-08-02,Meghalaya,90.73,113.82,51.92,42.82,1623.61,100.0,13.81,20.57,34.47,39.16
2012-08-03,Tripura,105.97,210.35,87.38,14.0,2543.64,100.0,22.04,10.11,15.3,42.72
2012-08-04,Tripura,58.8,122.9,50.88,47.74,3633.71,100.0,8.95,69.39,25.78,52.76
2012-08-05,Assam,58.38,157.26,80.04,62.31,1213.36,100.0,5.81,27.44,34.44,48.88
2012-08-06,Mizoram,36.05,200.34,89.04,50.98,3793.04,100.0,9.12,68.74,27.22,50.92
2012-08-07,Manipur,86.45,84.06,65.69,15.97,1166.12,100.0,10.52,74.12,26.57,37.93
2012-08-08,Meghalaya,58.35,153.51,75.73,33.27,3270.81,100.0,6.51,21.55,25.54,31.56
2012-08-09,Nagaland,66.57,238.05,83.2,50.53,1139.56,100.0,39.58,20.74,23.89,41.56
2012-08-10,Tripura,147.73,251.21,87.07,30.29,338.29,100.0,23.86,59.87,33.73,45.75
2012-08-11,Mizoram,25.52,94.27,76.24,66.65,3258.6,100.0,26.99,78.47,23.59,54.06
2012-08-12,Assam,51.24,153.92,77.01,30.57,1827.8,100.0,18.73,20.87,26.58,40.25
2012-08-13,Assam,98.26,111.15,69.55,50.13,1593.46,97.24,10.54,65.37,28.47,38.4
2012-08-14,Meghalaya,94.38,202.22,81.74,23.49,1748.04,100.0,4.7,66.92,23.19,48.96
2012-08-15,Sikkim,167.74,269.85,100.0,43.25,2465.73,100.0,3.8,66.25,32.19,66.83
2012-08-16,Meghalaya,17.07,157.52,85.89,22.58,1087.64,100.0,9.26,29.09,10.57,29.72
2012-08-17,Mizoram,156.48,276.42,85.86,27.04,987.23,100.0,42.51,67.31,19.88,55.91
2012-08-18,Sikkim,33.27,71.5,63.19,48.78,1959.58,100.0,10.83,31.1,25.42,37.47
2012-08-19,Mizoram,67.96,185.8,73.77,3.28,190.75,100.0,17.74,29.32,10.47,24.0
2012-08-20,Nagaland,24.7,106.57,66.02,11.27,2589.26,100.0,28.64,19.01,33.42,19.64
2012-08-21,Sikkim,6.1,94.99,71.53,10.48,3300.23,100.0,25.57,30.36,30.66,40.32
2012-08-22,Nagaland,154.53,358.21,89.87,58.93,2923.3,100.0,33.29,78.81,15.48,65.55
2012-08-23,Tripura,45.73,95.19,42.78,16.49,1903.74,100.0,9.72,27.25,18.29,28.62
2012-08-24,Nagaland,120.47,299.46,90.0,73.82,2283.29,100.0,26.2,72.01,26.93,57.2
2012-08-25,Mizoram,58.04,212.16,71.48,9.62,153.41,100.0,38.39,47.92,18.53,40.95
2012-08-26,Arunachal Pradesh,170.28,274.68,92.5,5.83,3653.8,100.0,19.38,25.8,31.42,53.07
2012-08-27,Mizoram,62.24,116.49,88.68,19.7,2254.35,100.0,48.59,15.28,16.21,34.6
2012-08-28,Nagaland,72.91,161.25,89.93,27.96,1299.82,100.0,28.9,62.82,30.46,51.35
2012-08-29,Arunachal Pradesh,50.6,117.92,54.87,48.44,1209.65,100.0,33.74,64.61,21.62,31.91
2012-08-30,Nagaland,35.94,172.27,87.49,19.26,2655.65,100.0,22.95,23.01,21.33,32.16
2012-08-31,Manipur,128.45,208.12,80.97,55.77,2358.1,100.0,42.89,43.6,14.21,53.38
2012-09-01,Arunachal Pradesh,84.16,186.03,82.36,49.64,791.98,100.0,22.57,39.45,34.58,43.16
2012-09-02,Assam,7.66,30.87,31.46,25.42,1669.18,100.0,47.11,0.0,18.62,21.36
2012-09-03,Mizoram,172.77,313.49,82.89,42.98,2720.92,100.0,15.37,81.73,15.12,65.36
2012-09-04,Manipur,74.0,246.67,100.0,23.29,1225.74,100.0,43.29,53.53,10.81,50.13
2012-09-05,Assam,37.98,179.89,76.47,21.61,2061.64,100.0,31.97,20.85,22.34,34.36
2012-09-06,Meghalaya,23.07,99.75,67.79,45.55,1056.77,100.0,39.95,56.9,10.81,31.48
2012-09-07,Assam,39.54,134.49,90.81,23.59,333.14,100.0,1.89,52.93,21.38,35.93
2012-09-08,Assam,102.71,222.92,81.0,44.24,1583.57,100.0,13.86,53.41,32.57,52.99
2012-09-09,Meghalaya,132.69,236.87,83.93,33.34,2941.71,100.0,42.35,59.4,22.45,49.95
2012-09-10,Manipur,68.71,229.72,100.0,50.19,894.71,100.0,15.92,66.69,11.08,52.72
2012-09-11,Mizoram,244.0,468.79,100.0,36.63,3030.29,100.0,35.63,74.91,16.61,70.8
2012-09-12,Nagaland,62.38,152.94,58.54,47.15,2694.49,100.0,49.61,49.46,11.22,43.75
2012-09-13,Mizoram,78.25,158.7,82.78,27.84,2054.11,100.0,8.86,47.11,32.05,45.16
2012-09-14,Sikkim,32.86,93.21,55.08,54.96,3887.25,100.0,20.88,50.94,16.0,53.41
2012-09-15,Sikkim,75.26,176.43,62.95,18.21,3539.49,100.0,8.26,27.93,11.63,29.21
2012-09-16,Nagaland,138.46,256.28,92.6,43.81,2274.55,100.0,7.71,46.5,34.11,57.77
2012-09-17,Manipur,186.74,375.68,100.0,8.81,2253.23,100.0,31.65,83.91,22.18,69.06
2012-09-18,Meghalaya,119.54,248.48,72.31,42.58,1147.2,100.0,9.57,48.61,20.14,55.71
2012-09-19,Arunachal Pradesh,17.62,38.28,29.92,44.42,3684.78,100.0,24.13,10.41,33.18,37.15
2012-09-20,Meghalaya,29.91,48.99,48.6,63.13,3588.92,100.0,48.9,70.04,23.27,35.76
2012-09-21,Mizoram,17.62,116.07,46.71,42.03,2981.12,100.0,16.66,41.77,17.04,34.82
2012-09-22,Manipur,42.15,66.97,34.25,15.68,555.13,100.0,43.68,23.05,29.8,13.46
2012-09-23,Arunachal Pradesh,54.41,117.67,63.62,35.15,2829.4,100.0,19.82,38.21,16.79,33.48
2012-09-24,Tripura,36.23,86.76,73.94,19.17,1049.8,100.0,13.14,53.37,21.07,39.53
2012-09-25,Meghalaya,114.12,171.64,86.15,18.94,795.8,100.0,16.81,17.17,30.08,33.35
2012-09-26,Mizoram,34.65,114.39,61.27,29.02,3048.89,100.0,6.38,57.91,33.29,35.51
2012-09-27,Arunachal Pradesh,103.27,199.96,99.23,1.89,3840.95,100.0,33.95,37.58,25.15,37.16
2012-09-28,Manipur,127.21,215.3,100.0,58.19,480.18,100.0,25.45,79.01,22.62,60.28
2012-09-29,Sikkim,66.85,233.68,94.1,35.87,697.71,100.0,30.69,42.22,11.9,36.83
2012-09-30,Mizoram,148.98,176.24,69.76,15.59,915.98,100.0,15.15,89.08,25.43,46.38
2012-10-01,Meghalaya,110.17,180.72,99.58,22.42,3853.5,100.0,32.67,37.05,18.16,51.58
2012-10-02,Assam,52.98,106.4,84.06,30.0,2800.77,100.0,8.23,34.4,22.86,37.48
2012-10-03,Manipur,77.42,111.79,66.16,18.5,2729.24,100.0,32.62,12.23,28.62,39.09
2012-10-04,Manipur,56.84,225.58,100.0,18.78,2044.86,100.0,4.06,39.39,26.01,45.02
2012-10-05,Assam,124.66,326.89,93.66,30.4,2173.5,100.0,20.01,40.7,12.42,50.91
2012-10-06,Meghalaya,112.1,190.77,47.15,55.21,1196.18,100.0,30.49,99.97,19.93,47.37
2012-10-07,Manipur,94.72,242.83,74.0,51.99,660.46,100.0,42.77,24.31,14.99,50.47
2012-10-08,Tripura,25.2,111.66,65.43,41.85,3132.09,100.0,40.62,0.0,13.78,31.04
2012-10-09,Nagaland,51.12,192.92,77.47,14.76,1909.24,100.0,26.35,25.5,15.51,33.37
2012-10-10,Mizoram,44.33,112.21,76.87,23.41,1061.23,100.0,44.17,40.26,33.02,43.11
2012-10-11,Tripura,11.98,85.24,34.76,42.7,2549.49,100.0,25.3,67.0,27.81,38.22
2012-10-12,Meghalaya,30.99,152.58,48.53,18.15,877.36,100.0,25.86,37.05,32.7,23.53
2012-10-13,Assam,31.55,147.3,80.9,39.95,1980.67,93.88,36.03,38.05,22.66,39.42
2012-10-14,Mizoram,68.36,158.61,50.18,5.1,801.37,100.0,43.89,28.55,10.03,30.88
2012-10-15,Manipur,121.11,193.96,74.73,37.9,3050.7,100.0,30.14,63.79,10.86,47.02
2012-10-16,Tripura,55.62,102.9,60.95,59.72,1317.17,100.0,47.21,26.75,13.62,45.89
2012-10-17,Manipur,70.69,82.07,46.66,53.67,1794.71,100.0,11.63,64.75,29.52,44.14
2012-10-18,Nagaland,70.71,187.55,86.18,54.53,3031.78,100.0,46.22,18.76,15.04,57.88
2012-10-19,Assam,76.71,173.55,43.78,43.76,2655.41,100.0,11.08,44.34,12.54,39.93
2012-10-20,Sikkim,83.19,186.36,100.0,35.16,1628.83,100.0,26.32,44.25,31.52,49.36
2012-10-21,Sikkim,147.87,270.8,89.21,63.95,330.56,100.0,39.8,40.51,15.71,53.7
2012-10-22,Arunachal Pradesh,67.38,105.34,58.51,19.05,3690.35,100.0,40.08,30.74,22.56,32.55
2012-10-23,Sikkim,149.37,286.56,100.0,41.28,81.3,100.0,13.91,50.54,18.49,52.88
2012-10-24,Nagaland,81.25,196.08,58.82,47.4,2951.65,100.0,49.29,58.16,32.41,50.53
2012-10-25,Sikkim,73.44,125.43,49.41,20.57,3784.35,100.0,4.03,38.6,27.62,27.64
2012-10-26,Sikkim,212.08,366.99,100.0,29.55,1261.35,100.0,1.74,68.91,21.35,50.32
2012-10-27,Mizoram,132.16,222.3,61.11,30.47,348.0,100.0,42.08,37.32,31.58,42.97
2012-10-28,Manipur,12.85,60.65,59.56,52.08,1035.7,92.58,40.95,45.14,28.17,34.33
2012-10-29,Tripura,101.49,156.81,62.27,28.69,1288.0,100.0,35.64,64.26,30.22,37.09
2012-10-30,Assam,32.79,88.46,33.45,25.06,1832.72,100.0,42.54,47.31,34.44,27.09
2012-10-31,Mizoram,83.72,240.68,96.04,48.85,2124.69,100.0,6.88,64.55,15.08,44.82
2012-11-01,Manipur,36.96,85.36,65.42,58.82,2915.05,100.0,4.78,28.62,15.06,49.28
2012-11-02,Assam,93.26,162.65,72.55,60.25,3608.62,100.0,48.47,4.55,23.91,42.21
2012-11-03,Assam,174.23,286.62,100.0,11.73,1885.93,100.0,31.21,4.77,23.32,52.53
2012-11-04,Manipur,105.61,200.8,68.59,46.94,2998.0,100.0,45.99,66.34,31.73,44.18
2012-11-05,Arunachal Pradesh,63.49,216.92,96.38,10.31,552.44,100.0,45.32,20.8,13.9,27.6
2012-11-06,Arunachal Pradesh,57.18,192.0,83.31,53.3,1348.69,100.0,32.66,30.25,20.63,39.73
2012-11-07,Manipur,158.62,282.2,100.0,58.78,516.41,100.0,31.42,54.52,23.2,61.11
2012-11-08,Sikkim,103.25,179.16,68.27,30.01,2782.38,100.0,18.0,40.2,21.6,47.84
2012-11-09,Assam,152.84,208.83,61.0,12.29,3635.2,100.0,7.46,38.71,11.68,52.14
2012-11-10,Sikkim,116.65,188.52,67.47,45.42,3561.78,100.0,34.33,36.9,13.7,53.65
2012-11-11,Arunachal Pradesh,74.59,82.9,55.62,7.52,1339.47,100.0,40.89,40.35,13.84,20.54
2012-11-12,Manipur,97.76,226.24,95.46,9.93,975.17,100.0,27.23,33.22,24.9,38.93
2012-11-13,Arunachal Pradesh,184.84,380.69,100.0,50.88,1132.5,100.0,2.54,68.46,20.72,65.2
2012-11-14,Sikkim,79.12,153.67,73.96,13.18,1184.97,100.0,7.25,13.47,14.45,32.65
2012-11-15,Tripura,54.66,147.34,95.35,62.63,374.87,100.0,5.1,95.03,28.42,55.56
2012-11-16,Nagaland,51.57,83.79,56.4,59.57,576.71,100.0,32.89,44.86,30.07,34.87
2012-11-17,Tripura,119.01,150.92,62.2,22.93,897.21,100.0,28.24,47.42,15.25,48.82
2012-11-18,Arunachal Pradesh,60.74,143.33,75.27,8.34,82.27,100.0,23.33,31.96,28.07,27.74
2012-11-19,Nagaland,68.59,168.22,47.91,16.16,236.56,100.0,27.17,59.78,11.59,35.65
2012-11-20,Manipur,139.05,326.73,79.58,50.1,2809.27,100.0,13.8,50.76,31.4,51.45
2012-11-21,Meghalaya,30.36,178.06,73.6,70.68,2496.33,100.0,40.24,73.66,34.07,59.95
2012-11-22,Nagaland,83.98,164.82,58.97,22.06,3784.42,100.0,16.43,31.21,13.9,41.69
2012-11-23,Manipur,147.44,307.65,92.41,54.89,1636.94,100.0,32.22,71.99,29.65,60.25
2012-11-24,Nagaland,94.8,204.8,94.98,39.0,1805.11,100.0,19.54,43.07,12.43,50.4
2012-11-25,Sikkim,84.52,176.86,83.27,36.45,317.55,100.0,3.61,84.19,34.03,49.74
2012-11-26,Tripura,113.23,218.34,82.51,40.35,651.39,100.0,12.85,49.76,21.3,49.56
2012-11-27,Assam,96.95,189.63,79.17,38.08,2781.85,100.0,48.25,16.89,23.38,41.55
2012-11-28,Meghalaya,73.61,156.34,64.9,13.25,978.41,100.0,9.53,29.67,29.1,26.29
2012-11-29,Sikkim,15.24,139.12,80.56,26.56,3104.45,100.0,5.25,39.86,16.22,44.67
2012-11-30,Meghalaya,116.79,233.77,98.64,4.9,2837.44,100.0,14.56,38.45,19.97,45.37
2012-12-01,Mizoram,27.28,160.6,86.98,33.91,3001.69,100.0,43.9,17.56,11.75,33.11
2012-12-02,Meghalaya,121.98,197.04,93.58,18.99,2777.8,100.0,15.3,15.52,25.37,42.76
2012-12-03,Mizoram,14.74,0.0,40.81,59.77,2845.27,100.0,20.87,77.05,29.98,43.35
2012-12-04,Mizoram,40.22,91.81,47.89,61.72,2209.86,100.0,15.5,45.52,31.3,46.42
2012-12-05,Nagaland,93.41,156.67,68.82,38.5,2729.04,100.0,49.45,42.48,23.41,41.19
2012-12-06,Nagaland,70.43,95.9,60.93,46.11,2128.41,100.0,49.99,84.42,29.15,40.27
2012-12-07,Assam,61.97,194.97,68.88,14.5,864.05,100.0,24.14,52.79,13.75,32.69
2012-12-08,Assam,204.5,303.29,100.0,23.62,909.55,100.0,39.24,51.46,28.59,61.56
2012-12-09,Arunachal Pradesh,123.78,258.98,100.0,29.91,1650.95,100.0,11.0,55.57,10.11,59.12
2012-12-10,Mizoram,15.94,154.47,69.09,40.13,104.97,100.0,18.71,85.42,14.87,37.81
2012-12-11,Manipur,147.19,224.78,100.0,30.28,3562.72,100.0,33.97,34.95,25.87,56.02
2012-12-12,Arunachal Pradesh,136.44,245.42,97.48,31.06,1109.65,100.0,14.32,66.76,18.01,51.84
2012-12-13,Assam,108.24,266.48,85.85,48.04,253.58,100.0,11.23,74.29,20.27,47.28
2012-12-14,Tripura,56.42,118.01,69.78,53.13,1726.48,100.0,46.11,49.57,30.65,44.83
2012-12-15,Meghalaya,118.84,241.56,76.7,64.69,3271.61,100.0,12.21,55.58,24.28,58.06
2012-12-16,Manipur,85.25,203.45,67.49,33.44,1619.54,100.0,2.96,55.13,19.97,43.39
2012-12-17,Arunachal Pradesh,130.97,253.4,97.83,13.01,1087.6,100.0,37.55,41.79,21.64,49.11
2012-12-18,Sikkim,42.57,95.93,66.52,35.56,2202.36,100.0,12.16,51.75,31.21,30.93
2012-12-19,Assam,52.54,97.57,99.93,44.58,2318.8,100.0,22.51,9.27,22.14,30.51
2012-12-20,Nagaland,32.82,55.44,48.76,37.21,3048.8,100.0,5.58,97.81,31.88,41.16
2012-12-21,Mizoram,45.28,141.79,60.42,12.53,3209.03,100.0,3.43,42.33,16.18,41.76
2012-12-22,Arunachal Pradesh,59.93,113.58,76.56,42.33,2839.52,100.0,23.02,52.2,23.34,47.92
2012-12-23,Assam,97.12,243.52,88.33,27.0,67.93,100.0,16.85,88.96,19.23,44.72
2012-12-24,Arunachal Pradesh,45.69,182.1,66.71,38.29,58.21,100.0,25.3,34.86,24.78,37.53
2012-12-25,Arunachal Pradesh,81.45,125.91,56.39,14.04,3910.93,100.0,48.29,15.72,24.39,34.16
2012-12-26,Assam,145.53,297.82,96.87,9.81,1093.61,100.0,20.37,38.16,24.28,50.05
2012-12-27,Assam,107.91,294.22,100.0,14.5,1165.28,100.0,30.13,90.12,23.19,47.44
2012-12-28,Sikkim,59.0,104.29,67.33,27.07,2942.35,100.0,4.88,32.11,21.36,33.54
2012-12-29,Mizoram,4.66,105.01,48.5,42.37,2347.26,100.0,44.3,96.84,32.76,25.19
2012-12-30,Arunachal Pradesh,83.99,198.47,100.0,60.69,1881.08,100.0,40.29,49.54,16.7,54.53
2012-12-31,Manipur,55.82,172.15,60.82,14.13,509.94,100.0,26.12,0.0,20.85,30.62
2013-01-01,Meghalaya,35.07,72.35,43.41,1.35,371.88,100.0,9.17,0.0,15.28,21.81
2013-01-02,Arunachal Pradesh,86.02,255.24,100.0,36.54,2829.31,100.0,21.3,65.59,18.31,47.46
2013-01-03,Nagaland,135.74,226.82,100.0,20.68,542.19,100.0,14.87,55.98,16.22,48.5
2013-01-04,Assam,51.53,152.93,75.89,26.11,1771.45,100.0,49.73,45.6,26.74,35.62
2013-01-05,Nagaland,125.95,236.39,67.92,39.13,2957.7,100.0,24.54,32.62,27.69,43.99
2013-01-06,Tripura,70.04,176.53,76.76,49.07,3696.64,100.0,21.11,28.32,16.92,51.5
2013-01-07,Tripura,102.92,165.05,52.5,67.92,3500.66,55.8,8.45,31.55,34.59,52.68
2013-01-08,Sikkim,143.97,216.86,100.0,52.14,3462.93,100.0,11.96,51.47,17.11,57.88
2013-01-09,Nagaland,4.78,68.65,58.04,45.35,1466.07,97.07,35.58,46.52,30.71,38.02
2013-01-10,Arunachal Pradesh,105.73,193.91,90.8,29.05,3712.32,100.0,26.75,69.61,17.31,53.87
2013-01-11,Arunachal Pradesh,197.32,329.92,100.0,42.3,2750.47,100.0,17.9,83.0,20.33,64.36
2013-01-12,Arunachal Pradesh,161.38,313.86,100.0,18.91,3551.63,100.0,14.85,54.47,26.62,48.01
2013-01-13,Sikkim,36.83,45.45,41.55,25.84,401.25,100.0,10.04,81.15,23.94,26.36
2013-01-14,Arunachal Pradesh,94.89,240.61,75.24,43.96,206.25,100.0,1.69,57.09,22.66,48.8
2013-01-15,Mizoram,215.49,378.01,100.0,51.37,1747.1,100.0,48.86,28.31,29.86,62.15
2013-01-16,Nagaland,62.89,174.85,88.17,14.69,3320.66,100.0,37.66,8.2,27.69,29.54
2013-01-17,Meghalaya,143.95,287.02,100.0,22.33,1663.7,100.0,46.39,52.08,32.85,49.9
2013-01-18,Mizoram,90.29,208.73,100.0,30.25,3544.36,100.0,20.63,19.31,15.77,38.09
2013-01-19,Sikkim,66.0,101.05,78.14,41.34,977.35,100.0,43.47,67.14,10.41,44.1
2013-01-20,Manipur,143.32,311.57,92.04,23.14,205.41,100.0,12.81,57.39,35.0,61.68
2013-01-21,Nagaland,143.14,275.63,84.53,42.03,3057.08,100.0,25.49,85.53,17.09,62.46
2013-01-22,Assam,39.06,89.58,44.75,60.55,2523.37,100.0,10.12,54.8,11.07,47.37
2013-01-23,Manipur,159.12,283.67,94.47,12.89,1788.36,100.0,38.52,0.0,16.18,41.15
2013-01-24,Sikkim,1.61,66.9,24.68,47.85,3388.77,100.0,24.88,70.92,26.72,31.07
2013-01-25,Arunachal Pradesh,64.27,153.61,91.2,11.72,3305.49,100.0,26.81,30.1,24.7,31.37
2013-01-26,Manipur,87.24,204.74,65.58,44.93,1331.91,100.0,42.97,52.84,15.17,47.19
2013-01-27,Tripura,63.19,210.93,64.96,20.19,3360.0,100.0,36.96,50.74,14.66,43.97
2013-01-28,Arunachal Pradesh,83.95,134.46,60.8,43.83,1413.38,77.38,48.31,42.63,21.11,37.68
2013-01-29,Arunachal Pradesh,55.05,162.59,52.38,19.43,2506.52,100.0,20.27,47.36,10.34,35.05
2013-01-30,Nagaland,78.97,164.16,82.5,21.97,810.37,100.0,23.07,42.17,10.06,30.96
2013-01-31,Tripura,126.02,284.73,82.46,33.65,1093.56,100.0,30.77,54.45,25.42,49.22
2013-02-01,Assam,83.26,239.92,95.51,16.55,1819.12,100.0,22.67,13.68,18.13,35.85
2013-02-02,Assam,187.09,338.48,100.0,11.9,1292.65,100.0,20.98,50.68,10.6,54.98
2013-02-03,Mizoram,82.4,198.44,71.45,11.81,560.11,100.0,17.03,33.41,21.5,37.63
2013-02-04,Mizoram,69.35,202.67,69.77,9.57,1955.18,100.0,41.59,49.03,33.39,30.2
2013-02-05,Nagaland,225.03,427.47,100.0,51.87,2069.86,100.0,26.67,94.71,16.37,68.5
2013-02-06,Manipur,146.31,319.74,87.71,32.78,676.89,100.0,30.37,54.63,16.28,52.46
2013-02-07,Mizoram,115.74,211.69,76.03,53.17,738.54,100.0,10.2,51.65,21.7,50.93
2013-02-08,Sikkim,20.26,59.72,52.95,18.24,165.92,100.0,12.59,49.41,13.71,24.87
2013-02-09,Mizoram,173.86,265.35,72.32,20.34,169.88,100.0,16.99,61.34,25.95,42.53
2013-02-10,Arunachal Pradesh,126.62,232.12,76.79,59.34,1466.59,100.0,23.27,49.91,30.98,48.25
2013-02-11,Manipur,32.28,95.06,61.38,12.0,629.28,100.0,2.2,0.0,14.86,24.61
2013-02-12,Mizoram,112.11,212.42,83.0,30.2,3680.41,100.0,44.42,82.62,26.47,42.25
2013-02-13,Manipur,41.23,131.53,26.3,46.36,837.69,100.0,45.19,62.75,32.2,26.82
2013-02-14,Mizoram,159.84,310.48,100.0,53.11,310.55,84.38,33.08,86.47,32.58,72.61
2013-02-15,Manipur,165.07,294.99,100.0,12.91,1646.47,100.0,15.8,23.49,23.82,46.62
2013-02-16,Mizoram,135.84,267.63,84.94,42.75,810.24,100.0,19.27,74.36,13.81,47.93
2013-02-17,Nagaland,55.75,166.69,47.31,17.87,293.99,100.0,36.7,16.25,26.48,19.84
2013-02-18,Sikkim,131.73,215.65,71.66,71.5,3023.27,100.0,14.31,88.69,28.37,68.98
2013-02-19,Mizoram,26.27,126.73,53.44,18.31,2250.54,100.0,30.45,29.37,28.86,24.18
2013-02-20,Meghalaya,90.77,161.7,90.34,29.41,275.19,100.0,45.31,14.28,33.36,36.79
2013-02-21,Meghalaya,68.08,209.68,65.53,18.58,1898.67,100.0,20.52,44.03,25.38,34.73
2013-02-22,Mizoram,66.24,156.01,65.83,50.83,203.39,100.0,29.35,61.53,21.65,35.21
2013-02-23,Meghalaya,27.97,94.51,84.08,56.13,1449.54,100.0,46.43,59.71,22.56,34.43
2013-02-24,Arunachal Pradesh,87.56,109.76,64.37,47.04,1484.98,100.0,17.03,45.57,18.04,44.6
2013-02-25,Nagaland,38.81,134.52,69.84,17.05,3300.78,100.0,37.98,0.0,11.43,23.09
2013-02-26,Mizoram,57.92,140.68,66.62,47.46,2954.38,100.0,37.76,77.21,27.94,56.51
2013-02-27,Meghalaya,115.25,229.84,100.0,10.61,3592.93,100.0,46.42,50.72,10.5,38.78
2013-02-28,Tripura,87.01,176.79,81.42,6.62,605.04,100.0,42.93,32.22,11.6,27.2
2013-03-01,Tripura,59.06,163.59,100.0,28.5,2158.37,100.0,37.44,66.33,18.35,46.67
2013-03-02,Arunachal Pradesh,39.5,142.27,97.89,42.53,129.75,100.0,31.83,19.34,33.28,39.0
2013-03-03,Arunachal Pradesh,103.73,224.95,89.7,60.19,3310.81,100.0,12.06,55.34,22.08,64.38
2013-03-04,Mizoram,107.96,264.63,92.37,5.45,1497.99,100.0,33.53,59.38,15.38,45.55
2013-03-05,Tripura,50.92,97.61,61.98,12.25,323.76,100.0,13.82,69.42,32.43,36.86
2013-03-06,Arunachal Pradesh,62.17,119.54,55.41,20.37,1332.4,100.0,22.0,22.99,24.29,38.04
2013-03-07,Sikkim,89.37,200.33,82.07,29.65,1183.3,100.0,35.48,9.34,19.25,37.25
2013-03-08,Arunachal Pradesh,38.7,134.52,45.27,65.79,3075.7,100.0,33.74,71.0,27.89,35.21
2013-03-09,Mizoram,97.71,217.24,72.77,32.68,550.12,100.0,20.06,75.7,21.03,53.28
2013-03-10,Meghalaya,33.55,48.83,61.56,37.39,2245.31,100.0,9.13,0.0,28.25,34.86
2013-03-11,Sikkim,43.32,66.88,61.45,49.04,3185.98,100.0,24.21,38.38,15.46,41.3
2013-03-12,Manipur,2.18,45.88,47.27,48.55,2971.18,100.0,13.5,61.34,13.75,42.28
2013-03-13,Assam,41.59,40.82,54.45,38.86,3746.83,100.0,12.77,63.09,21.52,37.52
2013-03-14,Sikkim,14.05,81.52,78.9,43.84,52.49,94.16,16.34,8.58,17.99,28.81
2013-03-15,Nagaland,60.24,137.36,61.69,41.61,1447.52,100.0,35.31,39.51,25.13,43.24
2013-03-16,Mizoram,51.46,90.62,36.6,1.65,1509.86,100.0,24.86,9.85,29.72,20.86
2013-03-17,Tripura,15.53,51.23,59.65,33.31,181.57,100.0,18.66,11.45,32.54,24.42
2013-03-18,Manipur,81.11,176.05,83.25,41.52,3278.2,100.0,45.03,52.5,29.01,54.61
2013-03-19,Meghalaya,158.38,227.83,96.96,49.37,2771.12,100.0,35.34,64.13,18.54,66.71
2013-03-20,Arunachal Pradesh,200.37,326.42,87.33,45.65,2135.93,100.0,24.73,100.0,28.18,64.62
2013-03-21,Assam,18.43,67.12,30.92,19.14,1649.82,100.0,21.06,0.0,23.25,11.68
2013-03-22,Arunachal Pradesh,92.72,177.08,79.39,23.63,3586.89,100.0,40.94,50.17,32.65,38.45
2013-03-23,Assam,105.81,197.88,82.5,8.6,1094.64,100.0,8.65,18.16,27.67,34.09
2013-03-24,Manipur,121.08,285.98,91.84,9.85,1371.44,100.0,33.21,20.02,13.76,39.52
2013-03-25,Assam,64.33,184.44,98.59,42.02,3812.89,99.67,1.05,44.04,11.95,51.68
2013-03-26,Meghalaya,102.25,177.65,75.38,25.85,305.27,100.0,0.35,46.37,23.6,56.86
2013-03-27,Sikkim,123.71,194.07,97.28,57.44,3133.42,100.0,46.59,46.4,19.13,61.37
2013-03-28,Mizoram,171.73,291.06,100.0,14.28,2886.34,100.0,25.7,40.96,14.2,59.14
2013-03-29,Manipur,87.89,230.93,69.84,8.24,3612.46,100.0,15.76,37.02,29.94,39.07
2013-03-30,Meghalaya,11.78,0.0,26.7,55.35,407.73,100.0,39.73,46.07,19.39,28.1
2013-03-31,Manipur,66.98,153.81,51.53,25.71,3883.25,100.0,49.24,61.03,12.15,40.41
2013-04-01,Mizoram,101.97,190.64,84.6,25.82,163.91,100.0,1.72,38.01,16.56,48.32
2013-04-02,Meghalaya,55.1,180.59,77.59,2.68,1383.93,100.0,1.9,31.4,26.92,36.96
2013-04-03,Sikkim,116.57,264.1,100.0,39.28,385.06,100.0,42.74,56.77,26.2,55.0
2013-04-04,Assam,25.39,29.36,54.8,24.64,252.15,100.0,27.84,59.88,16.56,24.08
2013-04-05,Meghalaya,193.02,387.4,98.01,12.57,3860.65,100.0,44.14,64.74,18.53,51.13
2013-04-06,Nagaland,53.91,37.52,40.57,33.79,2892.69,100.0,34.73,38.38,11.25,36.84
2013-04-07,Sikkim,29.71,119.06,32.16,48.94,2047.47,100.0,23.53,45.57,33.83,37.71
2013-04-08,Tripura,39.6,137.49,71.9,23.88,477.35,100.0,8.07,36.2,18.18,29.84
2013-04-09,Mizoram,145.96,336.34,100.0,41.58,2127.79,100.0,19.49,25.52,33.24,68.08
2013-04-10,Mizoram,42.64,123.06,66.57,42.83,1314.21,100.0,39.36,35.22,30.35,31.91
2013-04-11,Meghalaya,96.1,167.57,76.53,4.73,1122.77,100.0,11.7,39.75,18.38,35.32
2013-04-12,Assam,175.05,272.24,94.19,10.29,2491.51,100.0,35.62,42.56,27.35,48.82
2013-04-13,Assam,38.33,165.91,78.52,16.61,3174.15,100.0,12.37,31.59,21.84,32.2
2013-04-14,Manipur,153.35,347.91,100.0,14.88,1800.87,100.0,23.18,80.75,34.42,53.54
2013-04-15,Arunachal Pradesh,122.63,216.0,92.47,29.76,1998.53,100.0,4.27,54.4,25.96,47.63
2013-04-16,Manipur,12.19,69.17,42.25,48.08,2623.14,100.0,22.75,17.39,22.98,26.71
2013-04-17,Meghalaya,131.52,301.81,89.4,32.49,542.32,86.89,30.64,24.86,25.95,51.62
2013-04-18,Arunachal Pradesh,133.06,280.35,76.68,38.56,3323.0,100.0,28.17,76.29,15.51,60.3
2013-04-19,Assam,10.78,58.7,51.25,40.48,3355.91,100.0,20.32,18.12,17.66,27.29
2013-04-20,Sikkim,77.99,136.6,50.73,32.18,2187.13,100.0,18.48,45.23,27.82,35.08
2013-04-21,Arunachal Pradesh,86.55,146.17,91.02,20.25,790.86,100.0,13.77,50.7,12.09,42.58
2013-04-22,Mizoram,62.72,182.22,69.98,13.17,2028.02,100.0,38.36,40.2,17.56,35.33
2013-04-23,Mizoram,55.53,118.62,34.19,22.14,468.46,100.0,39.13,64.53,25.49,29.59
2013-04-24,Manipur,21.56,66.08,36.18,51.42,3064.99,100.0,24.15,38.98,34.89,34.58
2013-04-25,Nagaland,104.32,230.95,88.22,19.75,1279.06,100.0,19.13,49.08,33.14,47.39
2013-04-26,Mizoram,2.72,57.3,61.25,5.56,1278.82,100.0,31.87,10.1,30.81,24.06
2013-04-27,Sikkim,81.23,187.42,82.79,39.65,3782.94,99.36,27.89,42.96,22.52,44.64
2013-04-28,Nagaland,61.85,129.82,53.63,5.86,1716.34,100.0,33.36,41.96,30.12,29.92
2013-04-29,Manipur,70.62,141.3,59.69,22.9,3168.82,100.0,15.3,54.09,23.97,35.97
2013-04-30,Assam,111.08,187.25,67.12,20.65,2566.79,100.0,39.42,7.97,21.46,27.21
2013-05-01,Nagaland,62.23,171.71,82.84,27.8,1298.89,100.0,15.84,25.61,15.59,33.62
2013-05-02,Manipur,99.6,202.8,82.3,14.4,538.97,100.0,20.94,41.68,33.77,48.07
2013-05-03,Manipur,73.07,171.33,67.55,26.02,3201.08,100.0,6.62,51.87,24.96,46.84
2013-05-04,Sikkim,54.88,91.53,48.41,30.19,3061.89,100.0,42.77,9.79,26.88,19.75
2013-05-05,Sikkim,79.63,197.28,71.61,4.35,718.2,100.0,32.21,20.83,13.53,27.29
2013-05-06,Meghalaya,111.39,229.57,86.04,10.59,1034.01,100.0,11.76,49.06,20.77,41.48
2013-05-07,Meghalaya,101.8,231.92,100.0,43.76,3076.64,100.0,42.59,69.54,34.12,55.23
2013-05-08,Mizoram,4.83,71.05,57.01,30.35,3935.34,100.0,35.24,40.17,28.94,28.04
2013-05-09,Nagaland,111.01,227.96,80.54,38.98,3382.38,100.0,22.11,49.1,32.07,54.89
2013-05-10,Meghalaya,92.8,116.39,57.06,24.45,2752.4,100.0,49.49,13.87,19.9,40.87
2013-05-11,Nagaland,10.31,110.98,87.72,65.73,3665.93,100.0,16.86,46.49,11.66,52.83
2013-05-12,Assam,122.42,180.81,88.53,16.47,1176.68,100.0,4.98,56.57,18.79,42.17
2013-05-13,Arunachal Pradesh,86.07,220.59,98.8,68.95,88.13,100.0,36.67,84.86,19.4,50.75
2013-05-14,Meghalaya,188.21,329.4,100.0,11.9,1317.82,100.0,37.85,31.68,17.53,54.48
2013-05-15,Nagaland,39.0,44.23,48.1,42.49,3889.14,100.0,2.95,67.53,23.17,31.44
2013-05-16,Meghalaya,110.5,212.31,100.0,45.47,3533.78,100.0,40.97,38.64,14.8,56.85
2013-05-17,Meghalaya,62.05,83.06,34.59,38.08,248.91,100.0,38.8,40.35,33.44,36.91
2013-05-18,Assam,150.53,320.11,100.0,38.02,2032.74,100.0,46.48,40.02,32.69,58.46
2013-05-19,Meghalaya,77.11,145.04,80.14,9.15,362.09,100.0,5.93,62.95,16.54,31.14
2013-05-20,Arunachal Pradesh,181.24,280.21,100.0,36.61,3166.67,100.0,30.04,73.32,26.29,57.55
2013-05-21,Meghalaya,23.54,111.74,50.99,14.56,1521.83,100.0,10.97,32.2,22.53,26.5
2013-05-22,Manipur,88.68,181.32,90.23,24.22,3652.18,100.0,19.97,31.78,16.25,53.05
2013-05-23,Sikkim,110.54,236.62,100.0,28.71,265.09,100.0,13.25,91.54,32.43,53.02
2013-05-24,Assam,117.93,222.34,73.9,44.73,2949.29,100.0,22.46,65.01,15.78,47.24
2013-05-25,Mizoram,158.76,334.4,96.77,14.41,1627.49,100.0,5.64,91.43,25.62,56.71
2013-05-26,Sikkim,92.99,173.42,59.18,5.2,1109.49,100.0,15.18,32.94,18.38,42.61
2013-05-27,Tripura,17.03,12.51,50.72,45.57,2093.92,100.0,3.55,37.63,30.65,24.63
2013-05-28,Sikkim,46.65,76.2,53.77,55.83,1967.67,100.0,24.59,62.27,25.51,47.43
2013-05-29,Assam,28.5,110.15,93.87,50.12,1427.8,100.0,14.83,49.9,30.81,41.66
2013-05-30,Assam,197.84,320.45,81.08,38.36,2612.98,100.0,29.52,66.6,18.69,63.72
2013-05-31,Nagaland,70.48,207.05,68.35,46.65,2662.2,100.0,22.82,61.66,10.28,52.01
2013-06-01,Nagaland,60.74,94.29,59.04,41.76,354.7,100.0,12.19,57.8,15.54,34.08
2013-06-02,Sikkim,102.36,244.27,98.83,50.86,2401.89,100.0,5.15,44.44,30.36,61.46
2013-06-03,Mizoram,111.39,199.76,89.25,47.38,2857.4,100.0,37.67,54.33,17.92,55.09
2013-06-04,Arunachal Pradesh,77.37,218.36,84.94,16.13,349.76,100.0,31.66,29.9,17.99,43.51
2013-06-05,Meghalaya,98.53,218.02,88.89,31.64,2653.57,100.0,1.65,60.6,21.24,52.31
2013-06-06,Assam,125.92,246.58,91.09,67.14,3225.71,100.0,49.47,68.68,16.87,71.37
2013-06-07,Mizoram,39.25,135.45,82.83,27.01,3336.18,100.0,32.12,26.08,30.18,28.45
2013-06-08,Sikkim,98.25,246.44,80.94,37.65,214.51,100.0,10.36,82.36,18.04,53.63
2013-06-09,Sikkim,92.72,187.05,70.76,23.87,2804.8,100.0,42.02,64.3,25.1,44.17
2013-06-10,Arunachal Pradesh,132.99,174.4,85.22,55.11,3198.06,100.0,44.11,78.72,21.28,52.22
2013-06-11,Tripura,135.59,301.38,100.0,20.01,1617.45,100.0,28.68,76.34,17.18,60.09
2013-06-12,Meghalaya,52.99,118.63,54.21,32.04,2194.22,100.0,44.28,49.66,16.63,29.12
2013-06-13,Nagaland,19.89,182.23,80.06,4.02,1097.21,100.0,1.46,43.7,22.55,34.39
2013-06-14,Tripura,79.82,145.62,63.45,10.2,1275.45,100.0,47.26,26.24,15.27,27.99
2013-06-15,Mizoram,105.04,192.33,86.79,71.46,2031.4,100.0,2.86,91.9,18.64,73.43
2013-06-16,Assam,154.83,312.02,77.79,45.06,647.0,100.0,32.12,67.3,10.98,59.3
2013-06-17,Mizoram,32.91,129.83,60.78,22.06,1513.54,100.0,17.29,22.86,29.76,32.88
2013-06-18,Manipur,18.79,95.09,50.41,19.45,1240.67,100.0,1.97,38.02,11.09,35.4
2013-06-19,Meghalaya,39.77,87.25,52.32,35.78,991.09,100.0,46.46,29.54,31.81,29.75
2013-06-20,Assam,17.5,29.84,7.88,48.94,1961.36,100.0,6.77,56.08,11.18,31.14
2013-06-21,Manipur,97.62,169.35,100.0,5.5,3362.78,100.0,42.69,45.22,31.2,34.69
2013-06-22,Assam,86.58,119.21,26.43,30.16,1006.94,100.0,16.52,54.53,26.1,33.47
2013-06-23,Tripura,105.95,291.47,100.0,18.71,2655.93,100.0,37.06,20.37,22.65,46.24
2013-06-24,Arunachal Pradesh,40.2,69.31,34.45,54.27,1054.06,95.58,12.71,9.39,13.62,21.62
2013-06-25,Sikkim,122.04,221.29,65.59,11.17,611.23,100.0,29.17,41.92,16.42,40.29
2013-06-26,Assam,46.89,148.03,71.68,22.79,3776.12,100.0,39.98,40.48,27.25,43.5
2013-06-27,Manipur,89.09,183.84,87.14,14.59,2551.28,100.0,28.31,62.42,22.8,47.09
2013-06-28,Manipur,193.02,315.88,87.04,32.05,463.16,100.0,15.33,45.68,22.86,62.5
2013-06-29,Manipur,42.64,108.01,44.98,6.11,2548.94,100.0,11.67,4.91,13.33,26.66
2013-06-30,Tripura,50.1,100.81,40.74,32.14,746.57,100.0,8.74,21.61,21.88,29.32
2013-07-01,Tripura,38.91,98.19,62.86,22.75,3556.8,100.0,41.94,10.03,24.76,20.62
2013-07-02,Tripura,53.49,145.85,53.46,24.39,1027.51,100.0,30.55,27.2,13.06,26.08
2013-07-03,Meghalaya,51.23,85.38,76.41,20.6,3236.85,100.0,25.43,5.65,34.36,32.3
2013-07-04,Meghalaya,55.58,176.59,58.01,19.42,836.82,100.0,12.48,39.33,30.75,30.11
2013-07-05,Manipur,65.68,151.43,78.41,19.61,2255.25,100.0,21.69,35.78,17.94,32.43
2013-07-06,Manipur,101.48,178.88,98.95,26.03,3653.7,100.0,31.0,27.42,24.08,59.5
2013-07-07,Sikkim,138.13,244.58,89.95,24.47,1219.21,100.0,3.59,27.19,23.97,54.72
2013-07-08,Meghalaya,90.33,232.19,59.58,7.32,371.52,95.88,18.04,14.64,12.67,42.43
2013-07-09,Assam,72.29,191.18,84.24,14.99,2232.74,100.0,11.98,0.0,20.95,32.72
2013-07-10,Sikkim,12.56,78.44,51.99,9.26,730.71,97.32,32.33,8.64,15.19,18.39
2013-07-11,Sikkim,194.77,318.14,100.0,12.04,2926.96,100.0,30.31,38.59,18.33,52.83
2013-07-12,Nagaland,84.32,199.21,100.0,50.79,2383.74,100.0,14.97,14.96,33.6,39.89
2013-07-13,Sikkim,87.4,181.67,77.11,20.75,1418.18,100.0,2.08,66.57,23.78,44.95
2013-07-14,Sikkim,163.89,365.66,100.0,34.42,2837.33,100.0,9.14,82.16,11.67,62.22
2013-07-15,Mizoram,56.91,133.86,56.84,25.76,992.19,100.0,8.0,32.83,26.81,30.3
2013-07-16,Tripura,74.58,229.22,81.64,3.12,3672.29,100.0,28.42,0.0,34.97,30.42
2013-07-17,Meghalaya,131.77,255.44,100.0,12.11,1420.21,100.0,8.46,64.15,14.19,49.14
2013-07-18,Arunachal Pradesh,139.08,217.15,85.47,27.12,3063.72,100.0,24.12,36.17,27.07,52.84
2013-07-19,Arunachal Pradesh,80.18,302.13,100.0,11.65,1071.15,100.0,30.73,14.64,30.61,35.22
2013-07-20,Tripura,84.58,118.99,78.81,17.97,2873.56,100.0,43.98,5.9,31.1,32.2
2013-07-21,Tripura,170.78,227.1,100.0,35.02,174.54,100.0,12.25,39.68,27.69,52.1
2013-07-22,Sikkim,67.1,67.66,36.2,55.51,1217.3,97.22,9.3,25.49,32.75,35.0
2013-07-23,Assam,69.18,263.36,85.3,30.01,416.92,100.0,8.66,38.31,10.8,38.72
2013-07-24,Sikkim,105.95,293.88,100.0,38.95,1832.32,100.0,18.02,19.24,11.6,53.4
2013-07-25,Assam,69.64,160.22,100.0,26.88,1768.68,100.0,32.46,68.01,13.36,44.78
2013-07-26,Arunachal Pradesh,71.53,174.66,71.0,35.36,1468.08,100.0,33.59,64.44,11.08,40.93
2013-07-27,Assam,109.58,224.41,88.95,22.43,3925.61,100.0,10.55,28.33,13.0,49.06
2013-07-28,Arunachal Pradesh,124.0,165.17,78.3,61.64,1014.16,100.0,6.56,74.56,30.42,55.22
2013-07-29,Mizoram,42.38,171.93,77.9,17.08,3174.65,100.0,22.43,26.35,32.41,30.99
2013-07-30,Nagaland,83.68,228.64,89.44,28.29,1817.42,100.0,7.06,47.59,18.4,47.4
2013-07-31,Meghalaya,143.11,215.41,100.0,48.07,1372.5,100.0,40.65,31.62,33.93,53.89
2013-08-01,Mizoram,108.54,225.84,58.16,20.16,853.69,100.0,4.19,53.19,20.46,31.06
2013-08-02,Assam,88.86,180.35,66.24,37.68,2551.95,100.0,37.6,63.05,14.3,49.76
2013-08-03,Manipur,103.87,197.36,89.05,53.89,1368.03,100.0,2.13,61.13,27.03,47.89
2013-08-04,Mizoram,32.54,71.64,46.89,37.68,3261.03,100.0,40.35,25.44,20.51,30.93
2013-08-05,Nagaland,68.07,147.62,73.82,15.24,3875.44,100.0,31.36,0.0,10.49,31.28
2013-08-06,Manipur,45.15,96.66,75.63,43.25,947.17,100.0,16.12,58.53,34.16,40.91
2013-08-07,Arunachal Pradesh,88.35,225.1,100.0,12.91,558.25,100.0,20.28,34.92,24.95,37.96
2013-08-08,Arunachal Pradesh,160.86,290.19,100.0,17.33,1296.3,100.0,33.68,32.12,25.33,51.04
2013-08-09,Arunachal Pradesh,41.25,84.18,79.18,30.15,1895.09,100.0,9.28,21.09,34.57,40.93
2013-08-10,Tripura,79.3,167.94,75.71,1.92,1238.82,100.0,44.52,33.31,30.84,28.64
2013-08-11,Assam,50.02,119.38,59.32,60.72,3883.34,100.0,24.14,27.87,19.07,41.31
2013-08-12,Sikkim,38.63,100.6,36.97,26.7,3127.85,100.0,38.01,41.91,11.05,26.16
2013-08-13,Nagaland,98.06,224.17,69.78,41.42,3866.26,100.0,25.33,48.07,15.56,50.68
2013-08-14,Nagaland,34.73,91.03,58.28,35.08,1524.3,100.0,22.61,22.38,18.79,29.85
2013-08-15,Tripura,101.53,179.44,76.27,49.19,1253.47,100.0,23.48,36.64,34.01,47.23
2013-08-16,Assam,107.95,157.52,74.95,46.32,1659.08,100.0,18.16,55.92,32.22,42.45
2013-08-17,Meghalaya,52.13,127.86,93.12,15.78,2115.19,100.0,36.64,0.0,10.54,32.19
2013-08-18,Arunachal Pradesh,83.49,225.05,96.28,46.0,2979.14,100.0,42.31,42.67,34.68,41.59
2013-08-19,Mizoram,202.26,348.44,100.0,55.7,3530.35,100.0,42.72,85.6,16.43,74.62
2013-08-20,Mizoram,10.91,46.29,76.68,24.27,1879.56,100.0,6.06,24.65,29.38,26.09
2013-08-21,Mizoram,67.35,120.73,58.8,51.67,1192.26,100.0,38.07,72.16,12.91,40.77
2013-08-22,Manipur,179.5,250.3,82.43,27.5,1309.44,100.0,10.0,51.5,15.51,53.62
2013-08-23,Tripura,103.99,253.04,100.0,34.69,2802.95,100.0,0.61,39.43,22.64,47.06
2013-08-24,Tripura,120.95,250.81,97.45,9.23,2291.85,100.0,13.77,34.89,27.59,40.05
2013-08-25,Meghalaya,158.41,318.41,100.0,64.07,1971.65,100.0,14.64,76.76,18.63,80.16
2013-08-26,Tripura,137.98,267.02,92.5,5.54,850.96,100.0,40.49,23.27,31.83,41.05
2013-08-27,Assam,100.64,168.74,71.17,10.51,3508.05,100.0,37.12,44.3,33.5,43.35
2013-08-28,Assam,117.04,212.88,81.06,30.68,3135.03,100.0,4.23,83.0,13.06,49.69
2013-08-29,Manipur,43.96,95.91,59.14,22.74,605.52,100.0,16.3,7.62,27.96,25.91
2013-08-30,Arunachal Pradesh,70.07,138.44,63.23,31.85,1501.18,100.0,12.56,52.26,13.3,35.25
2013-08-31,Meghalaya,160.68,274.58,100.0,12.05,2191.42,100.0,29.77,27.96,18.52,55.6
2013-09-01,Mizoram,163.77,339.84,100.0,54.0,1844.64,99.73,27.08,57.25,30.49,65.32
2013-09-02,Assam,87.97,262.83,84.1,22.7,1621.29,100.0,33.95,40.12,18.41,41.03
2013-09-03,Meghalaya,78.18,132.38,80.02,35.0,2889.39,100.0,45.54,28.8,32.68,43.09
2013-09-04,Tripura,43.86,109.02,42.73,36.77,265.29,100.0,21.05,52.13,20.29,28.68
2013-09-05,Manipur,115.07,231.28,93.81,62.83,1912.07,100.0,32.8,65.51,17.74,52.04
2013-09-06,Nagaland,11.16,27.52,53.81,48.35,1085.62,100.0,45.92,33.09,34.73,34.99
2013-09-07,Manipur,45.8,120.81,62.91,19.39,384.24,100.0,27.08,38.88,21.04,28.55
2013-09-08,Meghalaya,98.73,212.16,83.29,24.87,1886.3,100.0,15.41,51.95,28.52,46.95
2013-09-09,Manipur,91.02,183.41,73.18,25.72,726.91,100.0,20.15,40.79,24.99,38.11
2013-09-10,Manipur,79.87,194.89,71.36,24.87,1069.99,100.0,37.73,61.95,15.06,42.07
2013-09-11,Arunachal Pradesh,71.81,157.72,71.55,39.07,2052.68,100.0,36.0,47.26,22.51,31.98
2013-09-12,Mizoram,20.18,0.0,31.81,18.6,3896.15,100.0,37.42,61.56,11.94,21.28
2013-09-13,Assam,162.63,255.53,100.0,57.44,2752.81,100.0,37.16,46.0,27.72,52.66
2013-09-14,Manipur,50.08,182.42,44.94,1.11,1154.51,100.0,46.02,0.0,22.97,29.13
2013-09-15,Tripura,93.75,211.44,80.27,11.56,1560.5,100.0,38.2,40.75,13.06,38.95
2013-09-16,Assam,172.65,194.92,50.47,25.99,1654.23,100.0,42.77,60.72,29.17,43.66
2013-09-17,Tripura,127.53,180.88,60.22,44.6,656.87,100.0,28.69,43.61,30.11,40.76
2013-09-18,Nagaland,181.04,350.43,100.0,13.86,684.58,100.0,32.21,35.54,28.35,57.51
2013-09-19,Nagaland,49.33,100.94,80.28,65.29,636.16,100.0,48.39,52.85,18.23,53.04
2013-09-20,Nagaland,62.61,35.83,64.47,34.78,2110.57,100.0,43.52,25.93,28.08,34.36
2013-09-21,Arunachal Pradesh,144.22,308.7,100.0,43.98,2713.04,100.0,38.87,59.09,24.44,60.82
2013-09-22,Mizoram,75.23,191.8,79.32,25.18,2383.35,100.0,34.28,26.19,23.6,40.47
2013-09-23,Nagaland,41.1,78.48,71.26,3.85,3912.18,100.0,17.93,9.42,26.22,24.77
2013-09-24,Sikkim,187.35,380.83,100.0,9.75,547.2,100.0,27.41,72.1,25.75,55.21
2013-09-25,Manipur,57.54,104.66,52.31,29.96,3946.57,100.0,2.76,60.9,29.98,30.05
2013-09-26,Tripura,89.76,159.73,82.04,17.3,1893.36,100.0,20.81,31.34,34.65,33.26
2013-09-27,Mizoram,80.55,151.39,55.93,33.64,913.6,100.0,5.59,20.16,28.16,37.8
2013-09-28,Mizoram,94.35,115.7,57.3,41.31,3775.96,100.0,36.43,22.13,21.04,39.13
2013-09-29,Nagaland,49.91,141.37,77.19,30.51,1901.02,100.0,44.62,14.18,21.54,40.16
2013-09-30,Mizoram,10.55,86.64,47.46,14.24,1422.02,100.0,8.7,43.73,10.73,18.89
2013-10-01,Assam,103.76,187.31,72.14,20.66,894.55,100.0,12.28,42.48,14.0,45.39
2013-10-02,Mizoram,104.54,235.06,62.13,26.87,1108.11,100.0,42.85,43.05,15.7,37.4
2013-10-03,Mizoram,24.64,23.32,51.43,15.06,3917.92,100.0,29.29,37.61,34.76,23.33
2013-10-04,Assam,64.71,174.52,61.66,40.18,1250.7,100.0,29.42,55.75,29.08,37.5
2013-10-05,Assam,24.81,100.23,47.73,30.33,3912.33,100.0,28.14,0.0,13.54,24.58
2013-10-06,Sikkim,125.02,209.9,100.0,38.52,1354.35,94.27,10.91,35.84,22.46,54.49
2013-10-07,Meghalaya,26.39,106.16,50.92,22.84,964.1,100.0,12.17,31.19,15.34,24.67
2013-10-08,Manipur,105.92,173.62,86.01,15.67,774.29,100.0,47.48,70.65,17.44,32.23
2013-10-09,Meghalaya,114.72,266.29,100.0,42.88,1676.83,99.48,36.17,91.02,25.11,59.2
2013-10-10,Manipur,76.14,185.29,90.82,37.19,985.39,100.0,4.52,3.08,24.98,42.88
2013-10-11,Manipur,182.0,337.55,100.0,40.99,2802.9,80.65,11.15,38.83,31.8,62.75
2013-10-12,Nagaland,5.79,40.19,41.63,31.75,997.1,100.0,31.36,32.79,14.11,24.07
2013-10-13,Tripura,125.61,269.43,80.19,43.26,3349.82,100.0,14.17,71.17,22.44,56.79
2013-10-14,Arunachal Pradesh,102.11,251.32,63.84,49.19,3344.34,100.0,12.59,46.56,24.97,54.6
2013-10-15,Mizoram,145.46,332.47,100.0,21.72,1177.83,100.0,10.12,64.46,33.26,62.18
2013-10-16,Sikkim,184.4,304.78,100.0,55.51,3026.48,100.0,9.29,54.95,22.91,61.35
2013-10-17,Mizoram,84.73,209.84,89.12,41.73,3437.31,100.0,30.67,40.0,18.52,58.34
2013-10-18,Arunachal Pradesh,71.62,213.25,40.08,39.52,2381.02,100.0,45.29,28.78,17.3,43.79
2013-10-19,Nagaland,161.01,281.79,93.7,26.7,1497.01,100.0,18.06,24.17,15.4,49.55
2013-10-20,Mizoram,50.65,182.19,85.88,70.81,1791.82,86.97,6.08,53.52,34.06,54.71
2013-10-21,Meghalaya,126.58,246.23,100.0,57.96,3155.6,100.0,6.21,86.2,25.07,71.22
2013-10-22,Mizoram,97.95,156.18,75.72,55.85,1208.6,100.0,46.68,63.16,17.59,52.02
2013-10-23,Assam,169.96,276.55,98.22,38.56,1371.13,100.0,26.44,62.35,28.63,61.37
2013-10-24,Mizoram,21.44,24.42,34.7,50.41,685.1,100.0,23.31,31.96,17.23,33.75
2013-10-25,Mizoram,18.46,76.13,60.9,53.61,1626.26,100.0,44.54,52.87,22.6,28.91
2013-10-26,Manipur,62.3,137.04,63.86,30.41,391.73,100.0,25.36,29.43,10.65,29.17
2013-10-27,Assam,83.46,182.73,65.61,26.63,1318.09,100.0,24.03,25.55,31.16,36.22
2013-10-28,Meghalaya,116.29,278.9,78.42,10.11,1525.24,100.0,46.33,53.57,33.91,47.54
2013-10-29,Assam,41.2,111.14,48.04,25.91,1059.14,100.0,23.72,22.72,31.64,36.75
2013-10-30,Tripura,12.77,58.46,56.57,40.45,450.36,100.0,19.55,14.72,14.28,30.88
2013-10-31,Arunachal Pradesh,210.82,358.25,90.83,26.93,2110.59,100.0,29.08,67.93,30.63,59.09
2013-11-01,Manipur,60.95,67.3,49.05,18.42,3467.07,100.0,48.86,0.0,18.68,25.62
2013-11-02,Meghalaya,139.11,286.0,100.0,50.8,1375.8,100.0,48.19,71.77,33.41,55.74
2013-11-03,Mizoram,36.06,98.06,38.1,39.69,985.37,100.0,38.78,47.77,17.48,27.85
2013-11-04,Assam,68.49,155.94,77.93,18.46,1175.9,100.0,24.96,9.09,12.24,29.17
2013-11-05,Tripura,26.86,82.26,64.66,20.45,3454.45,100.0,44.07,4.08,31.32,29.81
2013-11-06,Sikkim,194.68,347.11,100.0,19.63,2134.84,100.0,20.97,80.63,12.92,63.36
2013-11-07,Tripura,55.88,81.35,65.6,30.43,566.62,100.0,32.01,45.79,23.54,38.54
2013-11-08,Manipur,20.95,81.39,53.46,55.91,2851.43,100.0,8.97,55.81,19.4,41.05
2013-11-09,Assam,163.57,271.2,100.0,27.02,659.76,100.0,33.06,54.96,28.92,51.25
2013-11-10,Meghalaya,62.3,144.85,52.95,25.41,287.97,100.0,13.81,51.48,28.72,36.14
2013-11-11,Tripura,175.4,272.5,100.0,31.24,1059.96,100.0,38.59,67.15,29.4,62.76
2013-11-12,Assam,102.82,223.38,100.0,23.01,713.96,100.0,20.7,27.75,11.58,46.81
2013-11-13,Sikkim,86.24,180.21,42.6,24.72,2439.74,100.0,19.92,36.58,31.46,42.61
2013-11-14,Manipur,126.1,187.33,95.05,19.88,1964.04,100.0,37.33,29.9,21.66,45.28
2013-11-15,Arunachal Pradesh,47.22,158.68,63.08,24.76,2910.05,100.0,21.27,49.72,15.48,29.77
2013-11-16,Nagaland,58.43,117.07,84.9,26.81,2070.71,100.0,35.7,38.49,17.47,41.73
2013-11-17,Sikkim,90.21,170.97,89.33,11.31,1705.07,100.0,42.75,58.05,32.57,43.71
2013-11-18,Manipur,125.18,269.7,77.63,30.8,2128.56,100.0,6.84,57.94,10.15,59.5
2013-11-19,Mizoram,83.73,218.53,92.33,63.6,1766.22,100.0,23.95,64.39,30.04,51.84
2013-11-20,Arunachal Pradesh,13.31,51.33,39.75,39.35,196.49,100.0,47.25,51.13,33.1,27.65
2013-11-21,Assam,92.61,193.37,86.74,23.96,2738.76,100.0,40.61,57.83,16.25,45.66
2013-11-22,Nagaland,65.96,176.23,75.94,33.18,3850.41,100.0,48.68,68.67,30.55,43.57
2013-11-23,Mizoram,83.39,225.61,74.18,19.49,1717.03,100.0,43.02,46.4,14.03,32.24
2013-11-24,Arunachal Pradesh,74.41,165.16,52.98,10.04,1723.75,100.0,15.51,72.63,10.41,33.54
2013-11-25,Manipur,73.18,178.64,79.18,35.8,230.79,100.0,8.96,64.27,25.11,42.33
2013-11-26,Sikkim,86.01,142.45,75.45,34.19,3567.0,100.0,10.53,83.26,26.16,46.46
2013-11-27,Sikkim,137.03,195.06,76.64,8.3,3720.03,100.0,10.84,35.37,13.75,45.52
2013-11-28,Sikkim,34.73,124.29,53.25,43.92,3261.9,100.0,3.79,89.76,22.81,51.37
2013-11-29,Meghalaya,64.0,113.72,55.5,59.16,470.06,100.0,45.34,65.25,19.64,45.45
2013-11-30,Manipur,32.7,62.08,35.97,37.98,3605.88,100.0,25.13,14.7,11.91,25.08
2013-12-01,Sikkim,62.1,168.81,84.8,30.25,144.62,99.9,5.06,22.96,22.69,42.86
2013-12-02,Sikkim,83.57,169.46,41.5,49.41,1806.07,100.0,38.13,45.72,24.63,46.22
2013-12-03,Mizoram,35.08,111.72,76.62,57.68,2027.46,100.0,16.28,43.84,15.43,46.27
2013-12-04,Meghalaya,94.65,140.64,66.99,9.69,3344.31,100.0,3.55,35.72,28.49,45.34
2013-12-05,Mizoram,94.87,155.86,79.0,20.52,3015.89,100.0,9.49,71.01,11.82,44.16
2013-12-06,Assam,40.27,175.63,84.42,22.02,3198.53,100.0,32.88,45.05,23.77,49.59
2013-12-07,Tripura,66.91,124.05,66.57,43.56,3478.21,100.0,39.7,24.05,17.58,41.35
2013-12-08,Sikkim,13.16,61.6,46.47,11.85,1930.48,100.0,12.68,30.85,20.9,11.21
2013-12-09,Arunachal Pradesh,40.99,120.98,80.79,25.25,3132.0,100.0,28.85,26.68,32.34,46.75
2013-12-10,Mizoram,58.06,94.28,33.13,36.28,318.73,100.0,0.04,30.56,26.75,24.39
2013-12-11,Meghalaya,52.61,183.03,96.13,21.13,1805.96,100.0,13.92,35.14,13.72,39.16
2013-12-12,Mizoram,17.73,76.9,38.53,23.53,169.02,100.0,9.08,22.11,32.16,20.26
2013-12-13,Mizoram,30.74,86.66,52.45,32.62,3665.49,96.01,3.83,9.07,19.32,30.3
2013-12-14,Manipur,66.65,192.69,100.0,25.67,3835.73,100.0,24.19,44.02,18.53,45.72
2013-12-15,Manipur,150.01,311.48,100.0,19.69,381.56,100.0,31.55,85.81,22.54,59.09
2013-12-16,Manipur,120.27,309.09,100.0,24.39,2153.88,100.0,2.32,69.12,15.13,57.18
2013-12-17,Mizoram,81.42,154.65,50.61,33.98,1334.3,100.0,6.89,18.67,32.86,35.67
2013-12-18,Assam,108.52,300.5,100.0,44.62,1403.01,100.0,46.61,11.74,21.7,47.56
2013-12-19,Tripura,157.58,312.22,100.0,8.37,1830.27,100.0,11.16,52.01,19.85,50.65
2013-12-20,Tripura,28.12,159.79,56.03,41.98,544.01,100.0,38.0,58.53,14.27,41.29
2013-12-21,Tripura,162.5,333.18,100.0,62.65,764.04,100.0,37.39,86.16,30.07,68.23
2013-12-22,Tripura,112.79,193.5,59.05,32.07,2330.61,99.3,16.08,47.64,33.82,40.36
2013-12-23,Arunachal Pradesh,137.22,222.48,87.42,15.4,124.09,100.0,10.21,19.24,31.74,44.53
2013-12-24,Tripura,30.34,23.34,30.87,48.46,2419.21,100.0,12.2,69.81,14.04,43.05
2013-12-25,Tripura,59.48,58.8,22.24,37.12,1309.72,100.0,28.29,31.93,28.79,23.65
2013-12-26,Nagaland,132.54,224.31,59.94,43.63,3337.22,100.0,19.06,43.86,15.1,41.16
2013-12-27,Mizoram,76.38,215.25,73.94,27.06,2420.03,100.0,24.78,54.93,10.97,43.19
2013-12-28,Sikkim,69.36,134.12,74.35,55.32,2846.96,100.0,40.58,40.98,22.11,48.43
2013-12-29,Mizoram,158.05,260.01,100.0,37.92,501.98,100.0,25.11,32.31,26.76,60.9
2013-12-30,Assam,69.99,182.97,98.01,42.18,1100.16,95.03,49.76,39.65,13.11,40.79
2013-12-31,Meghalaya,93.35,155.56,48.43,33.68,3986.84,100.0,33.29,47.24,25.14,40.13
2014-01-01,Nagaland,157.4,359.72,100.0,36.88,1762.93,100.0,10.36,90.59,31.09,61.76
2014-01-02,Nagaland,167.92,291.42,89.13,0.8,1467.52,100.0,24.98,3.45,15.23,45.81
2014-01-03,Nagaland,39.0,145.73,67.55,14.08,3501.73,100.0,40.67,40.09,20.69,27.19
2014-01-04,Manipur,68.01,144.01,89.96,49.22,180.64,100.0,10.92,65.83,22.47,54.13
2014-01-05,Assam,118.27,228.39,88.09,52.65,2162.35,100.0,36.47,67.31,30.78,58.53
2014-01-06,Nagaland,178.97,363.54,100.0,15.78,880.52,100.0,1.67,66.95,29.28,51.28
2014-01-07,Tripura,39.78,118.85,96.94,27.79,1504.2,100.0,47.13,64.05,29.23,37.91
2014-01-08,Meghalaya,120.78,290.92,74.71,38.29,839.12,100.0,33.17,77.08,26.98,52.47
2014-01-09,Arunachal Pradesh,71.57,126.02,58.08,8.34,199.4,100.0,8.13,18.83,25.44,23.64
2014-01-10,Nagaland,156.24,232.4,95.05,8.21,1695.22,100.0,43.71,56.48,22.72,43.29
2014-01-11,Tripura,43.49,45.26,53.05,50.48,3167.35,100.0,4.09,43.01,19.24,35.24
2014-01-12,Sikkim,159.03,338.74,100.0,55.18,3810.22,100.0,20.3,87.15,22.83,66.18
2014-01-13,Mizoram,117.34,262.08,86.66,30.11,2514.22,100.0,36.85,26.28,31.34,36.43
2014-01-14,Sikkim,63.89,135.21,70.13,46.14,1585.91,100.0,46.87,43.1,24.26,44.91
2014-01-15,Manipur,20.66,92.94,47.24,31.64,3090.93,92.5,17.44,47.18,34.64,38.98
2014-01-16,Meghalaya,104.85,250.06,100.0,37.96,2045.63,100.0,41.53,51.45,13.56,42.68
2014-01-17,Meghalaya,76.17,156.64,71.96,27.07,1502.1,100.0,9.84,49.85,21.03,40.63
2014-01-18,Nagaland,14.99,2.08,61.47,33.9,757.4,100.0,1.76,54.01,15.01,28.61
2014-01-19,Sikkim,161.71,222.68,100.0,41.75,3194.71,100.0,1.44,47.68,19.13,57.53
2014-01-20,Mizoram,65.4,104.32,41.64,15.83,2026.68,100.0,32.91,46.04,29.74,24.79
2014-01-21,Meghalaya,153.55,284.41,100.0,19.23,3857.02,100.0,7.71,27.49,30.62,51.42
2014-01-22,Assam,109.15,176.06,89.18,3.46,3217.54,100.0,2.52,44.52,10.79,53.2
2014-01-23,Nagaland,163.35,336.37,100.0,32.47,1709.06,100.0,48.84,27.22,33.83,58.0
2014-01-24,Mizoram,6.43,8.7,54.36,45.21,2976.36,100.0,12.1,37.41,31.8,31.69
2014-01-25,Tripura,91.18,159.03,64.19,8.66,1840.9,100.0,23.13,33.53,32.62,26.64
2014-01-26,Arunachal Pradesh,195.61,270.57,100.0,27.63,365.47,100.0,30.65,85.29,19.42,56.34
2014-01-27,Meghalaya,42.32,95.67,60.62,48.08,2090.89,96.92,7.22,33.89,22.42,38.17
2014-01-28,Arunachal Pradesh,89.63,184.73,90.27,23.82,3469.63,100.0,17.86,0.47,14.21,36.73
2014-01-29,Mizoram,28.33,135.6,57.66,4.61,3428.99,100.0,32.39,36.36,19.92,28.59
2014-01-30,Tripura,190.77,340.96,100.0,26.89,2321.12,100.0,31.99,37.29,13.15,57.18
2014-01-31,Sikkim,65.46,177.83,88.86,21.71,1551.09,100.0,42.1,39.85,31.58,42.4
2014-02-01,Assam,94.64,232.17,91.05,12.59,89.9,100.0,21.87,26.31,24.53,34.39
2014-02-02,Mizoram,78.21,183.01,85.02,40.17,1280.07,100.0,44.49,44.26,13.4,46.02
2014-02-03,Arunachal Pradesh,126.73,204.23,69.45,16.67,3959.74,100.0,34.11,0.0,31.98,42.4
2014-02-04,Mizoram,51.25,143.06,73.18,50.79,2919.64,100.0,28.11,15.1,12.01,42.37
2014-02-05,Mizoram,76.98,224.98,73.68,26.35,2884.47,100.0,5.86,53.31,33.17,43.23
2014-02-06,Meghalaya,79.55,156.72,71.07,38.27,3056.28,100.0,28.74,41.9,12.64,46.43
2014-02-07,Tripura,18.21,99.5,52.51,34.92,2499.45,100.0,29.73,14.51,27.95,26.2
2014-02-08,Mizoram,11.94,89.07,54.74,5.96,2364.14,100.0,37.94,10.84,26.13,11.16
2014-02-09,Assam,100.63,186.18,50.96,15.46,1841.8,100.0,35.96,46.16,29.57,33.66
2014-02-10,Meghalaya,13.83,108.24,62.05,24.48,1803.54,100.0,26.5,27.51,24.12,28.65
2014-02-11,Assam,68.63,137.56,65.9,15.96,3489.85,100.0,29.64,40.43,18.75,31.52
2014-02-12,Arunachal Pradesh,38.32,125.61,42.39,31.61,1604.15,100.0,38.62,20.85,16.86,27.9
2014-02-13,Tripura,86.4,170.03,79.13,30.04,3369.15,100.0,17.57,52.99,33.64,36.13
2014-02-14,Mizoram,124.45,238.42,100.0,18.34,3359.05,100.0,6.75,38.23,21.03,52.87
2014-02-15,Tripura,123.76,272.98,99.32,35.24,3095.05,100.0,43.71,62.55,31.05,58.1
2014-02-16,Nagaland,97.15,117.84,75.35,17.76,198.69,100.0,48.25,36.5,28.08,33.72
2014-02-17,Sikkim,94.06,215.77,75.25,41.76,634.49,100.0,21.47,44.38,26.4,51.53
2014-02-18,Mizoram,132.01,276.3,92.07,48.67,1293.09,100.0,49.52,54.86,34.27,50.3
2014-02-19,Nagaland,96.38,171.57,75.43,21.44,3397.76,100.0,16.13,34.85,24.14,45.72
2014-02-20,Meghalaya,54.19,130.03,68.2,29.86,3499.37,100.0,3.33,51.59,28.33,42.44
2014-02-21,Arunachal Pradesh,13.71,31.52,11.06,31.29,214.15,100.0,28.62,63.35,31.24,19.57
2014-02-22,Sikkim,145.71,236.6,73.51,32.56,1332.66,100.0,43.41,34.16,11.15,45.51
2014-02-23,Sikkim,195.55,354.16,100.0,32.31,3409.02,100.0,30.87,80.91,34.91,65.41
2014-02-24,Nagaland,57.94,241.92,76.65,11.84,1036.29,100.0,0.47,34.83,16.55,37.64
2014-02-25,Sikkim,61.82,169.28,70.15,7.74,3905.21,100.0,0.59,28.72,27.56,36.05
2014-02-26,Mizoram,12.36,34.61,46.14,75.14,1982.75,100.0,36.22,56.72,33.84,32.25
2014-02-27,Manipur,61.7,173.59,54.61,31.1,3752.39,100.0,42.27,33.86,29.08,41.37
2014-02-28,Mizoram,75.33,186.23,100.0,28.24,1743.86,100.0,12.65,35.57,15.74,48.56
2014-03-01,Manipur,41.13,42.61,48.05,29.58,1329.01,100.0,23.51,66.47,19.06,32.11
2014-03-02,Mizoram,39.08,95.99,46.35,32.96,1481.52,100.0,48.05,37.76,20.35,34.44
2014-03-03,Arunachal Pradesh,81.68,166.82,83.09,9.86,3542.99,100.0,23.03,41.53,24.66,34.87
2014-03-04,Nagaland,73.83,165.47,68.64,24.71,1356.22,100.0,6.79,75.3,25.07,49.71
2014-03-05,Nagaland,42.36,112.28,63.34,19.14,2693.92,100.0,45.58,66.57,29.7,29.63
2014-03-06,Arunachal Pradesh,145.83,274.66,100.0,7.34,1905.88,100.0,24.76,37.61,31.49,52.14
2014-03-07,Assam,4.43,19.25,35.73,45.01,3769.6,100.0,17.22,18.91,12.24,29.27
2014-03-08,Meghalaya,136.19,241.28,100.0,47.41,679.49,100.0,4.87,36.35,16.83,56.6
2014-03-09,Arunachal Pradesh,42.7,103.41,55.55,37.58,1743.19,100.0,22.91,15.6,18.59,38.3
2014-03-10,Sikkim,72.45,205.07,82.04,27.4,542.3,100.0,38.48,35.66,10.33,41.8
2014-03-11,Mizoram,100.22,172.43,79.03,10.15,2333.65,100.0,35.86,10.28,20.44,31.26
2014-03-12,Sikkim,84.33,166.71,68.17,53.35,1641.45,100.0,24.83,52.07,18.97,49.31
2014-03-13,Tripura,61.84,128.52,50.45,7.48,290.7,100.0,35.98,12.26,23.13,33.84
2014-03-14,Assam,55.54,196.81,86.16,20.19,3406.86,100.0,17.54,33.04,12.5,49.59
2014-03-15,Tripura,73.78,187.28,94.28,55.83,1533.28,100.0,36.76,54.65,20.35,55.51
2014-03-16,Manipur,131.48,209.87,91.38,26.03,1999.84,100.0,4.29,37.61,24.94,50.87
2014-03-17,Tripura,104.72,222.98,93.56,13.93,1659.68,100.0,9.96,18.23,30.1,37.43
2014-03-18,Nagaland,35.39,62.62,45.66,43.81,1980.18,100.0,43.89,45.27,29.16,34.6
2014-03-19,Meghalaya,166.43,310.06,100.0,70.6,114.48,100.0,14.68,100.0,20.12,69.86
2014-03-20,Sikkim,23.03,139.19,73.21,31.23,3271.07,100.0,10.3,63.67,19.74,37.12
2014-03-21,Mizoram,145.19,189.54,90.85,55.71,1362.62,100.0,4.45,73.96,10.94,58.31
2014-03-22,Mizoram,110.31,175.13,76.51,33.07,2911.62,86.42,19.65,38.6,12.07,42.67
2014-03-23,Mizoram,24.4,92.84,67.52,41.48,306.3,100.0,3.35,27.39,31.81,44.97
2014-03-24,Sikkim,136.66,239.15,80.58,32.63,2119.11,100.0,24.85,64.34,30.15,49.74
2014-03-25,Sikkim,112.2,226.86,95.8,70.05,3639.73,100.0,45.96,74.25,10.53,66.76
2014-03-26,Arunachal Pradesh,102.12,199.84,61.07,2.58,1623.08,100.0,39.36,45.38,32.07,33.97
2014-03-27,Tripura,44.03,48.82,44.74,43.42,829.17,100.0,2.03,73.53,25.35,29.62
2014-03-28,Nagaland,80.19,195.17,68.57,3.33,441.37,100.0,14.99,30.74,30.05,31.12
2014-03-29,Sikkim,48.14,68.81,100.0,29.42,3443.4,100.0,9.38,16.45,22.56,39.28
2014-03-30,Assam,91.52,195.5,88.88,26.96,993.28,100.0,3.35,32.46,13.77,50.49
2014-03-31,Meghalaya,31.17,78.57,39.46,31.64,3901.53,100.0,5.43,36.49,18.92,31.53
2014-04-01,Mizoram,175.69,409.57,100.0,16.07,1028.9,100.0,45.41,47.56,21.25,49.63
2014-04-02,Arunachal Pradesh,84.83,172.41,48.3,43.61,1949.91,100.0,15.5,63.98,28.85,37.79
2014-04-03,Tripura,64.05,160.11,54.93,13.81,1859.08,100.0,19.61,46.93,30.32,38.06
2014-04-04,Arunachal Pradesh,106.79,232.34,73.74,20.36,294.94,100.0,24.29,69.2,28.54,39.91
2014-04-05,Meghalaya,172.04,321.56,89.68,15.35,2150.77,100.0,37.25,75.77,21.92,55.16
2014-04-06,Sikkim,49.19,122.72,57.54,50.18,2706.93,100.0,39.92,0.0,26.59,26.81
2014-04-07,Assam,124.14,196.59,91.84,14.87,2981.44,100.0,48.19,21.39,17.39,50.62
2014-04-08,Manipur,87.99,177.52,72.52,71.27,2114.24,100.0,10.53,65.57,34.7,50.27
2014-04-09,Arunachal Pradesh,72.62,84.3,67.55,20.02,3259.71,100.0,15.05,6.04,14.21,37.22
2014-04-10,Arunachal Pradesh,8.14,81.71,40.37,22.86,3020.79,100.0,15.65,28.46,28.09,31.22
2014-04-11,Nagaland,99.2,315.63,97.39,41.47,816.2,100.0,22.26,46.82,13.87,62.96
2014-04-12,Nagaland,120.82,238.29,73.59,39.36,1636.33,100.0,40.37,45.23,17.02,42.55
2014-04-13,Assam,147.08,284.21,100.0,52.83,613.2,100.0,11.97,98.3,28.72,64.34
2014-04-14,Tripura,122.92,172.31,71.74,50.38,577.02,100.0,39.15,77.04,28.23,65.01
2014-04-15,Tripura,69.5,121.61,90.92,14.6,2862.9,100.0,10.2,30.06,13.11,34.85
2014-04-16,Meghalaya,41.45,147.97,59.54,35.08,2145.31,100.0,35.51,24.77,26.96,33.62
2014-04-17,Manipur,9.43,6.25,25.66,37.51,2423.75,96.7,39.95,36.29,15.1,27.91
2014-04-18,Mizoram,126.4,210.47,86.55,8.11,2942.13,100.0,42.69,0.0,34.32,43.19
2014-04-19,Arunachal Pradesh,99.73,222.3,81.82,22.18,1145.08,100.0,25.51,56.88,25.08,53.31
2014-04-20,Manipur,78.42,199.99,87.54,12.51,1635.38,100.0,16.44,47.94,10.09,37.21
2014-04-21,Mizoram,40.79,106.83,60.44,31.7,2446.87,100.0,38.62,13.38,15.21,28.55
2014-04-22,Sikkim,17.57,81.26,54.14,6.56,431.68,100.0,16.05,48.54,15.74,24.07
2014-04-23,Manipur,180.43,325.46,95.07,11.58,3340.56,100.0,7.4,36.81,16.18,62.96
2014-04-24,Mizoram,162.77,244.83,84.92,34.88,1406.63,100.0,41.73,33.99,23.93,47.46
2014-04-25,Sikkim,188.94,330.48,83.15,16.47,2652.07,100.0,20.56,55.2,15.14,53.54
2014-04-26,Mizoram,175.32,322.66,100.0,8.5,3982.48,100.0,28.54,20.55,20.32,49.31
2014-04-27,Assam,78.72,164.54,91.95,40.49,1927.68,100.0,45.92,29.82,14.33,42.53
2014-04-28,Manipur,41.17,34.73,61.01,38.36,899.44,100.0,6.79,40.06,26.67,30.52
2014-04-29,Meghalaya,63.62,206.85,74.5,33.66,904.91,100.0,27.86,38.88,24.22,41.7
2014-04-30,Meghalaya,43.13,70.97,44.77,21.93,288.49,100.0,27.94,56.7,25.72,26.35
2014-05-01,Nagaland,49.49,127.12,72.91,29.39,3079.98,100.0,43.09,6.7,34.19,38.79
2014-05-02,Mizoram,105.22,220.7,69.86,10.66,1209.05,100.0,17.06,39.69,19.98,38.22
2014-05-03,Mizoram,37.1,87.46,74.54,45.97,732.27,100.0,20.06,62.11,15.39,30.49
2014-05-04,Arunachal Pradesh,90.04,194.84,43.25,48.96,2869.1,100.0,25.96,70.21,34.97,54.25
2014-05-05,Assam,26.45,58.67,44.95,27.67,1271.09,100.0,8.36,16.18,11.45,29.53
2014-05-06,Mizoram,84.41,262.49,76.53,47.2,2421.85,100.0,23.53,96.7,30.26,60.68
2014-05-07,Assam,78.83,157.82,90.27,10.63,1700.41,100.0,21.8,0.0,14.05,32.15
2014-05-08,Tripura,171.52,343.24,100.0,74.2,1369.9,100.0,9.87,80.93,26.62,82.79
2014-05-09,Nagaland,29.36,50.34,58.53,29.23,1983.25,100.0,41.65,48.3,21.84,34.07
2014-05-10,Assam,54.27,160.26,100.0,21.4,1289.48,100.0,21.55,61.28,30.98,45.15
2014-05-11,Sikkim,57.57,107.66,61.68,25.89,3488.73,100.0,15.3,15.86,28.28,23.14
2014-05-12,Meghalaya,131.37,191.32,87.73,52.03,338.51,100.0,6.52,58.21,14.31,52.92
2014-05-13,Tripura,82.97,131.85,42.41,52.07,169.11,100.0,4.49,65.28,26.63,45.0
2014-05-14,Manipur,108.02,178.12,70.82,31.91,1655.25,100.0,48.01,40.47,15.43,43.22
2014-05-15,Tripura,89.46,188.65,79.38,20.41,732.73,100.0,49.76,15.31,14.23,32.3
2014-05-16,Assam,33.1,214.68,69.18,15.24,2987.72,100.0,44.9,4.81,12.1,16.63
2014-05-17,Mizoram,45.57,227.78,89.39,45.76,1446.06,100.0,22.93,42.63,12.84,46.35
2014-05-18,Mizoram,117.1,212.77,53.02,45.75,1082.68,96.51,40.4,43.15,27.6,45.99
2014-05-19,Mizoram,99.33,237.37,94.98,40.98,1469.56,100.0,41.71,39.1,34.8,55.88
2014-05-20,Mizoram,60.26,90.24,51.53,38.96,916.96,93.48,14.99,75.81,26.89,41.74
2014-05-21,Sikkim,14.69,0.0,28.19,21.2,1233.63,100.0,29.3,31.75,27.71,20.0
2014-05-22,Tripura,36.99,106.71,72.49,24.94,2293.54,100.0,47.84,27.44,29.57,32.25
2014-05-23,Assam,100.48,222.57,100.0,51.73,3462.93,100.0,14.0,53.71,32.23,57.85
2014-05-24,Mizoram,41.92,144.2,82.22,37.3,1514.93,100.0,33.14,39.87,16.69,36.45
2014-05-25,Meghalaya,173.73,353.78,98.59,42.98,1316.65,98.73,33.13,78.78,25.11,61.43
2014-05-26,Arunachal Pradesh,222.58,370.66,100.0,32.93,3138.07,100.0,22.63,41.98,15.42,65.93
2014-05-27,Manipur,68.95,156.31,67.42,38.76,138.58,100.0,24.52,25.89,23.14,43.15
2014-05-28,Mizoram,124.62,269.78,100.0,60.81,1243.2,100.0,22.82,66.87,15.22,64.78
2014-05-29,Nagaland,99.75,247.37,92.79,15.87,1836.07,100.0,26.05,0.0,11.6,42.2
2014-05-30,Arunachal Pradesh,127.96,205.65,59.01,42.78,2422.61,100.0,7.44,35.81,12.21,40.38
2014-05-31,Assam,198.27,355.83,100.0,40.27,666.44,100.0,39.74,83.67,34.41,69.32
2014-06-01,Meghalaya,87.93,207.88,69.2,33.34,1759.77,100.0,33.05,63.22,10.15,46.14
2014-06-02,Manipur,4.0,61.9,40.72,11.11,2286.89,100.0,48.69,0.0,27.25,29.0
2014-06-03,Tripura,101.14,176.82,70.49,21.88,2065.49,100.0,12.28,36.41,32.18,40.85
2014-06-04,Meghalaya,155.11,282.79,100.0,39.06,2319.48,100.0,7.3,31.35,19.84,60.53
2014-06-05,Nagaland,17.17,96.94,73.01,37.32,2666.47,100.0,17.13,23.09,27.7,36.97
2014-06-06,Mizoram,182.07,292.68,90.65,7.65,1548.52,100.0,25.49,30.5,18.72,48.1
2014-06-07,Nagaland,193.07,291.71,100.0,22.06,301.36,100.0,10.25,63.3,23.22,56.7
2014-06-08,Manipur,132.07,330.49,80.56,23.98,269.45,100.0,23.03,73.74,33.39,48.31
2014-06-09,Mizoram,23.73,93.09,46.05,26.88,3441.92,100.0,32.13,22.49,11.06,31.53
2014-06-10,Mizoram,79.24,206.39,100.0,22.11,2725.81,100.0,2.81,11.43,16.68,36.54
2014-06-11,Meghalaya,43.52,123.66,47.59,17.9,3068.53,100.0,37.9,0.0,12.65,40.11
2014-06-12,Meghalaya,103.39,247.1,100.0,31.51,3718.78,100.0,46.99,73.03,22.4,53.12
2014-06-13,Tripura,36.17,107.43,61.1,61.23,3014.65,100.0,13.41,45.61,29.26,40.99
2014-06-14,Manipur,155.33,306.48,100.0,28.44,2784.59,100.0,38.81,50.5,34.41,55.09
2014-06-15,Mizoram,68.72,108.69,75.77,42.2,2640.25,100.0,20.9,18.85,13.89,45.06
2014-06-16,Tripura,63.45,74.57,66.84,31.4,1071.36,100.0,33.22,51.37,11.1,38.99
2014-06-17,Meghalaya,58.88,119.27,83.86,20.39,3831.31,100.0,37.15,44.17,13.46,38.59
2014-06-18,Meghalaya,54.71,75.03,51.3,34.35,2191.08,100.0,14.75,25.9,34.22,30.84
2014-06-19,Meghalaya,75.68,78.83,57.91,30.92,927.19,100.0,39.37,14.58,18.0,25.74
2014-06-20,Mizoram,12.2,80.36,52.32,35.62,878.81,100.0,5.26,39.32,16.68,29.96
2014-06-21,Manipur,107.35,140.24,51.37,15.26,3270.3,100.0,49.34,0.0,28.38,33.38
2014-06-22,Sikkim,46.65,157.96,74.15,32.02,1038.32,100.0,16.85,51.41,13.02,27.77
2014-06-23,Mizoram,127.07,298.25,97.18,7.2,213.63,100.0,11.19,37.16,18.73,49.4
2014-06-24,Arunachal Pradesh,134.06,193.36,50.6,21.81,1742.23,100.0,6.93,43.75,13.62,44.09
2014-06-25,Sikkim,133.48,261.77,100.0,45.0,3278.53,100.0,40.61,57.8,34.36,56.77
2014-06-26,Sikkim,104.86,281.61,98.54,29.43,1687.04,100.0,29.29,69.73,17.13,52.34
2014-06-27,Meghalaya,94.8,173.31,64.16,56.44,3224.01,100.0,47.58,73.68,16.73,46.79
2014-06-28,Mizoram,149.29,298.37,100.0,22.59,3317.48,100.0,32.38,71.88,25.86,57.6
2014-06-29,Meghalaya,105.91,304.57,93.05,38.26,3437.94,100.0,17.03,61.53,10.42,46.09
2014-06-30,Arunachal Pradesh,104.56,139.75,70.97,28.73,2376.15,100.0,41.82,36.7,26.34,45.52
2014-07-01,Manipur,119.51,188.49,98.51,15.29,2812.91,100.0,14.06,22.92,21.35,43.53
2014-07-02,Arunachal Pradesh,177.74,339.18,100.0,33.98,1084.34,100.0,14.54,49.18,14.6,49.86
2014-07-03,Assam,196.07,431.0,100.0,20.7,443.81,100.0,1.41,70.43,22.16,67.57
2014-07-04,Mizoram,20.39,52.14,34.96,23.83,2154.48,98.49,12.6,27.43,34.97,22.34
2014-07-05,Arunachal Pradesh,134.15,348.66,99.02,3.09,91.8,100.0,13.07,70.71,30.97,46.34
2014-07-06,Manipur,34.77,107.43,73.67,34.77,1889.66,100.0,14.88,33.42,34.35,33.97
2014-07-07,Mizoram,84.43,97.95,58.74,57.43,453.27,100.0,18.43,19.72,33.15,37.29
2014-07-08,Mizoram,35.87,167.42,81.88,31.2,478.26,100.0,28.83,45.27,30.51,40.02
2014-07-09,Manipur,59.67,120.95,60.0,64.65,3489.59,100.0,10.82,72.95,18.37,49.42
2014-07-10,Meghalaya,21.13,99.64,45.93,20.33,2580.05,100.0,31.84,40.37,28.25,25.49
2014-07-11,Manipur,136.55,188.46,86.68,44.92,2598.68,100.0,6.67,60.75,19.79,53.89
2014-07-12,Mizoram,113.89,190.7,66.01,45.09,1647.68,100.0,46.55,71.81,20.74,54.69
2014-07-13,Meghalaya,198.54,287.94,91.47,43.17,1682.35,92.19,1.31,64.57,31.83,60.47
2014-07-14,Meghalaya,132.19,184.17,58.48,19.08,1247.28,94.63,45.41,5.02,15.13,34.94
2014-07-15,Meghalaya,20.85,85.19,43.01,25.57,1765.72,100.0,27.36,48.14,17.41,23.01
2014-07-16,Tripura,152.88,301.99,100.0,23.81,2369.14,100.0,35.5,57.7,33.26,61.16
2014-07-17,Manipur,44.8,95.33,74.78,25.7,787.03,100.0,14.92,29.86,27.49,29.4
2014-07-18,Nagaland,94.42,134.14,83.2,25.74,1083.65,100.0,8.69,11.78,11.62,45.77
2014-07-19,Mizoram,31.16,45.7,65.56,59.15,2004.28,100.0,47.36,28.15,13.04,48.94
2014-07-20,Tripura,177.88,331.69,100.0,42.98,1569.88,100.0,22.05,27.75,24.49,62.88
2014-07-21,Sikkim,44.8,121.62,74.31,30.98,3286.97,100.0,24.03,26.89,29.97,33.74
2014-07-22,Arunachal Pradesh,51.89,143.36,84.47,30.76,3295.66,100.0,49.28,27.64,29.82,33.79
2014-07-23,Manipur,161.93,355.23,97.96,7.84,1377.17,100.0,16.8,46.94,20.62,57.52
2014-07-24,Mizoram,61.91,165.89,76.08,28.25,1830.64,100.0,5.01,71.95,16.46,44.47
2014-07-25,Assam,166.48,316.08,100.0,16.04,3907.52,100.0,29.35,68.75,29.69,57.8
2014-07-26,Mizoram,79.41,263.86,64.7,20.89,3318.53,100.0,27.74,47.51,33.6,44.78
2014-07-27,Nagaland,62.26,132.39,71.36,70.52,901.86,100.0,38.66,43.38,21.1,41.53
2014-07-28,Tripura,16.1,169.5,63.18,50.55,1156.9,100.0,47.75,29.19,13.43,34.62
2014-07-29,Assam,133.56,307.3,100.0,43.16,379.75,100.0,15.38,83.67,25.24,54.63
2014-07-30,Assam,185.55,316.4,91.85,11.87,2727.4,100.0,36.09,21.9,11.79,52.52
2014-07-31,Meghalaya,92.39,220.78,89.09,7.88,1301.74,100.0,21.73,12.64,25.29,40.01
2014-08-01,Arunachal Pradesh,186.06,320.48,100.0,19.1,2169.55,100.0,39.19,100.0,14.32,66.45
2014-08-02,Assam,47.73,64.13,26.98,9.24,3084.16,100.0,8.21,17.06,22.9,19.46
2014-08-03,Nagaland,109.38,213.75,77.95,43.0,3352.34,100.0,25.04,94.37,25.64,60.68
2014-08-04,Arunachal Pradesh,59.3,80.26,61.41,43.96,1335.19,100.0,3.86,32.92,21.17,28.88
2014-08-05,Mizoram,169.82,314.05,100.0,59.73,987.13,95.87,28.06,96.21,30.68,62.92
2014-08-06,Nagaland,63.81,177.73,75.83,36.28,3401.72,100.0,8.45,51.26,19.37,48.46
2014-08-07,Tripura,95.32,184.3,90.45,20.92,1556.02,100.0,48.0,24.94,13.88,42.25
2014-08-08,Arunachal Pradesh,136.24,263.6,100.0,21.78,3296.89,90.6,27.72,29.39,21.6,53.1
2014-08-09,Nagaland,163.58,303.95,100.0,37.81,641.56,100.0,26.47,14.81,34.09,45.42
2014-08-10,Assam,182.9,358.13,100.0,46.6,3652.04,100.0,48.62,49.13,32.0,70.19
2014-08-11,Sikkim,16.22,77.91,51.46,40.85,1958.35,100.0,24.92,51.94,17.78,34.8
2014-08-12,Sikkim,137.64,243.87,73.94,41.88,722.03,100.0,33.84,53.79,16.07,51.09
2014-08-13,Meghalaya,83.91,207.82,100.0,7.72,2163.52,100.0,2.33,23.22,22.08,43.96
2014-08-14,Meghalaya,92.18,194.62,90.45,42.38,3486.56,100.0,35.42,48.28,26.38,48.14
2014-08-15,Arunachal Pradesh,97.87,111.38,61.25,63.67,1587.83,100.0,5.22,71.95,33.17,56.83
2014-08-16,Meghalaya,32.17,84.24,66.11,38.88,753.34,100.0,39.01,10.14,25.33,31.44
2014-08-17,Assam,113.12,198.99,85.76,14.95,2327.4,100.0,43.84,44.22,30.9,44.31
2014-08-18,Tripura,49.22,129.72,53.13,25.28,3346.15,100.0,15.77,5.59,27.4,35.4
2014-08-19,Sikkim,27.99,93.59,53.65,4.73,529.35,100.0,43.91,0.0,12.54,9.64
2014-08-20,Nagaland,128.76,165.12,92.92,23.54,213.56,100.0,24.13,25.89,32.29,40.15
2014-08-21,Manipur,131.74,187.94,77.51,11.19,272.36,100.0,28.58,24.63,14.99,35.77
2014-08-22,Meghalaya,147.22,232.71,92.17,11.44,960.43,100.0,20.55,32.31,19.17,41.19
2014-08-23,Tripura,70.13,157.77,90.45,20.63,78.84,100.0,23.83,33.93,31.01,38.19
2014-08-24,Assam,176.21,357.27,100.0,14.6,1743.26,100.0,45.41,63.43,34.48,53.61
2014-08-25,Nagaland,82.06,108.95,47.82,19.87,2806.11,100.0,47.36,15.82,17.77,34.42
2014-08-26,Manipur,160.14,263.33,94.37,36.88,2856.31,100.0,22.29,27.92,19.58,56.36
2014-08-27,Assam,149.33,272.06,86.04,53.73,2565.01,100.0,25.72,85.46,22.14,59.07
2014-08-28,Manipur,58.92,101.12,39.35,24.59,1219.99,100.0,5.81,57.57,22.45,33.33
2014-08-29,Sikkim,62.09,146.64,81.37,53.89,2956.95,100.0,16.28,55.52,28.76,43.71
2014-08-30,Arunachal Pradesh,92.78,214.79,79.11,31.24,2327.13,100.0,25.66,56.08,30.43,40.24
2014-08-31,Manipur,193.94,310.64,57.35,38.36,3451.66,100.0,10.13,79.98,34.78,59.3
2014-09-01,Nagaland,66.05,162.18,76.24,29.4,1938.12,100.0,28.83,60.86,30.11,44.09
2014-09-02,Nagaland,98.49,193.16,82.62,25.59,761.58,100.0,34.26,17.78,17.49,41.94
2014-09-03,Assam,99.76,153.67,100.0,47.7,2556.88,100.0,32.5,44.3,18.95,54.14
2014-09-04,Tripura,64.3,140.81,68.1,23.88,645.6,100.0,22.13,2.56,25.45,28.1
2014-09-05,Meghalaya,171.89,326.1,100.0,51.36,3854.42,100.0,38.47,73.59,27.17,64.42
2014-09-06,Tripura,61.56,198.89,89.48,15.49,2827.98,100.0,15.98,49.46,12.25,28.98
2014-09-07,Arunachal Pradesh,102.41,269.39,85.04,63.56,3037.47,100.0,23.46,41.07,18.59,49.92
2014-09-08,Tripura,110.9,193.64,83.95,17.77,2733.11,100.0,13.51,51.26,15.07,53.57
2014-09-09,Meghalaya,133.72,225.47,82.63,14.37,435.36,100.0,30.18,58.59,22.7,44.27
2014-09-10,Mizoram,98.95,200.04,69.69,30.1,1887.93,100.0,22.04,74.86,14.22,43.81
2014-09-11,Tripura,50.91,104.66,53.18,24.99,2623.09,100.0,10.86,29.74,24.52,36.66
2014-09-12,Tripura,169.02,352.05,100.0,55.43,955.96,100.0,15.41,82.4,21.68,69.6
2014-09-13,Arunachal Pradesh,3.06,58.62,51.58,17.95,2734.03,100.0,13.97,51.2,20.1,28.79
2014-09-14,Arunachal Pradesh,74.93,164.6,72.85,37.44,3288.55,100.0,45.55,21.48,26.22,38.49
2014-09-15,Assam,84.59,202.62,72.28,51.48,1135.97,100.0,26.1,53.15,20.41,46.93
2014-09-16,Assam,120.77,237.56,84.39,19.18,838.43,100.0,32.63,17.51,19.98,44.12
2014-09-17,Manipur,58.61,150.13,41.89,6.7,3538.48,100.0,46.74,29.23,26.28,32.55
2014-09-18,Arunachal Pradesh,119.8,240.23,72.92,6.44,70.52,100.0,9.11,32.66,11.43,37.12
2014-09-19,Arunachal Pradesh,96.3,188.66,73.35,37.71,1060.2,100.0,46.84,34.89,20.81,44.87
2014-09-20,Nagaland,119.84,193.66,100.0,36.58,1656.59,100.0,26.98,59.96,14.89,43.39
2014-09-21,Meghalaya,134.65,322.34,100.0,50.75,2705.43,100.0,42.81,52.37,10.96,56.23
2014-09-22,Tripura,113.58,184.15,62.17,27.86,3988.4,100.0,8.4,34.37,10.87,42.64
2014-09-23,Manipur,139.53,325.46,100.0,23.36,1514.73,100.0,13.65,76.56,14.19,50.75
2014-09-24,Assam,103.65,219.13,83.8,10.67,3797.79,100.0,9.71,77.61,20.85,45.16
2014-09-25,Manipur,49.37,99.99,42.98,26.47,1498.76,100.0,32.67,61.86,24.17,44.83
2014-09-26,Nagaland,40.99,133.69,65.55,65.64,2797.34,100.0,7.04,61.44,29.9,57.27
2014-09-27,Tripura,110.15,246.66,100.0,22.72,703.2,100.0,39.63,60.71,25.19,40.95
2014-09-28,Tripura,44.0,184.72,59.94,9.87,1868.61,100.0,12.52,39.29,23.0,30.1
2014-09-29,Mizoram,11.88,15.19,27.5,37.62,3491.53,100.0,12.77,0.0,10.91,22.01
2014-09-30,Arunachal Pradesh,179.04,312.96,100.0,37.41,1313.98,100.0,14.06,27.64,17.45,54.17
2014-10-01,Tripura,192.89,394.42,100.0,39.65,465.55,100.0,37.32,63.57,27.31,56.21
2014-10-02,Manipur,43.6,145.26,61.98,23.65,2114.72,100.0,46.21,74.77,16.76,35.39
2014-10-03,Sikkim,64.56,166.28,71.66,6.86,1786.16,100.0,45.38,6.22,24.86,24.39
2014-10-04,Assam,50.44,184.8,81.24,46.13,956.68,100.0,5.06,66.13,25.1,39.52
2014-10-05,Arunachal Pradesh,107.6,204.2,77.94,28.05,3627.18,100.0,13.12,19.48,17.63,41.28
2014-10-06,Sikkim,48.36,26.61,65.57,36.65,2426.66,100.0,33.61,49.22,24.29,40.91
2014-10-07,Nagaland,59.42,124.47,66.38,54.26,1421.34,100.0,30.93,60.75,12.85,40.94
2014-10-08,Arunachal Pradesh,126.92,320.85,100.0,31.27,3984.72,97.99,17.5,32.46,28.17,52.8
2014-10-09,Arunachal Pradesh,30.51,107.7,62.79,32.99,593.39,100.0,43.14,39.59,10.56,31.08
2014-10-10,Nagaland,91.2,153.1,70.06,37.79,3399.41,100.0,6.52,57.31,10.88,52.18
2014-10-11,Meghalaya,27.96,145.31,82.46,28.74,960.97,100.0,31.95,43.5,31.76,28.12
2014-10-12,Nagaland,41.3,145.75,82.86,43.47,996.05,100.0,13.65,70.19,24.51,46.72
2014-10-13,Arunachal Pradesh,24.26,92.27,33.95,35.3,2017.74,100.0,26.36,51.22,14.07,31.0
2014-10-14,Sikkim,79.11,192.07,78.13,28.76,2664.67,100.0,19.37,80.54,25.04,51.08
2014-10-15,Meghalaya,90.0,144.31,99.61,45.79,2777.33,100.0,48.99,79.01,19.25,55.21
2014-10-16,Nagaland,8.4,48.11,42.93,39.24,137.4,100.0,24.33,44.41,16.75,36.29
2014-10-17,Nagaland,75.12,160.09,78.83,32.75,1183.09,100.0,48.8,58.88,30.28,38.1
2014-10-18,Tripura,23.7,129.52,84.61,17.49,2659.39,100.0,12.75,27.46,21.93,28.95
2014-10-19,Sikkim,196.17,322.31,87.84,50.76,3564.45,100.0,38.4,75.94,17.34,63.73
2014-10-20,Sikkim,135.3,251.92,84.78,12.91,2696.07,100.0,35.85,55.09,33.59,48.23
2014-10-21,Tripura,99.6,257.04,67.83,7.41,1100.23,100.0,42.38,28.5,14.13,40.92
2014-10-22,Sikkim,138.07,358.07,100.0,29.72,2055.7,100.0,34.68,91.28,13.55,66.79
2014-10-23,Assam,66.42,114.8,68.73,51.24,2607.93,100.0,34.12,39.47,12.43,39.62
2014-10-24,Nagaland,125.92,244.48,98.55,52.61,584.59,100.0,33.04,66.89,13.11,65.38
2014-10-25,Arunachal Pradesh,42.7,53.73,74.35,57.18,2202.38,100.0,49.25,40.33,16.32,41.18
2014-10-26,Assam,76.87,164.73,73.9,25.28,1913.08,100.0,11.4,68.52,27.46,42.12
2014-10-27,Sikkim,38.27,95.8,41.87,26.63,1379.76,100.0,1.51,5.34,26.8,25.88
2014-10-28,Meghalaya,226.04,439.1,100.0,54.44,2512.97,100.0,33.9,55.55,29.09,79.35
2014-10-29,Assam,11.48,20.3,32.63,20.64,2563.05,100.0,8.62,10.47,24.39,15.91
2014-10-30,Sikkim,25.16,35.34,50.18,22.37,3887.31,100.0,33.97,17.17,22.32,28.0
2014-10-31,Mizoram,44.18,177.11,100.0,6.41,1741.81,100.0,15.98,32.02,20.8,36.03
2014-11-01,Meghalaya,156.7,259.72,90.86,41.56,2148.51,100.0,2.17,31.19,31.87,48.93
2014-11-02,Mizoram,72.2,166.2,93.85,15.21,672.14,100.0,38.49,39.26,18.59,23.67
2014-11-03,Arunachal Pradesh,48.93,135.2,65.33,23.69,2216.03,100.0,2.58,9.45,32.29,32.97
2014-11-04,Tripura,118.1,195.66,61.71,59.01,192.54,100.0,11.21,61.78,16.89,44.42
2014-11-05,Meghalaya,219.42,347.67,97.29,50.56,642.02,100.0,16.82,93.86,13.93,68.92
2014-11-06,Meghalaya,59.41,184.19,65.9,13.63,726.42,100.0,6.64,52.39,16.38,34.33
2014-11-07,Assam,127.28,268.0,91.77,51.72,2548.92,100.0,45.68,55.7,22.48,48.36
2014-11-08,Mizoram,135.94,253.28,96.74,55.1,2290.81,93.45,31.09,50.71,33.15,58.0
2014-11-09,Mizoram,48.41,117.15,53.55,23.17,3202.25,100.0,43.77,84.69,14.43,33.94
2014-11-10,Sikkim,25.21,100.48,71.95,42.31,1884.38,100.0,34.1,55.01,24.5,34.86
2014-11-11,Assam,51.96,143.22,84.35,8.61,1925.68,100.0,49.6,41.7,15.44,30.06
2014-11-12,Assam,104.65,257.43,87.54,42.64,688.15,100.0,26.26,77.29,26.94,50.54
2014-11-13,Tripura,80.8,170.37,87.85,15.74,2983.67,100.0,2.69,46.32,21.63,36.86
2014-11-14,Assam,65.73,166.31,44.13,44.12,64.43,100.0,8.04,59.95,28.34,58.37
2014-11-15,Assam,41.53,141.03,32.83,46.46,1728.32,100.0,29.42,54.47,31.4,26.82
2014-11-16,Tripura,43.96,145.38,81.57,11.44,793.88,100.0,17.39,36.77,18.37,33.97
2014-11-17,Tripura,102.32,261.47,85.97,39.88,3095.49,100.0,5.64,50.56,33.45,51.27
2014-11-18,Nagaland,67.99,151.48,100.0,34.78,2709.9,100.0,11.91,41.15,21.71,41.84
2014-11-19,Assam,74.44,139.02,66.41,19.6,2841.74,100.0,23.73,64.34,33.42,41.96
2014-11-20,Sikkim,3.39,40.76,33.15,16.7,636.88,100.0,25.91,39.6,15.77,24.42
2014-11-21,Sikkim,53.89,156.47,96.59,13.4,2691.82,100.0,46.73,16.1,32.43,35.46
2014-11-22,Assam,155.55,279.0,100.0,41.94,2779.03,100.0,4.53,77.64,18.34,63.55
2014-11-23,Manipur,148.18,363.74,100.0,50.74,60.42,100.0,17.89,70.49,28.77,63.26
2014-11-24,Assam,140.36,261.05,83.41,11.13,1304.52,100.0,25.3,27.04,34.2,41.74
2014-11-25,Sikkim,133.35,211.83,87.83,35.94,394.79,100.0,5.66,57.7,32.8,54.16
2014-11-26,Tripura,83.78,188.58,64.58,29.54,2741.51,100.0,34.39,26.76,21.59,33.16
2014-11-27,Nagaland,137.92,318.43,77.5,35.48,887.83,100.0,25.75,41.73,18.62,44.21
2014-11-28,Arunachal Pradesh,50.29,92.81,69.7,43.27,1095.4,100.0,22.98,66.77,25.32,45.66
2014-11-29,Arunachal Pradesh,147.09,236.85,80.52,24.52,359.4,100.0,32.8,21.71,27.65,34.68
2014-11-30,Manipur,57.16,128.27,50.72,28.05,1961.04,100.0,14.39,41.09,23.51,32.73
2014-12-01,Sikkim,128.5,216.92,62.56,28.41,180.48,100.0,16.97,63.73,31.21,38.03
2014-12-02,Assam,115.26,168.89,76.52,7.66,3390.09,100.0,8.13,14.52,11.46,37.39
2014-12-03,Meghalaya,74.11,99.53,60.87,53.08,154.15,100.0,26.19,68.74,24.99,39.4
2014-12-04,Tripura,8.27,71.71,47.09,35.95,293.48,100.0,18.62,47.84,23.13,32.77
2014-12-05,Nagaland,171.09,335.24,96.94,12.91,2579.61,100.0,13.02,100.0,10.98,68.34
2014-12-06,Assam,108.87,185.26,88.54,4.26,3671.89,100.0,6.24,34.05,10.32,36.04
2014-12-07,Nagaland,81.59,169.57,36.68,52.23,3573.88,100.0,1.16,91.02,25.15,44.71
2014-12-08,Nagaland,96.19,201.68,89.8,42.89,380.34,100.0,9.67,28.01,12.95,43.51
2014-12-09,Tripura,20.55,36.61,54.3,39.5,1189.36,100.0,12.37,18.13,29.21,27.49
2014-12-10,Manipur,43.56,149.69,51.48,30.13,2108.1,100.0,24.27,62.72,33.73,40.43
2014-12-11,Arunachal Pradesh,146.72,278.56,66.7,26.16,155.16,100.0,12.05,40.39,14.44,40.68
2014-12-12,Tripura,171.24,327.84,100.0,12.97,2138.14,100.0,40.88,40.48,29.96,50.67
2014-12-13,Mizoram,36.63,132.15,48.82,29.37,1818.67,100.0,23.71,76.14,24.79,34.18
2014-12-14,Mizoram,95.97,290.99,100.0,10.21,2374.22,100.0,31.19,58.39,21.2,44.26
2014-12-15,Mizoram,85.94,137.93,99.36,22.08,3685.24,100.0,10.4,46.34,26.26,48.42
2014-12-16,Assam,127.63,205.74,87.55,57.98,1134.75,100.0,20.81,65.96,30.06,55.19
2014-12-17,Mizoram,63.32,212.3,80.94,17.58,2574.43,100.0,30.14,48.38,34.27,31.53
2014-12-18,Sikkim,123.48,261.3,88.98,23.22,1747.84,100.0,15.55,13.38,26.51,38.26
2014-12-19,Assam,134.75,254.88,65.39,34.17,1768.76,100.0,16.81,56.5,28.67,48.64
2014-12-20,Meghalaya,80.38,151.45,66.0,18.22,2606.72,100.0,40.37,20.96,25.19,43.14
2014-12-21,Sikkim,125.3,228.68,78.85,43.09,3807.78,100.0,41.86,75.36,24.13,57.72
2014-12-22,Tripura,45.03,109.05,52.27,24.97,3458.97,100.0,26.65,19.83,11.62,35.91
2014-12-23,Arunachal Pradesh,141.55,202.52,86.38,61.04,2576.11,100.0,44.82,50.24,13.88,56.9
2014-12-24,Meghalaya,26.64,128.89,67.75,70.5,1873.08,100.0,36.83,31.43,19.48,42.59
2014-12-25,Assam,140.36,180.11,87.81,34.65,1724.77,100.0,2.77,58.52,26.24,53.04
2014-12-26,Meghalaya,140.67,227.04,78.75,33.83,3159.17,100.0,27.97,78.71,11.89,54.53
2014-12-27,Tripura,104.53,189.53,86.95,48.33,911.97,100.0,34.89,35.7,23.61,48.45
2014-12-28,Mizoram,79.22,254.58,91.03,56.95,2371.28,100.0,27.04,51.06,10.33,59.29
2014-12-29,Meghalaya,55.17,128.72,74.69,17.91,2044.57,100.0,41.6,52.25,29.15,35.27
2014-12-30,Nagaland,123.2,247.45,88.33,27.46,2614.95,100.0,15.04,47.67,26.67,49.63
2014-12-31,Nagaland,17.88,41.73,75.02,40.57,790.31,93.25,3.27,39.16,23.02,42.3
2015-01-01,Arunachal Pradesh,54.49,166.48,36.67,14.43,2798.24,100.0,31.68,44.75,24.28,32.56
2015-01-02,Meghalaya,112.37,336.63,100.0,39.51,2526.65,93.67,36.54,58.92,33.32,47.97
2015-01-03,Assam,57.41,155.77,84.0,36.47,761.58,100.0,38.26,36.78,32.67,34.78
2015-01-04,Arunachal Pradesh,63.64,132.05,47.41,40.01,1826.01,100.0,0.55,25.02,29.82,29.56
2015-01-05,Mizoram,88.19,101.02,87.58,43.71,2730.55,100.0,33.67,21.79,18.41,46.02
2015-01-06,Mizoram,83.25,202.62,80.86,36.88,3611.34,100.0,1.04,11.08,12.68,51.51
2015-01-07,Nagaland,25.76,49.2,47.97,25.49,532.29,100.0,38.74,30.94,18.04,27.96
2015-01-08,Sikkim,70.1,124.93,70.55,9.5,84.52,100.0,35.16,30.51,28.8,28.25
2015-01-09,Arunachal Pradesh,99.58,236.63,100.0,7.23,702.36,100.0,28.37,46.62,25.28,50.08
2015-01-10,Mizoram,129.29,224.99,86.98,17.57,3957.63,100.0,25.32,59.03,27.64,51.04
2015-01-11,Meghalaya,162.16,289.47,99.4,46.49,3085.06,100.0,35.76,66.79,12.63,67.03
2015-01-12,Arunachal Pradesh,108.75,243.11,100.0,4.21,2476.76,100.0,2.86,8.64,13.96,43.2
2015-01-13,Meghalaya,9.16,35.5,61.63,5.03,575.4,100.0,41.61,2.35,26.61,10.73
2015-01-14,Meghalaya,204.31,304.91,100.0,25.06,1693.38,100.0,10.06,33.24,19.3,55.4
2015-01-15,Tripura,112.77,237.73,64.33,57.05,2875.19,100.0,23.89,43.07,19.23,54.64
2015-01-16,Sikkim,63.6,175.58,59.84,12.51,3588.74,100.0,24.34,45.14,19.82,37.18
2015-01-17,Meghalaya,71.52,134.18,83.11,4.07,1558.2,100.0,38.86,26.82,29.9,30.38
2015-01-18,Arunachal Pradesh,103.69,180.45,71.92,35.73,3998.78,100.0,9.65,28.18,27.48,44.03
2015-01-19,Arunachal Pradesh,40.95,67.43,44.51,13.73,601.96,100.0,14.99,38.27,12.65,27.34
2015-01-20,Nagaland,36.49,133.28,73.26,17.95,1578.4,100.0,33.16,28.18,18.61,35.61
2015-01-21,Arunachal Pradesh,78.03,243.8,93.5,21.44,3507.82,100.0,20.64,30.3,26.85,45.94
2015-01-22,Tripura,205.59,395.65,100.0,52.15,2617.17,100.0,14.94,83.91,34.4,80.95
2015-01-23,Assam,121.1,228.0,96.75,5.41,3253.13,100.0,31.07,63.01,32.81,52.57
2015-01-24,Arunachal Pradesh,37.76,135.3,48.04,57.72,3635.81,100.0,4.33,39.71,16.21,39.88
2015-01-25,Tripura,4.1,22.88,18.59,27.49,2053.9,100.0,39.49,7.29,11.65,20.93
2015-01-26,Nagaland,35.11,117.4,86.02,18.72,977.25,100.0,26.24,40.07,24.33,47.18
2015-01-27,Arunachal Pradesh,99.84,156.35,54.43,46.58,2790.14,100.0,10.3,52.49,20.16,42.04
2015-01-28,Assam,62.27,138.52,45.57,33.93,2275.74,100.0,20.43,32.23,14.58,37.75
2015-01-29,Sikkim,137.84,299.78,95.06,28.59,3101.96,100.0,6.55,42.2,26.29,46.22
2015-01-30,Arunachal Pradesh,42.45,146.15,68.79,25.01,2071.27,100.0,30.83,40.1,14.01,38.26
2015-01-31,Manipur,76.23,187.08,70.24,52.36,3253.89,100.0,33.47,31.64,18.79,50.76
2015-02-01,Nagaland,152.03,294.7,95.51,50.59,3612.97,100.0,20.26,56.55,29.86,62.35
2015-02-02,Assam,41.31,82.52,35.18,34.83,3010.85,100.0,16.98,21.81,27.11,28.56
2015-02-03,Nagaland,53.91,136.57,78.02,26.51,2987.44,100.0,42.49,18.58,25.18,35.39
2015-02-04,Tripura,73.93,192.22,55.5,42.57,2369.4,100.0,28.8,55.51,33.27,37.01
2015-02-05,Mizoram,94.99,182.75,76.89,14.41,1912.99,100.0,33.35,72.57,13.14,39.86
2015-02-06,Meghalaya,79.05,160.39,75.59,41.03,3891.72,100.0,6.38,15.59,27.27,43.58
2015-02-07,Nagaland,18.69,59.23,61.58,36.54,2598.19,100.0,35.67,51.51,12.93,37.33
2015-02-08,Mizoram,40.3,99.05,63.22,32.36,3369.41,100.0,22.23,38.0,13.41,24.39
2015-02-09,Arunachal Pradesh,65.95,117.99,47.27,45.07,2046.37,100.0,18.33,0.0,22.66,34.94
2015-02-10,Assam,61.99,143.96,62.62,33.07,2241.69,100.0,46.47,33.66,10.6,31.76
2015-02-11,Tripura,146.44,256.85,80.81,17.91,2668.41,100.0,2.7,100.0,22.52,54.94
2015-02-12,Sikkim,172.76,250.17,66.44,23.8,2927.78,100.0,9.78,5.96,10.24,56.69
2015-02-13,Nagaland,152.96,383.48,100.0,32.12,1821.01,100.0,18.75,88.14,25.06,59.88
2015-02-14,Sikkim,36.93,63.9,41.43,36.62,1457.44,100.0,16.2,43.1,17.8,23.95
2015-02-15,Assam,160.22,284.94,99.22,46.79,995.71,100.0,25.53,43.84,12.08,49.81
2015-02-16,Tripura,90.01,187.46,75.82,19.38,1723.4,100.0,20.05,48.37,29.52,41.0
2015-02-17,Manipur,60.91,119.97,46.96,48.78,884.39,100.0,39.41,54.91,19.75,43.73
2015-02-18,Mizoram,78.31,163.87,54.73,63.18,1696.21,100.0,38.4,56.73,21.1,38.03
2015-02-19,Manipur,104.74,174.38,69.85,17.87,3504.9,100.0,38.62,30.13,19.36,42.95
2015-02-20,Tripura,163.44,324.25,85.15,46.1,3909.43,100.0,18.47,57.63,12.09,59.0
2015-02-21,Tripura,123.16,233.85,100.0,14.88,2329.55,100.0,20.37,46.82,21.5,47.45
2015-02-22,Nagaland,7.98,90.7,78.31,19.93,626.72,100.0,36.02,39.44,26.64,34.77
2015-02-23,Arunachal Pradesh,175.39,371.87,100.0,33.06,1738.84,100.0,6.21,83.32,32.58,62.68
2015-02-24,Arunachal Pradesh,14.46,60.43,57.32,27.58,2428.2,100.0,42.6,26.64,29.1,29.48
2015-02-25,Tripura,108.6,243.84,89.69,10.28,1514.55,100.0,27.06,46.71,11.98,39.53
2015-02-26,Arunachal Pradesh,133.36,311.49,86.58,56.83,860.37,100.0,42.43,43.76,14.15,54.57
2015-02-27,Sikkim,124.76,232.2,98.85,16.98,945.96,100.0,39.68,7.03,11.12,40.96
2015-02-28,Meghalaya,26.52,117.43,84.05,36.15,1922.02,100.0,18.72,31.18,12.98,35.75
2015-03-01,Arunachal Pradesh,141.47,243.59,83.63,9.47,904.89,100.0,5.08,15.89,22.01,31.06
2015-03-02,Sikkim,101.05,249.46,89.35,14.76,1035.61,100.0,46.04,42.15,15.49,41.74
2015-03-03,Manipur,58.37,117.57,51.4,8.75,3498.68,100.0,17.23,34.39,26.2,33.2
2015-03-04,Meghalaya,45.26,146.02,64.24,23.89,3127.29,100.0,18.69,38.24,10.81,36.26
2015-03-05,Nagaland,102.14,243.01,69.74,13.98,268.49,100.0,45.45,30.95,31.43,40.3
2015-03-06,Nagaland,107.62,164.27,68.51,41.6,1314.7,100.0,45.87,30.26,26.94,43.47
2015-03-07,Mizoram,25.54,61.65,58.82,32.05,2151.14,100.0,13.15,46.38,34.23,25.54
2015-03-08,Mizoram,111.0,188.21,82.52,23.07,289.4,100.0,4.45,62.01,33.82,42.33
2015-03-09,Manipur,134.39,294.78,100.0,21.1,2748.53,100.0,0.06,50.22,27.32,48.91
2015-03-10,Assam,23.01,37.51,10.88,49.6,1568.56,100.0,21.91,23.18,13.95,12.21
2015-03-11,Manipur,125.05,250.6,90.84,24.7,1618.85,100.0,28.43,62.41,15.55,54.73
2015-03-12,Nagaland,139.25,287.94,100.0,24.04,1098.04,100.0,13.52,25.85,16.94,63.92
2015-03-13,Assam,59.69,146.31,69.13,28.53,1369.02,100.0,12.99,17.62,20.67,31.32
2015-03-14,Manipur,191.98,388.96,100.0,30.08,3453.68,100.0,17.84,76.81,24.27,67.28
2015-03-15,Mizoram,46.44,42.67,47.04,16.04,3164.98,100.0,13.15,0.0,27.06,19.93
2015-03-16,Assam,61.78,166.99,79.36,42.64,3746.3,100.0,42.92,22.52,11.89,43.62
2015-03-17,Sikkim,46.72,112.81,47.52,50.99,2811.04,100.0,32.14,70.92,25.26,47.27
2015-03-18,Mizoram,176.67,254.79,99.75,10.58,2332.59,100.0,41.45,8.09,11.48,49.14
2015-03-19,Meghalaya,70.14,111.97,74.2,30.98,1074.06,100.0,43.02,30.18,30.68,40.32
2015-03-20,Mizoram,63.98,208.58,71.01,49.68,2684.08,100.0,21.75,90.78,11.01,58.42
2015-03-21,Nagaland,38.59,133.17,45.19,75.13,3629.32,100.0,23.88,72.79,19.75,57.05
2015-03-22,Manipur,160.93,323.47,97.93,53.46,323.2,100.0,48.89,48.46,20.5,60.56
2015-03-23,Nagaland,47.16,159.1,56.85,33.54,1800.13,100.0,40.84,49.74,24.26,31.54
2015-03-24,Meghalaya,51.82,73.46,63.67,33.47,639.97,100.0,39.89,42.54,12.39,29.28
2015-03-25,Meghalaya,11.67,77.34,48.13,49.88,3251.94,100.0,29.19,20.63,33.33,31.91
2015-03-26,Mizoram,48.82,167.16,84.21,3.5,2475.69,100.0,23.06,38.98,19.58,32.06
2015-03-27,Nagaland,25.09,71.54,30.85,23.48,3524.61,100.0,44.73,55.37,19.9,20.43
2015-03-28,Mizoram,76.37,219.05,71.38,8.39,299.25,100.0,40.23,67.58,16.08,35.77
2015-03-29,Manipur,120.48,206.21,69.78,44.06,3627.64,100.0,25.84,61.66,29.52,52.77
2015-03-30,Mizoram,56.6,139.89,72.11,12.73,315.43,100.0,13.52,46.65,10.19,27.8
2015-03-31,Tripura,62.3,159.35,40.72,50.59,1186.04,89.55,7.36,33.19,12.66,38.39
2015-04-01,Meghalaya,32.43,128.83,61.65,18.11,666.85,100.0,27.64,66.48,21.77,25.59
2015-04-02,Mizoram,177.08,304.11,95.35,51.73,624.27,100.0,14.8,48.66,34.21,62.25
2015-04-03,Sikkim,157.79,327.18,100.0,46.57,728.1,100.0,13.21,52.49,10.89,55.99
2015-04-04,Mizoram,123.27,252.02,91.16,33.54,1946.86,100.0,5.29,43.57,11.55,53.04
2015-04-05,Manipur,117.67,160.95,57.87,63.9,3148.23,100.0,1.72,47.55,27.87,55.92
2015-04-06,Meghalaya,33.39,173.55,40.83,8.81,3598.2,100.0,39.17,8.46,28.39,28.71
2015-04-07,Tripura,104.21,168.0,62.04,56.02,2289.17,100.0,5.4,49.15,32.42,58.4
2015-04-08,Meghalaya,98.88,275.07,76.01,19.76,673.12,100.0,44.43,77.94,24.42,46.59
2015-04-09,Arunachal Pradesh,107.96,205.64,63.0,29.52,362.8,100.0,10.69,32.72,20.09,39.98
2015-04-10,Mizoram,10.17,51.49,39.28,29.42,2001.81,100.0,37.98,18.2,21.28,27.7
2015-04-11,Sikkim,48.83,139.22,80.11,33.02,3073.25,100.0,41.15,68.63,20.79,34.26
2015-04-12,Tripura,31.9,69.91,34.94,22.63,2499.64,100.0,39.63,0.0,34.34,19.66
2015-04-13,Sikkim,46.54,44.38,21.05,26.72,2351.99,100.0,43.64,44.09,19.5,22.8
2015-04-14,Arunachal Pradesh,57.83,132.37,57.78,15.87,240.21,100.0,16.99,26.84,12.4,24.66
2015-04-15,Tripura,84.03,191.04,74.03,8.37,1675.6,100.0,49.29,43.08,17.24,33.8
2015-04-16,Tripura,105.44,269.67,88.76,42.08,2224.02,100.0,13.98,64.09,34.0,64.66
2015-04-17,Meghalaya,156.73,237.44,77.59,56.18,2413.25,100.0,46.71,89.61,20.71,59.39
2015-04-18,Manipur,40.92,134.59,63.25,35.3,68.99,100.0,21.87,18.46,17.9,34.16
2015-04-19,Tripura,121.38,227.92,88.82,8.44,838.24,100.0,2.85,10.22,17.77,35.18
2015-04-20,Nagaland,81.49,173.56,61.63,24.14,3801.65,100.0,39.25,46.64,10.23,35.94
2015-04-21,Arunachal Pradesh,14.21,110.19,77.07,31.74,2059.14,100.0,39.37,14.4,25.83,26.41
2015-04-22,Manipur,88.61,162.45,69.74,9.71,2829.39,100.0,9.86,47.35,28.11,34.22
2015-04-23,Assam,150.37,282.26,100.0,37.65,1267.34,100.0,41.18,65.8,18.82,64.01
2015-04-24,Assam,145.76,312.23,100.0,26.03,2362.22,100.0,7.88,61.02,31.82,54.72
2015-04-25,Tripura,65.91,190.06,59.11,20.99,1458.05,100.0,7.57,26.04,28.57,30.55
2015-04-26,Arunachal Pradesh,76.13,115.38,33.75,4.95,1222.99,100.0,40.45,23.36,25.02,25.25
2015-04-27,Manipur,119.58,204.85,96.94,33.22,1675.02,100.0,14.51,42.4,27.6,50.09
2015-04-28,Assam,109.28,208.17,67.95,33.51,1866.32,100.0,3.84,81.56,29.24,57.73
2015-04-29,Nagaland,91.29,219.5,82.44,24.93,1358.03,100.0,47.82,38.88,23.18,42.78
2015-04-30,Mizoram,56.5,124.7,55.9,40.13,1069.06,100.0,27.85,29.24,19.95,41.81
2015-05-01,Nagaland,135.62,256.74,100.0,47.87,2514.09,100.0,22.4,80.03,13.14,55.18
2015-05-02,Assam,54.27,181.41,75.16,16.74,1553.89,100.0,25.21,17.63,20.12,32.36
2015-05-03,Tripura,133.19,236.25,66.54,13.35,847.21,100.0,33.52,76.79,23.75,47.21
2015-05-04,Sikkim,33.46,159.11,67.87,42.34,3045.55,100.0,43.08,15.25,33.7,33.12
2015-05-05,Mizoram,112.68,154.8,87.83,21.83,2908.78,100.0,33.63,72.21,13.87,47.3
2015-05-06,Assam,32.01,82.3,43.41,27.81,3552.92,100.0,36.98,32.31,28.92,23.52
2015-05-07,Arunachal Pradesh,128.4,188.0,54.17,57.84,2242.33,100.0,9.01,49.53,16.02,50.96
2015-05-08,Nagaland,158.31,292.13,100.0,42.09,1153.78,100.0,19.2,95.16,33.93,55.16
2015-05-09,Mizoram,82.05,203.12,65.94,15.2,3461.65,100.0,29.24,32.7,24.87,33.89
2015-05-10,Meghalaya,110.48,209.27,56.35,18.94,1157.19,100.0,30.97,19.73,20.82,29.17
2015-05-11,Manipur,150.62,256.95,77.21,33.35,2639.62,100.0,13.53,51.15,18.67,51.8
2015-05-12,Nagaland,141.99,208.6,85.05,35.87,802.05,100.0,48.75,61.41,15.05,52.14
2015-05-13,Sikkim,46.65,187.23,83.25,14.47,2535.24,100.0,5.91,34.41,27.86,30.04
2015-05-14,Meghalaya,67.0,149.6,75.08,42.85,3371.39,100.0,5.61,40.55,25.9,47.41
2015-05-15,Arunachal Pradesh,168.79,285.11,80.84,44.31,2182.78,100.0,11.46,54.42,32.25,55.38
2015-05-16,Sikkim,78.28,229.91,98.69,40.91,1910.01,100.0,37.7,65.08,24.93,39.82
2015-05-17,Tripura,109.62,200.35,90.32,63.82,3974.22,100.0,1.83,38.66,14.25,62.17
2015-05-18,Assam,60.03,103.63,67.22,41.64,138.69,100.0,49.39,50.17,27.07,38.23
2015-05-19,Manipur,83.73,147.18,52.87,10.73,1360.34,100.0,49.39,60.59,31.97,30.38
2015-05-20,Arunachal Pradesh,175.36,278.75,85.98,15.34,3678.46,100.0,7.98,73.92,34.76,60.6
2015-05-21,Manipur,65.6,105.76,65.38,24.92,2588.44,100.0,20.06,62.59,27.13,48.63
2015-05-22,Meghalaya,82.12,145.44,77.28,15.11,2191.28,100.0,10.2,14.77,17.24,35.83
2015-05-23,Mizoram,70.67,252.61,74.84,37.67,2568.88,100.0,20.4,87.61,24.13,55.94
2015-05-24,Sikkim,134.62,205.94,100.0,16.1,1321.67,100.0,26.64,35.7,22.87,37.14
2015-05-25,Arunachal Pradesh,102.48,144.04,66.26,20.06,331.11,100.0,41.14,42.68,22.8,37.44
2015-05-26,Assam,56.56,145.96,82.95,7.83,1136.83,100.0,1.79,28.81,11.97,35.04
2015-05-27,Mizoram,20.92,78.34,36.57,53.46,1379.16,100.0,49.34,31.71,14.86,32.62
2015-05-28,Sikkim,86.1,205.55,83.74,27.63,1945.47,100.0,47.03,47.53,23.1,35.59
2015-05-29,Mizoram,126.95,218.26,64.21,58.82,1605.89,100.0,28.52,77.06,29.95,51.99
2015-05-30,Assam,76.33,129.76,67.77,31.3,2107.96,100.0,24.04,50.01,14.54,41.25
2015-05-31,Mizoram,110.02,281.98,100.0,24.05,824.52,100.0,27.53,58.23,14.11,48.75
2015-06-01,Tripura,81.29,107.47,68.81,37.77,776.99,100.0,0.92,23.32,29.0,36.27
2015-06-02,Tripura,120.44,245.08,77.5,13.45,1439.26,100.0,36.88,38.18,27.26,44.43
2015-06-03,Manipur,139.03,286.15,69.5,16.5,1921.17,100.0,24.82,52.04,22.13,42.63
2015-06-04,Sikkim,15.99,106.85,65.76,52.41,1399.83,100.0,14.3,14.91,11.26,33.04
2015-06-05,Nagaland,66.5,137.61,61.09,45.91,2327.42,100.0,23.08,58.78,21.82,45.8
2015-06-06,Mizoram,67.98,102.05,53.97,23.56,1274.52,100.0,14.63,40.41,30.87,38.28
2015-06-07,Manipur,77.52,226.26,70.97,17.05,749.82,100.0,35.0,69.83,10.27,40.81
2015-06-08,Meghalaya,41.72,94.77,57.7,59.2,3458.17,99.18,30.72,40.4,12.57,49.69
2015-06-09,Nagaland,98.92,259.59,91.4,16.25,842.38,100.0,19.4,42.76,30.23,51.03
2015-06-10,Arunachal Pradesh,51.01,141.24,83.62,38.46,3868.23,100.0,15.71,43.29,23.13,52.9
2015-06-11,Sikkim,85.43,158.79,41.06,40.62,3950.25,100.0,43.9,59.87,26.56,36.87
2015-06-12,Mizoram,74.94,178.15,55.34,14.91,2802.37,100.0,34.11,26.41,28.63,32.59
2015-06-13,Assam,34.79,148.22,76.09,27.51,2032.9,100.0,35.79,63.51,17.51,38.42
2015-06-14,Nagaland,62.19,146.57,35.84,32.44,3191.9,100.0,30.93,36.4,17.45,29.11
2015-06-15,Mizoram,119.98,200.46,68.8,38.82,3499.15,100.0,3.76,54.06,16.6,49.64
2015-06-16,Meghalaya,53.81,59.21,87.01,8.39,2852.89,100.0,2.96,5.83,14.18,26.96
2015-06-17,Manipur,102.83,187.27,72.84,22.38,453.08,100.0,21.46,16.89,17.62,26.14
2015-06-18,Tripura,83.47,207.51,91.54,41.65,61.8,100.0,46.52,49.24,33.82,39.7
2015-06-19,Mizoram,15.71,33.14,20.95,48.07,808.01,100.0,26.24,20.26,12.15,24.32
2015-06-20,Mizoram,18.65,105.21,71.09,40.59,794.7,100.0,43.79,20.43,16.02,39.87
2015-06-21,Nagaland,34.17,102.39,54.37,3.45,770.94,100.0,4.83,21.22,17.95,16.23
2015-06-22,Tripura,30.69,125.85,69.06,45.65,2063.6,96.77,36.21,18.65,13.85,42.08
2015-06-23,Sikkim,220.57,287.28,100.0,22.14,2104.33,100.0,12.27,43.35,11.94,58.89
2015-06-24,Meghalaya,115.43,166.33,65.1,7.94,2905.94,100.0,26.22,31.14,14.05,36.12
2015-06-25,Manipur,69.46,135.69,73.99,40.68,845.8,100.0,14.65,65.33,23.19,38.8
2015-06-26,Sikkim,71.36,231.69,69.08,51.86,416.01,92.68,35.62,56.35,24.92,43.74
2015-06-27,Manipur,61.2,111.63,62.68,52.82,2681.06,100.0,20.04,55.4,15.38,42.67
2015-06-28,Mizoram,125.75,233.55,94.06,36.0,1961.79,100.0,23.11,25.96,22.6,53.15
2015-06-29,Sikkim,56.39,220.62,75.58,33.77,2681.97,100.0,12.27,23.97,10.16,40.46
2015-06-30,Manipur,73.3,177.09,60.53,25.9,1553.92,100.0,14.07,57.92,25.05,47.96
2015-07-01,Nagaland,119.12,263.07,85.32,53.6,3015.64,100.0,8.97,49.03,10.03,51.45
2015-07-02,Assam,66.24,123.66,80.63,46.13,2746.27,100.0,27.69,25.7,26.07,49.8
2015-07-03,Mizoram,23.12,131.83,79.97,32.77,2618.85,100.0,7.25,19.34,22.08,32.34
2015-07-04,Arunachal Pradesh,165.36,351.3,100.0,1.95,158.9,100.0,13.41,39.25,12.73,45.19
2015-07-05,Assam,91.39,207.15,100.0,52.05,3439.59,63.64,26.52,69.51,12.21,60.65
2015-07-06,Mizoram,116.43,221.21,84.34,7.49,1537.6,100.0,13.74,0.0,10.17,31.25
2015-07-07,Sikkim,114.84,244.63,91.57,24.73,585.68,100.0,29.42,99.39,23.79,58.91
2015-07-08,Assam,128.16,177.21,45.55,29.83,3034.57,100.0,0.71,43.95,30.16,42.86
2015-07-09,Arunachal Pradesh,37.3,149.49,56.25,5.34,1971.58,100.0,48.66,10.23,31.41,24.03
2015-07-10,Assam,27.99,58.02,59.28,26.06,176.42,100.0,36.5,25.52,24.23,25.56
2015-07-11,Mizoram,166.48,288.58,100.0,13.98,3138.39,100.0,25.19,26.42,32.18,56.12
2015-07-12,Tripura,96.64,247.66,70.14,31.84,1768.4,100.0,46.04,54.17,31.55,40.22
2015-07-13,Arunachal Pradesh,1.94,96.82,57.97,43.36,3031.96,100.0,43.49,25.22,27.46,25.73
2015-07-14,Tripura,97.17,130.91,98.57,43.05,3034.58,100.0,18.33,47.39,19.08,51.14
2015-07-15,Tripura,32.12,60.28,50.74,20.02,444.75,100.0,5.81,16.29,30.68,23.36
2015-07-16,Tripura,52.14,153.81,92.43,48.56,2472.24,100.0,12.61,61.42,19.79,46.54
2015-07-17,Sikkim,85.01,107.94,66.8,50.4,1472.54,100.0,10.43,80.38,20.08,52.02
2015-07-18,Tripura,55.14,189.48,86.32,38.81,2208.29,95.97,37.5,34.12,26.95,40.66
2015-07-19,Meghalaya,165.73,303.32,87.02,35.07,399.76,100.0,27.41,56.88,33.2,47.58
2015-07-20,Manipur,25.46,144.7,44.81,22.25,2373.33,100.0,42.5,48.85,22.5,44.4
2015-07-21,Nagaland,111.93,188.1,88.46,16.62,3121.28,100.0,24.49,61.54,14.43,42.5
2015-07-22,Sikkim,81.06,145.34,73.67,53.67,3947.91,100.0,38.49,58.9,13.56,52.52
2015-07-23,Nagaland,32.2,139.66,68.84,23.41,1315.1,100.0,16.17,20.66,17.56,30.33
2015-07-24,Mizoram,133.83,238.89,67.87,67.61,662.74,100.0,30.11,43.61,21.44,41.55
2015-07-25,Manipur,93.79,141.05,62.86,16.53,1495.31,100.0,31.97,37.79,17.44,30.75
2015-07-26,Nagaland,22.24,105.82,51.91,64.97,126.24,100.0,37.96,66.51,27.8,37.95
2015-07-27,Nagaland,112.57,155.16,63.25,42.41,1664.65,100.0,39.97,57.11,23.57,32.19
2015-07-28,Mizoram,54.92,190.07,81.44,27.44,3662.63,100.0,13.83,55.68,20.17,38.31
2015-07-29,Mizoram,161.19,299.15,100.0,36.24,817.69,100.0,19.25,32.54,15.34,51.65
2015-07-30,Assam,122.5,198.16,83.92,32.17,1936.99,100.0,10.36,34.48,25.14,45.52
2015-07-31,Nagaland,90.45,231.49,89.21,29.01,2311.84,100.0,37.39,44.5,26.85,51.97
2015-08-01,Tripura,80.63,217.46,85.19,15.1,760.63,100.0,13.54,44.21,29.6,38.26
2015-08-02,Assam,163.03,294.69,96.32,6.22,1353.92,100.0,19.55,48.11,34.77,46.01
2015-08-03,Nagaland,66.23,240.35,75.61,45.59,3649.86,100.0,40.15,63.64,15.78,53.88
2015-08-04,Sikkim,10.94,156.5,72.0,46.87,1218.13,100.0,16.99,9.76,10.38,30.49
2015-08-05,Nagaland,90.12,198.12,90.83,25.8,2559.68,100.0,14.58,16.27,22.51,51.61
2015-08-06,Meghalaya,107.09,253.26,88.92,24.57,590.96,100.0,32.56,48.63,33.1,41.25
2015-08-07,Nagaland,51.67,179.86,62.17,50.56,2695.97,100.0,48.77,56.32,16.22,41.25
2015-08-08,Manipur,62.39,98.18,41.7,45.85,1152.62,100.0,3.13,39.6,28.9,34.91
2015-08-09,Mizoram,81.27,183.37,62.37,12.01,963.49,100.0,41.74,42.4,17.99,36.04
2015-08-10,Sikkim,12.58,41.6,31.16,50.26,540.45,100.0,6.08,52.45,19.78,34.5
2015-08-11,Nagaland,144.58,233.95,100.0,41.02,234.96,100.0,17.24,31.7,33.69,53.51
2015-08-12,Arunachal Pradesh,80.88,176.18,62.07,32.38,3873.05,100.0,20.84,9.26,21.53,36.48
2015-08-13,Tripura,186.25,337.24,100.0,11.27,1684.92,100.0,35.94,41.42,28.13,47.02
2015-08-14,Meghalaya,140.65,196.49,78.0,9.13,3121.58,100.0,46.33,47.56,23.75,44.69
2015-08-15,Assam,76.25,178.12,96.82,40.3,3684.35,100.0,5.1,53.07,29.1,53.66
2015-08-16,Nagaland,41.63,102.41,66.92,30.55,855.88,100.0,37.24,29.85,17.93,35.85
2015-08-17,Nagaland,102.84,260.17,98.4,17.36,3485.9,100.0,16.11,69.31,31.92,44.31
2015-08-18,Assam,137.46,302.7,100.0,65.67,2846.7,100.0,45.1,100.0,23.72,68.4
2015-08-19,Meghalaya,31.92,63.64,56.85,53.37,2333.01,100.0,13.91,57.6,17.73,33.25
2015-08-20,Assam,30.28,147.93,74.42,11.99,3245.86,100.0,34.69,62.33,10.95,35.41
2015-08-21,Nagaland,149.1,295.08,89.61,9.41,487.13,100.0,8.24,14.2,10.33,40.84
2015-08-22,Assam,105.02,198.79,66.0,33.39,1091.22,89.45,47.9,49.1,18.83,38.89
2015-08-23,Assam,92.16,167.75,74.43,41.43,567.65,100.0,0.22,36.95,15.39,50.18
2015-08-24,Sikkim,68.9,107.45,53.44,48.94,3589.08,100.0,11.64,59.14,11.32,49.67
2015-08-25,Nagaland,138.87,209.58,84.68,38.12,440.25,100.0,33.8,25.39,23.82,47.54
2015-08-26,Meghalaya,47.19,47.71,33.35,36.27,3920.8,100.0,42.68,32.17,34.72,27.46
2015-08-27,Mizoram,45.97,119.79,41.85,56.99,484.07,100.0,49.68,37.87,20.56,38.49
2015-08-28,Meghalaya,37.86,24.39,25.69,68.02,2664.19,100.0,8.66,62.58,23.8,43.41
2015-08-29,Mizoram,44.87,82.64,55.42,41.18,2658.95,100.0,15.36,28.86,15.5,35.17
2015-08-30,Nagaland,67.75,177.9,51.35,47.17,3728.42,100.0,44.59,20.23,15.12,43.98
2015-08-31,Nagaland,238.47,467.43,100.0,7.66,1326.37,100.0,1.62,69.91,18.21,64.44
2015-09-01,Manipur,94.57,145.92,98.47,65.42,1361.45,100.0,36.67,74.52,30.88,53.03
2015-09-02,Sikkim,110.56,240.22,100.0,46.0,3392.86,100.0,21.15,39.26,34.01,56.53
2015-09-03,Manipur,42.46,101.31,54.72,12.37,3915.37,100.0,34.44,39.72,28.49,24.44
2015-09-04,Sikkim,108.56,192.19,71.18,31.91,169.05,100.0,26.25,47.25,10.51,37.29
2015-09-05,Mizoram,71.42,163.32,77.11,31.93,2559.5,100.0,31.36,44.24,20.96,33.38
2015-09-06,Nagaland,61.26,115.7,72.09,52.55,1012.38,100.0,33.33,4.29,20.52,45.2
2015-09-07,Nagaland,151.5,273.88,99.22,49.09,2925.45,100.0,31.56,84.91,33.38,60.91
2015-09-08,Mizoram,125.96,241.78,68.7,8.47,3102.24,100.0,33.23,45.49,28.64,48.51
2015-09-09,Manipur,55.46,179.61,73.07,47.14,3061.98,100.0,28.42,57.08,27.86,36.17
2015-09-10,Manipur,103.39,260.19,100.0,41.1,1770.27,100.0,35.69,64.93,24.12,66.06
2015-09-11,Sikkim,166.67,276.06,59.79,28.37,673.32,100.0,38.8,56.68,26.15,46.71
2015-09-12,Sikkim,186.2,318.5,87.12,51.15,2359.82,96.52,39.4,97.15,27.47,68.24
2015-09-13,Assam,99.78,231.84,94.26,39.92,3166.7,100.0,42.68,75.21,23.81,47.65
2015-09-14,Tripura,139.67,252.26,85.77,24.01,3653.17,100.0,15.82,38.21,31.12,49.86
2015-09-15,Meghalaya,116.32,253.06,85.94,35.61,1837.95,100.0,37.29,100.0,10.92,51.24
2015-09-16,Meghalaya,85.14,213.8,99.39,49.7,1020.42,100.0,47.33,71.64,33.53,47.31
2015-09-17,Manipur,54.08,171.89,73.57,20.32,519.35,100.0,18.37,76.36,29.34,36.6
2015-09-18,Arunachal Pradesh,108.21,215.82,76.06,19.85,3200.52,100.0,38.88,46.0,23.22,35.04
2015-09-19,Nagaland,78.52,121.25,59.62,29.98,2164.42,100.0,14.57,39.51,31.51,47.26
2015-09-20,Sikkim,111.28,210.21,77.91,20.92,2713.03,100.0,8.78,16.66,30.7,40.76
2015-09-21,Sikkim,52.39,108.29,49.14,37.03,679.0,100.0,22.32,3.87,20.48,35.29
2015-09-22,Assam,109.69,245.62,85.79,34.64,75.99,100.0,40.33,52.26,31.0,60.87
2015-09-23,Assam,46.72,181.1,59.12,21.82,3871.95,100.0,15.36,32.22,14.71,32.45
2015-09-24,Nagaland,36.82,167.37,68.47,10.85,3253.01,100.0,14.75,40.18,21.73,35.2
2015-09-25,Sikkim,162.36,328.96,98.05,31.67,1630.1,100.0,13.88,45.05,15.81,59.25
2015-09-26,Meghalaya,100.05,162.68,76.01,36.31,1855.73,100.0,10.91,58.86,13.11,40.08
2015-09-27,Arunachal Pradesh,34.82,158.35,94.39,54.63,3719.81,100.0,30.56,71.27,32.37,54.96
2015-09-28,Arunachal Pradesh,84.81,194.28,82.75,7.08,870.22,100.0,12.17,67.72,19.17,46.13
2015-09-29,Manipur,96.07,161.12,73.77,27.09,3221.17,100.0,46.75,87.02,27.11,43.94
2015-09-30,Arunachal Pradesh,111.84,252.23,93.95,5.03,120.82,100.0,17.3,52.82,19.38,44.03
2015-10-01,Mizoram,138.88,249.48,76.95,5.81,3509.07,100.0,27.12,78.25,23.6,48.53
2015-10-02,Tripura,92.06,110.1,72.55,37.95,2377.67,100.0,20.46,48.78,18.7,42.17
2015-10-03,Mizoram,49.02,84.33,62.96,33.92,1936.43,100.0,48.14,40.97,28.57,38.79
2015-10-04,Nagaland,33.87,98.2,58.97,22.63,2840.51,100.0,21.2,11.42,29.66,25.47
2015-10-05,Arunachal Pradesh,87.6,177.21,80.77,24.03,317.22,100.0,28.18,41.57,20.76,37.0
2015-10-06,Sikkim,117.34,183.41,81.6,27.61,822.4,100.0,38.17,35.77,31.49,35.09
2015-10-07,Manipur,63.61,175.45,80.03,7.57,1657.59,100.0,8.56,12.36,18.88,29.97
2015-10-08,Sikkim,52.78,149.95,84.9,18.68,2490.57,100.0,1.63,3.41,29.06,39.49
2015-10-09,Manipur,53.45,72.74,43.18,23.97,620.97,100.0,22.75,28.84,26.25,26.05
2015-10-10,Assam,55.5,238.59,100.0,49.39,1548.99,100.0,27.53,36.52,21.4,45.26
2015-10-11,Mizoram,86.17,130.67,42.09,36.74,1080.53,100.0,14.35,38.58,32.22,26.71
2015-10-12,Manipur,73.22,141.53,78.23,42.11,2600.0,100.0,23.13,61.27,24.31,38.16
2015-10-13,Mizoram,30.12,110.19,64.55,23.84,3681.15,100.0,30.76,15.14,31.0,24.25
2015-10-14,Sikkim,152.13,260.01,77.56,25.27,705.62,100.0,48.66,23.95,28.33,44.52
2015-10-15,Sikkim,137.25,314.05,100.0,25.38,797.58,100.0,30.09,27.49,23.31,58.44
2015-10-16,Nagaland,60.8,134.19,39.64,6.33,2422.09,100.0,22.44,13.18,18.16,27.93
2015-10-17,Tripura,81.26,135.03,91.38,20.04,1841.57,100.0,1.13,20.99,33.78,38.25
2015-10-18,Mizoram,37.09,130.22,99.9,53.55,2886.51,100.0,15.53,23.25,11.42,49.42
2015-10-19,Manipur,63.78,29.7,43.49,32.18,1187.15,100.0,17.92,47.99,32.36,28.54
2015-10-20,Nagaland,5.34,79.36,40.46,21.53,2202.04,100.0,23.85,40.02,22.66,10.75
2015-10-21,Assam,63.8,197.3,70.79,40.15,1577.97,94.28,39.11,19.3,28.72,42.75
2015-10-22,Sikkim,108.53,120.53,78.73,60.64,1160.99,100.0,38.79,31.21,18.35,51.79
2015-10-23,Manipur,68.77,136.99,62.56,47.62,2930.72,100.0,42.26,64.41,19.61,38.33
2015-10-24,Sikkim,71.49,91.38,14.24,20.35,3193.78,100.0,14.5,3.13,14.77,25.02
2015-10-25,Manipur,131.73,248.12,95.38,25.69,1349.36,100.0,17.32,28.54,33.86,53.13
2015-10-26,Nagaland,97.22,285.58,100.0,38.27,2510.74,100.0,7.51,53.5,11.08,47.41
2015-10-27,Arunachal Pradesh,46.91,129.53,73.62,48.18,755.44,100.0,42.87,31.79,19.67,43.97
2015-10-28,Mizoram,117.66,217.75,93.65,20.79,3174.32,100.0,32.61,84.02,18.37,55.71
2015-10-29,Meghalaya,69.81,41.74,72.42,8.2,1160.94,100.0,3.88,27.33,30.33,35.33
2015-10-30,Sikkim,180.63,276.7,92.17,26.37,725.27,100.0,15.18,56.32,22.54,64.83
2015-10-31,Nagaland,76.43,159.32,97.64,30.24,3762.85,100.0,7.64,40.11,14.23,42.47
2015-11-01,Assam,35.27,106.63,59.01,12.73,1718.81,100.0,48.46,44.33,22.73,31.48
2015-11-02,Arunachal Pradesh,52.76,142.86,85.47,47.98,2591.82,100.0,16.23,53.91,15.9,40.07
2015-11-03,Sikkim,68.56,183.57,74.58,21.65,3246.39,100.0,24.82,29.37,10.43,35.51
2015-11-04,Nagaland,143.15,228.49,100.0,32.17,2760.26,100.0,15.9,16.11,23.61,60.69
2015-11-05,Arunachal Pradesh,60.4,142.2,78.16,33.57,2280.41,100.0,23.71,28.32,19.01,42.69
2015-11-06,Manipur,31.52,77.43,54.04,20.85,1517.87,100.0,49.93,21.43,15.97,21.69
2015-11-07,Manipur,41.06,74.05,36.82,57.59,3678.17,100.0,14.37,55.74,14.31,35.51
2015-11-08,Sikkim,21.1,46.78,52.45,41.31,577.49,100.0,14.13,53.95,21.34,31.7
2015-11-09,Assam,98.87,219.94,71.7,15.75,3541.48,100.0,18.57,39.86,31.74,38.19
2015-11-10,Manipur,66.31,46.89,55.99,28.25,2853.9,100.0,8.47,30.51,28.95,24.71
2015-11-11,Sikkim,116.15,150.02,79.89,17.29,2307.07,100.0,36.95,9.7,10.12,36.86
2015-11-12,Manipur,124.43,363.33,100.0,17.43,1332.75,100.0,18.97,37.88,28.28,43.59
2015-11-13,Arunachal Pradesh,75.18,136.19,75.3,30.52,626.87,100.0,29.04,2.71,11.82,31.2
2015-11-14,Manipur,142.2,322.06,100.0,42.27,1800.48,100.0,33.07,51.04,23.7,66.55
2015-11-15,Manipur,17.24,73.28,74.52,30.05,3145.85,100.0,1.77,38.87,29.5,32.73
2015-11-16,Assam,115.64,201.0,100.0,39.5,2993.97,100.0,32.2,63.01,21.33,46.71
2015-11-17,Mizoram,146.14,295.49,83.31,39.75,2599.5,100.0,26.64,45.95,19.42,58.3
2015-11-18,Arunachal Pradesh,78.82,171.46,100.0,36.76,3970.37,100.0,4.14,66.84,33.49,53.04
2015-11-19,Meghalaya,56.43,127.49,83.93,27.77,3891.91,100.0,6.22,66.03,10.73,49.26
2015-11-20,Meghalaya,164.74,295.34,86.27,42.31,1630.02,100.0,22.04,78.04,12.65,59.84
2015-11-21,Meghalaya,43.24,130.63,37.94,36.85,810.51,100.0,17.32,65.3,31.76,34.29
2015-11-22,Nagaland,86.04,151.54,88.37,32.59,1882.16,100.0,21.87,23.04,32.16,43.22
2015-11-23,Mizoram,52.26,109.12,64.92,36.39,3386.08,100.0,31.78,10.32,19.32,41.35
2015-11-24,Mizoram,49.05,84.47,50.06,15.86,1861.32,100.0,7.72,44.7,23.5,23.98
2015-11-25,Assam,31.24,48.56,54.42,26.29,1377.13,100.0,33.12,55.6,14.11,34.73
2015-11-26,Assam,155.84,357.77,100.0,18.67,2977.86,100.0,40.91,88.43,32.11,59.83
2015-11-27,Nagaland,42.29,77.18,24.96,14.11,2618.04,100.0,0.15,0.0,21.73,25.35
2015-11-28,Manipur,58.28,177.37,77.37,58.11,3876.36,100.0,18.42,57.82,24.1,44.86
2015-11-29,Tripura,111.2,202.56,81.37,30.83,2219.58,100.0,13.76,23.04,12.95,40.67
2015-11-30,Tripura,80.14,191.83,100.0,57.04,3871.52,100.0,21.6,54.18,25.37,47.57
2015-12-01,Arunachal Pradesh,54.48,131.64,78.76,15.96,1199.2,100.0,30.76,48.12,27.4,30.67
2015-12-02,Nagaland,51.76,55.99,63.49,33.54,3466.06,100.0,9.38,39.84,17.37,35.81
2015-12-03,Manipur,82.38,174.72,68.29,20.27,1436.15,100.0,6.7,8.25,32.4,28.21
2015-12-04,Meghalaya,54.29,155.67,81.18,15.5,3248.22,100.0,36.44,29.6,15.1,31.96
2015-12-05,Mizoram,117.4,187.9,70.3,25.04,3707.65,100.0,34.29,30.8,32.43,44.72
2015-12-06,Assam,113.78,313.54,100.0,36.62,2511.6,100.0,23.04,78.09,27.58,62.85
2015-12-07,Manipur,88.96,215.92,91.79,69.35,2927.77,94.42,25.07,51.68,30.77,57.39
2015-12-08,Tripura,105.78,241.52,89.58,39.33,3836.63,100.0,13.49,57.05,27.48,54.77
2015-12-09,Tripura,58.11,174.25,79.59,56.43,1531.87,100.0,16.46,49.23,20.71,45.99
2015-12-10,Assam,80.48,77.35,75.17,48.37,2070.76,100.0,16.0,77.45,18.29,43.65
2015-12-11,Sikkim,54.65,160.17,66.56,6.08,3598.25,100.0,36.32,42.95,28.35,31.15
2015-12-12,Mizoram,157.85,377.83,100.0,44.77,2707.62,100.0,27.78,67.72,17.45,62.98
2015-12-13,Tripura,37.43,136.53,53.7,48.67,3500.68,100.0,36.47,40.62,11.55,42.49
2015-12-14,Meghalaya,75.24,152.35,53.6,62.72,2492.11,100.0,29.54,56.46,16.18,51.5
2015-12-15,Manipur,85.74,133.99,90.91,59.64,2971.94,100.0,27.28,97.01,28.88,56.84
2015-12-16,Meghalaya,78.63,119.47,73.71,28.67,101.6,100.0,16.03,48.04,29.83,34.02
2015-12-17,Manipur,146.09,215.86,99.23,22.67,1391.71,100.0,19.77,49.18,16.92,39.12
2015-12-18,Meghalaya,64.99,131.47,79.66,34.14,3093.16,100.0,44.37,54.0,18.2,37.03
2015-12-19,Mizoram,84.18,133.55,63.73,46.65,1645.83,100.0,28.8,58.22,23.73,45.17
2015-12-20,Nagaland,103.99,199.91,100.0,21.45,1483.24,100.0,26.22,54.02,16.55,44.04
2015-12-21,Manipur,88.29,190.59,67.75,51.74,3808.63,100.0,2.66,68.65,25.15,51.4
2015-12-22,Meghalaya,93.43,121.36,94.46,58.65,2232.57,82.11,33.54,31.86,17.05,42.55
2015-12-23,Nagaland,50.13,94.59,60.77,10.31,810.34,100.0,34.3,0.0,13.02,21.24
2015-12-24,Tripura,31.24,73.69,81.57,22.68,1915.3,100.0,34.53,42.65,13.87,36.36
2015-12-25,Arunachal Pradesh,59.13,114.4,47.14,7.27,2098.75,100.0,4.56,32.44,16.26,18.9
2015-12-26,Assam,116.05,224.8,78.49,18.56,3955.49,100.0,15.02,30.88,14.2,26.42
2015-12-27,Sikkim,86.84,185.25,53.01,39.22,2886.97,98.75,18.56,34.43,34.36,35.24
2015-12-28,Sikkim,76.67,148.03,85.24,21.78,2101.64,100.0,41.32,45.95,26.46,40.26
2015-12-29,Nagaland,67.32,124.09,68.62,34.74,1756.36,100.0,49.03,49.95,14.48,33.27
2015-12-30,Tripura,180.3,319.62,100.0,4.98,3666.21,100.0,20.74,14.46,20.6,54.67
2015-12-31,Arunachal Pradesh,171.18,364.46,100.0,16.28,2601.47,100.0,27.71,55.49,16.73,61.43
2016-01-01,Mizoram,77.0,107.28,81.51,10.32,1456.54,100.0,0.37,23.36,27.11,26.39
2016-01-02,Arunachal Pradesh,25.0,132.77,67.75,11.62,1885.29,100.0,0.44,23.79,31.68,33.06
2016-01-03,Arunachal Pradesh,226.78,324.82,100.0,34.51,1148.59,100.0,3.73,38.0,20.02,66.88
2016-01-04,Manipur,245.92,433.35,100.0,31.89,3843.69,100.0,35.97,55.44,20.72,70.81
2016-01-05,Assam,145.63,310.43,89.41,44.2,2822.68,100.0,8.91,56.82,19.96,58.37
2016-01-06,Arunachal Pradesh,70.41,102.67,66.15,44.91,1599.58,100.0,37.89,5.54,21.23,41.04
2016-01-07,Sikkim,170.61,319.95,100.0,47.9,773.69,100.0,21.59,87.05,10.9,72.56
2016-01-08,Tripura,133.09,207.79,57.97,16.75,749.23,100.0,42.5,37.75,24.82,37.38
2016-01-09,Arunachal Pradesh,82.27,220.23,46.38,46.23,1937.08,100.0,43.52,43.58,33.8,42.83
2016-01-10,Sikkim,94.41,127.61,60.83,22.87,1896.89,100.0,43.99,13.88,29.63,36.68
2016-01-11,Sikkim,34.92,66.69,70.77,50.93,1700.27,100.0,27.18,47.09,31.54,47.69
2016-01-12,Assam,139.46,264.45,96.22,47.78,3414.63,100.0,39.43,26.61,15.73,62.35
2016-01-13,Mizoram,129.27,272.37,74.93,24.63,3917.77,100.0,33.1,64.03,25.18,48.47
2016-01-14,Meghalaya,74.17,164.97,46.39,40.39,1451.55,100.0,9.34,62.88,32.32,47.13
2016-01-15,Sikkim,29.12,113.48,80.02,40.23,1213.71,100.0,19.08,28.3,11.72,25.85
2016-01-16,Nagaland,50.0,103.03,35.81,10.18,3091.94,100.0,48.12,0.0,31.93,24.29
2016-01-17,Sikkim,40.62,67.28,64.85,15.64,1826.68,100.0,38.63,12.56,11.61,39.87
2016-01-18,Manipur,117.97,285.54,100.0,15.94,909.4,100.0,13.15,40.32,34.58,40.62
2016-01-19,Sikkim,78.03,187.0,100.0,39.62,764.71,100.0,14.05,45.96,12.1,46.06
2016-01-20,Nagaland,134.81,232.71,77.1,17.81,1158.24,100.0,12.71,77.89,19.2,45.37
2016-01-21,Arunachal Pradesh,22.45,17.52,57.59,6.96,55.23,100.0,16.44,21.99,11.37,17.52
2016-01-22,Meghalaya,122.37,282.49,100.0,31.75,3768.65,100.0,46.42,88.11,11.42,62.55
2016-01-23,Meghalaya,92.2,238.87,67.72,39.9,1749.48,100.0,21.68,69.7,31.66,52.39
2016-01-24,Arunachal Pradesh,118.43,218.95,85.79,15.09,377.25,100.0,18.21,47.33,11.59,45.77
2016-01-25,Manipur,45.36,91.62,57.72,42.99,701.58,100.0,11.96,43.2,29.82,36.66
2016-01-26,Manipur,75.32,152.61,54.56,33.61,1327.18,100.0,44.62,2.7,32.67,36.0
2016-01-27,Nagaland,64.5,138.31,71.63,42.68,2229.19,100.0,47.87,3.92,33.38,33.9
2016-01-28,Nagaland,139.44,289.94,80.45,55.67,2829.68,100.0,16.18,81.93,31.6,65.24
2016-01-29,Tripura,23.91,40.36,53.8,9.24,1266.01,100.0,30.83,17.12,33.88,22.94
2016-01-30,Sikkim,32.58,75.52,87.71,33.33,3832.59,100.0,47.92,54.93,11.29,35.86
2016-01-31,Tripura,35.92,96.54,56.24,21.72,3053.23,100.0,24.97,0.0,34.92,27.09
2016-02-01,Manipur,32.86,109.62,60.5,2.91,3311.91,100.0,23.43,28.86,10.51,27.15
2016-02-02,Meghalaya,36.06,138.74,89.0,65.45,1328.4,100.0,26.38,65.8,14.16,48.14
2016-02-03,Meghalaya,74.67,174.44,93.78,13.41,1554.8,100.0,1.66,21.42,12.02,35.33
2016-02-04,Arunachal Pradesh,98.6,267.98,84.33,26.18,2175.34,100.0,15.01,28.58,28.6,41.43
2016-02-05,Nagaland,27.66,51.83,60.69,15.08,1834.2,100.0,34.95,1.94,12.18,17.56
2016-02-06,Nagaland,72.6,217.37,39.18,20.96,1076.57,100.0,48.34,28.09,17.32,29.19
2016-02-07,Arunachal Pradesh,90.93,148.24,54.59,51.96,3989.22,100.0,28.44,40.9,25.95,46.61
2016-02-08,Arunachal Pradesh,120.9,215.54,99.16,36.74,3401.01,100.0,9.52,37.6,22.45,60.87
2016-02-09,Mizoram,15.18,88.26,50.0,53.38,990.05,100.0,21.34,51.77,13.41,26.63
2016-02-10,Meghalaya,103.47,252.32,87.46,32.62,3574.97,100.0,24.5,48.54,23.04,54.69
2016-02-11,Meghalaya,91.06,170.85,60.31,13.58,2368.2,100.0,7.61,8.86,18.52,43.47
2016-02-12,Meghalaya,71.66,173.19,58.37,48.28,99.62,100.0,16.46,62.41,24.65,32.56
2016-02-13,Assam,51.28,114.3,25.42,65.85,1417.3,100.0,22.25,30.63,23.46,45.89
2016-02-14,Assam,32.42,6.81,35.91,45.05,151.64,100.0,13.1,26.21,34.74,34.87
2016-02-15,Tripura,21.64,80.92,63.17,54.51,396.69,93.04,17.69,24.79,31.59,35.37
2016-02-16,Arunachal Pradesh,116.44,175.0,78.7,13.08,756.96,100.0,13.81,20.23,10.09,36.24
2016-02-17,Mizoram,26.19,140.15,55.55,19.07,1963.37,100.0,30.64,23.38,14.4,24.52
2016-02-18,Manipur,35.09,153.77,49.32,22.43,1556.09,100.0,28.93,27.37,32.83,27.05
2016-02-19,Manipur,96.74,161.66,66.72,6.05,638.53,100.0,27.58,24.5,23.49,30.1
2016-02-20,Assam,8.06,22.5,24.57,11.38,1608.49,100.0,4.84,17.1,28.99,14.54
2016-02-21,Meghalaya,80.66,145.83,57.65,57.2,1252.14,84.41,9.18,73.92,22.59,45.86
2016-02-22,Manipur,58.57,159.15,73.77,49.08,1670.12,100.0,5.54,29.76,29.64,54.06
2016-02-23,Sikkim,91.37,208.51,68.63,47.09,730.63,100.0,3.16,0.0,13.32,41.38
2016-02-24,Mizoram,44.91,253.69,100.0,54.61,2458.36,100.0,12.34,41.0,28.45,49.67
2016-02-25,Nagaland,68.38,140.22,52.36,21.47,225.9,100.0,9.73,56.34,31.74,35.34
2016-02-26,Arunachal Pradesh,98.54,201.46,71.22,9.26,1582.11,100.0,36.25,47.52,16.64,44.15
2016-02-27,Assam,154.32,358.75,100.0,8.17,3584.8,100.0,34.79,33.88,19.21,48.89
2016-02-28,Tripura,54.36,143.0,78.96,30.56,1707.7,100.0,10.07,32.05,24.76,43.12
2016-02-29,Mizoram,51.82,84.2,64.59,46.39,1792.27,100.0,8.28,1.43,31.71,36.7
2016-03-01,Manipur,32.76,112.82,52.99,31.01,318.63,100.0,7.24,19.23,32.69,26.88
2016-03-02,Sikkim,69.36,182.23,85.21,16.83,2441.19,100.0,16.0,20.65,23.36,40.63
2016-03-03,Assam,129.33,230.33,97.95,23.19,3748.79,100.0,14.71,59.59,26.45,60.96
2016-03-04,Tripura,108.96,245.26,95.68,29.78,1201.86,100.0,1.43,45.78,31.82,50.67
2016-03-05,Sikkim,103.14,232.96,86.11,21.79,1603.34,100.0,28.39,22.22,15.78,46.0
2016-03-06,Assam,122.62,215.59,91.77,8.84,2373.22,100.0,44.9,7.53,30.63,40.67
2016-03-07,Manipur,53.73,192.66,77.39,33.13,418.18,100.0,26.94,62.46,16.55,57.71
2016-03-08,Arunachal Pradesh,5.41,26.77,51.41,20.03,3803.62,100.0,3.19,19.59,24.53,27.21
2016-03-09,Manipur,49.34,141.5,69.42,21.93,1897.01,100.0,29.98,15.45,33.37,43.55
2016-03-10,Assam,117.1,201.56,57.65,21.31,504.63,100.0,24.25,60.13,22.79,47.52
2016-03-11,Arunachal Pradesh,39.13,40.98,39.44,20.92,1374.15,100.0,45.35,39.1,12.34,24.77
2016-03-12,Manipur,122.22,247.66,100.0,46.71,1526.63,100.0,18.16,47.78,32.4,52.76
2016-03-13,Manipur,75.2,239.97,58.93,66.39,1414.24,100.0,37.6,42.74,24.62,48.29
2016-03-14,Arunachal Pradesh,86.38,177.41,98.77,44.27,2788.23,100.0,1.92,78.72,11.78,58.48
2016-03-15,Manipur,120.48,170.99,83.58,42.97,1414.81,86.49,36.07,60.65,10.26,52.95
2016-03-16,Sikkim,60.44,149.55,70.42,27.71,1329.22,100.0,2.08,35.63,16.53,32.81
2016-03-17,Nagaland,171.33,274.25,69.64,61.85,1322.25,100.0,17.24,43.34,13.01,60.61
2016-03-18,Sikkim,75.8,205.86,81.15,16.63,3122.5,100.0,47.4,47.24,25.71,36.21
2016-03-19,Manipur,167.65,292.33,87.27,15.39,1268.11,100.0,35.16,25.85,24.92,54.99
2016-03-20,Meghalaya,88.87,112.4,80.31,60.53,105.29,98.92,46.25,63.51,31.02,41.55
2016-03-21,Manipur,52.13,148.53,59.71,45.96,1493.86,100.0,24.79,57.63,22.83,34.19
2016-03-22,Nagaland,112.21,226.66,81.2,57.37,1149.04,100.0,30.31,46.86,16.33,53.72
2016-03-23,Manipur,90.71,174.07,78.51,33.68,3640.62,100.0,25.89,54.13,11.26,44.29
2016-03-24,Sikkim,28.43,51.09,40.55,15.13,1937.73,100.0,23.94,12.7,10.26,23.38
2016-03-25,Manipur,148.69,344.6,100.0,22.48,976.57,100.0,28.91,75.49,33.14,62.75
2016-03-26,Assam,102.86,186.21,72.8,10.9,3927.25,100.0,1.94,23.99,13.61,49.09
2016-03-27,Nagaland,157.63,322.32,76.25,50.29,1024.64,100.0,9.28,80.97,22.48,53.76
2016-03-28,Manipur,88.93,164.86,75.23,29.23,3063.95,100.0,10.73,92.66,29.87,47.13
2016-03-29,Manipur,45.15,144.96,81.1,43.4,2615.72,100.0,19.14,29.84,33.22,45.27
2016-03-30,Mizoram,91.53,189.43,99.46,46.99,1875.8,100.0,21.73,24.63,15.04,54.3
2016-03-31,Nagaland,91.03,187.66,85.82,37.92,1653.05,100.0,36.99,48.77,15.8,38.1
2016-04-01,Sikkim,53.0,96.45,76.59,15.32,3495.91,100.0,8.28,37.06,14.49,33.07
2016-04-02,Nagaland,58.73,159.22,79.21,25.02,1926.58,100.0,28.49,20.7,13.97,45.49
2016-04-03,Manipur,72.72,215.28,68.66,5.76,1532.66,100.0,13.61,32.07,21.37,31.79
2016-04-04,Nagaland,157.28,244.54,77.19,7.57,1449.29,100.0,25.78,22.0,25.9,46.28
2016-04-05,Manipur,15.3,39.66,13.45,27.91,1139.68,100.0,31.33,0.0,27.66,23.27
2016-04-06,Sikkim,64.88,265.1,89.77,41.39,1665.42,100.0,29.12,61.89,18.18,54.83
2016-04-07,Sikkim,157.79,246.63,99.12,56.39,523.68,100.0,10.77,62.31,25.6,60.51
2016-04-08,Arunachal Pradesh,28.05,69.89,30.31,31.44,307.24,100.0,35.47,10.86,10.06,28.04
2016-04-09,Tripura,238.44,463.01,100.0,40.82,2188.8,100.0,32.69,58.83,32.21,69.77
2016-04-10,Meghalaya,120.5,287.3,95.92,9.06,1844.33,100.0,46.6,35.32,31.74,34.46
2016-04-11,Manipur,36.42,7.5,28.05,46.64,734.9,100.0,31.71,31.13,23.6,15.06
2016-04-12,Nagaland,89.49,214.86,59.23,25.95,471.86,100.0,36.02,15.19,16.08,33.16
2016-04-13,Nagaland,49.49,116.43,88.2,42.74,615.91,100.0,40.55,29.02,34.31,40.51
2016-04-14,Meghalaya,45.88,112.85,80.3,54.94,1295.22,100.0,5.3,70.85,30.27,42.44
2016-04-15,Tripura,93.36,236.64,81.28,36.48,1833.36,100.0,34.82,63.32,10.42,51.08
2016-04-16,Manipur,11.97,54.03,64.74,28.45,813.73,100.0,15.93,22.26,21.74,21.87
2016-04-17,Manipur,16.1,53.67,47.59,44.31,3034.72,100.0,41.16,59.04,12.55,37.83
2016-04-18,Nagaland,95.46,180.34,67.0,46.49,813.63,100.0,24.01,46.95,13.31,51.3
2016-04-19,Meghalaya,54.23,117.38,53.68,14.21,540.3,100.0,29.03,20.98,10.03,28.36
2016-04-20,Tripura,109.22,227.72,82.06,35.63,3978.49,100.0,13.02,55.26,27.19,45.94
2016-04-21,Nagaland,78.26,220.33,78.09,33.2,1818.46,100.0,32.53,52.05,16.31,39.98
2016-04-22,Sikkim,46.79,137.29,68.38,44.0,721.53,87.22,1.78,72.59,17.62,42.22
2016-04-23,Nagaland,113.56,219.82,100.0,35.77,3583.5,100.0,37.43,28.26,11.18,52.75
2016-04-24,Tripura,90.7,207.91,100.0,21.19,962.81,100.0,8.16,55.04,10.2,45.51
2016-04-25,Mizoram,230.17,426.47,100.0,29.86,3706.04,100.0,11.38,62.03,29.82,63.0
2016-04-26,Manipur,55.66,156.62,78.22,17.67,519.9,100.0,0.05,7.99,26.54,37.82
2016-04-27,Mizoram,28.89,66.65,56.47,5.62,3375.17,100.0,15.66,25.71,19.56,33.42
2016-04-28,Manipur,142.8,281.19,100.0,33.9,777.86,100.0,19.41,46.06,11.75,55.59
2016-04-29,Mizoram,68.68,68.24,46.9,30.9,3756.43,100.0,11.7,57.85,29.4,37.93
2016-04-30,Arunachal Pradesh,33.46,161.54,80.47,31.72,2318.26,100.0,11.51,25.02,33.16,31.39
2016-05-01,Assam,93.6,251.64,69.63,37.79,800.16,100.0,44.65,41.24,23.19,31.33
2016-05-02,Mizoram,87.48,216.8,100.0,36.37,3387.04,100.0,16.32,51.83,13.47,52.14
2016-05-03,Assam,76.11,214.0,87.16,50.05,1592.78,100.0,36.11,21.23,26.31,47.74
2016-05-04,Meghalaya,108.71,210.1,92.97,27.88,2944.61,100.0,11.87,64.7,11.79,58.76
2016-05-05,Assam,55.4,103.08,43.84,60.59,2591.59,100.0,40.45,72.79,14.14,46.86
2016-05-06,Meghalaya,139.33,208.84,71.34,45.72,2871.46,100.0,33.89,67.07,21.77,61.75
2016-05-07,Assam,100.68,241.35,66.24,31.14,1407.67,100.0,37.81,52.03,16.23,46.39
2016-05-08,Meghalaya,31.33,66.97,75.24,40.02,3758.36,100.0,21.98,48.7,33.26,45.59
2016-05-09,Mizoram,111.21,201.86,63.73,24.46,2261.26,100.0,43.98,47.33,30.22,35.89
2016-05-10,Manipur,61.78,151.63,67.49,45.06,356.36,100.0,18.7,64.58,16.92,45.6
2016-05-11,Manipur,232.19,396.78,100.0,22.5,313.6,100.0,30.04,96.07,34.09,64.29
2016-05-12,Mizoram,52.94,140.0,75.1,37.28,2966.01,100.0,32.0,40.21,19.46,41.42
2016-05-13,Manipur,32.58,26.55,25.92,48.25,3407.4,100.0,47.61,31.27,24.21,33.3
2016-05-14,Sikkim,48.4,113.26,75.55,37.28,2796.35,100.0,6.73,36.07,24.1,38.27
2016-05-15,Tripura,67.17,183.72,95.42,38.63,1146.11,100.0,6.78,23.59,26.24,36.81
2016-05-16,Sikkim,68.23,135.08,57.11,49.93,942.32,100.0,23.1,50.29,16.09,40.32
2016-05-17,Mizoram,108.13,177.71,74.99,43.58,2283.47,97.76,45.89,17.19,33.05,39.39
2016-05-18,Sikkim,20.4,118.8,73.16,61.96,827.28,100.0,1.08,76.77,16.64,50.31
2016-05-19,Sikkim,39.26,91.92,62.22,42.61,1547.44,100.0,13.81,66.17,26.62,44.15
2016-05-20,Meghalaya,80.75,178.5,60.71,45.98,2533.33,100.0,14.18,33.54,29.14,46.72
2016-05-21,Arunachal Pradesh,27.19,82.36,66.99,32.75,1175.4,100.0,15.25,13.1,32.04,37.07
2016-05-22,Assam,115.74,223.6,100.0,21.52,1532.98,100.0,1.24,60.68,21.42,51.37
2016-05-23,Meghalaya,40.39,171.76,97.0,29.18,1474.05,100.0,41.28,10.95,27.79,36.65
2016-05-24,Mizoram,54.53,154.67,79.56,14.82,1869.07,100.0,0.45,14.54,12.13,37.21
2016-05-25,Assam,26.01,40.15,59.52,45.57,2713.72,93.56,23.89,15.42,29.45,35.11
2016-05-26,Manipur,23.93,71.02,48.37,56.88,3140.28,99.38,2.82,52.65,28.89,35.77
2016-05-27,Mizoram,140.01,243.52,74.94,65.02,2677.08,98.13,39.93,74.25,20.27,64.57
2016-05-28,Arunachal Pradesh,70.39,164.24,71.82,45.1,153.36,100.0,37.33,52.81,17.84,29.28
2016-05-29,Nagaland,45.27,154.26,100.0,36.48,3592.52,100.0,36.08,40.24,19.5,51.39
2016-05-30,Tripura,120.36,231.81,78.4,38.59,2345.7,100.0,36.81,64.22,12.26,55.08
2016-05-31,Mizoram,220.86,381.39,100.0,47.41,3684.97,100.0,47.01,71.34,25.95,64.79
2016-06-01,Nagaland,65.53,59.04,57.47,49.04,3857.3,100.0,20.84,69.4,32.83,47.13
2016-06-02,Arunachal Pradesh,140.98,314.43,97.27,18.16,1897.99,100.0,43.08,68.86,26.64,56.19
2016-06-03,Nagaland,130.47,239.0,100.0,26.15,3669.64,100.0,9.21,29.87,24.51,54.74
2016-06-04,Mizoram,89.84,195.1,100.0,11.48,1493.27,100.0,22.56,26.48,34.77,41.38
2016-06-05,Tripura,71.91,168.12,100.0,17.48,1078.49,100.0,0.45,29.8,23.55,33.52
2016-06-06,Arunachal Pradesh,199.37,318.29,91.68,32.28,340.84,100.0,14.21,37.04,18.65,62.62
2016-06-07,Assam,30.0,85.24,63.16,50.34,1834.73,100.0,22.91,63.85,27.62,33.25
2016-06-08,Nagaland,157.83,255.66,92.46,54.91,2770.31,100.0,45.46,77.11,23.04,59.83
2016-06-09,Nagaland,64.94,202.74,70.25,10.0,3908.5,100.0,15.85,28.1,34.3,28.46
2016-06-10,Meghalaya,55.17,43.81,38.77,19.16,2109.17,100.0,33.62,31.55,32.45,26.66
2016-06-11,Mizoram,25.07,49.48,52.4,40.02,2951.18,100.0,41.7,24.51,33.67,28.73
2016-06-12,Mizoram,63.83,132.86,59.57,25.66,3589.78,100.0,16.33,53.32,10.03,32.02
2016-06-13,Nagaland,27.52,151.18,55.54,13.39,2195.58,100.0,8.46,26.83,18.36,39.12
2016-06-14,Nagaland,140.98,289.78,99.81,25.81,708.72,100.0,29.56,10.57,25.68,40.38
2016-06-15,Nagaland,77.8,101.18,43.64,12.45,3400.42,100.0,14.22,0.0,17.71,27.49
2016-06-16,Mizoram,113.77,216.04,76.21,12.65,2317.99,100.0,32.62,61.8,26.41,42.43
2016-06-17,Meghalaya,65.79,177.54,80.93,28.64,3046.12,100.0,6.74,37.12,27.87,38.17
2016-06-18,Nagaland,107.6,300.47,98.07,30.67,2650.99,100.0,7.58,61.34,25.58,54.58
2016-06-19,Mizoram,43.9,102.26,56.59,31.36,291.1,100.0,33.8,31.31,21.46,30.16
2016-06-20,Mizoram,56.14,86.84,84.5,10.15,718.0,100.0,48.68,0.0,27.42,24.86
2016-06-21,Meghalaya,38.17,120.15,85.07,39.65,1180.69,100.0,12.34,18.68,29.51,29.37
2016-06-22,Tripura,116.19,222.55,85.75,18.85,1174.6,100.0,35.7,61.83,27.4,41.93
2016-06-23,Manipur,50.46,144.22,53.63,22.17,3364.83,99.81,26.6,54.76,30.3,38.28
2016-06-24,Manipur,114.66,249.61,100.0,14.08,2413.05,100.0,42.19,13.22,33.68,40.07
2016-06-25,Tripura,6.27,72.2,92.33,65.57,379.33,100.0,19.44,72.62,12.56,42.16
2016-06-26,Meghalaya,166.73,321.22,100.0,70.27,1579.43,100.0,48.59,65.93,32.66,65.43
2016-06-27,Manipur,67.18,216.2,63.74,16.54,2247.51,100.0,4.12,42.7,16.84,38.07
2016-06-28,Meghalaya,111.76,206.0,78.24,33.71,1043.44,100.0,49.23,46.23,24.09,50.19
2016-06-29,Sikkim,6.3,10.47,31.1,25.36,207.34,100.0,42.31,35.56,33.56,20.18
2016-06-30,Manipur,15.18,85.33,43.17,16.86,1552.04,100.0,43.32,42.59,25.5,26.85
2016-07-01,Assam,238.36,356.29,100.0,31.89,1871.7,100.0,42.12,53.1,12.1,69.66
2016-07-02,Manipur,53.45,85.31,73.77,4.4,3623.82,100.0,43.09,41.75,22.48,33.79
2016-07-03,Sikkim,159.3,256.07,100.0,6.65,3638.05,100.0,40.76,65.72,32.36,48.99
2016-07-04,Assam,41.19,61.76,62.53,24.85,2026.59,100.0,44.98,35.35,20.3,28.53
2016-07-05,Tripura,82.6,220.65,83.46,3.39,1912.4,100.0,23.04,12.37,31.2,34.17
2016-07-06,Nagaland,76.4,166.56,76.13,31.75,2579.98,100.0,46.96,51.08,29.85,49.2
2016-07-07,Sikkim,42.81,142.49,54.91,16.33,1069.59,100.0,19.25,22.02,32.66,20.68
2016-07-08,Mizoram,71.81,178.13,96.18,28.73,1178.57,100.0,36.43,34.86,16.58,40.61
2016-07-09,Meghalaya,29.71,86.17,46.12,30.51,60.1,100.0,35.52,15.13,22.41,24.2
2016-07-10,Assam,178.83,356.67,100.0,49.58,358.94,100.0,41.04,98.4,18.38,61.35
2016-07-11,Manipur,82.15,153.93,66.23,27.92,755.09,100.0,36.92,37.22,23.36,34.5
2016-07-12,Nagaland,71.83,151.03,24.14,43.7,2580.26,100.0,1.77,73.7,10.48,37.51
2016-07-13,Sikkim,28.78,64.85,65.98,10.61,890.0,100.0,36.96,36.11,16.04,30.21
2016-07-14,Mizoram,93.63,246.45,75.07,33.19,540.11,100.0,1.16,35.3,34.35,43.29
2016-07-15,Meghalaya,27.39,86.81,67.7,31.28,2484.4,100.0,26.66,18.78,25.08,26.46
2016-07-16,Manipur,29.45,118.1,56.89,39.61,2624.41,100.0,41.95,38.09,14.33,25.8
2016-07-17,Assam,42.21,90.05,51.15,27.64,285.71,100.0,41.48,31.95,22.71,25.43
2016-07-18,Manipur,10.94,100.29,43.4,54.89,3102.95,100.0,42.07,38.92,27.45,40.44
2016-07-19,Assam,27.11,121.58,85.14,41.33,2444.32,100.0,30.12,64.58,25.09,38.4
2016-07-20,Mizoram,82.54,108.79,85.93,39.45,1618.41,100.0,9.19,42.28,22.55,37.62
2016-07-21,Tripura,88.0,182.16,91.43,23.91,3933.57,100.0,25.4,45.52,26.85,48.64
2016-07-22,Sikkim,29.38,98.75,63.73,41.83,90.29,100.0,25.81,19.23,14.17,30.57
2016-07-23,Assam,106.21,197.32,81.5,55.62,2202.16,91.72,16.24,21.68,20.95,51.8
2016-07-24,Mizoram,117.82,282.12,100.0,34.69,680.83,100.0,21.2,72.89,28.76,66.34
2016-07-25,Meghalaya,126.33,190.81,76.28,23.74,1350.86,100.0,43.61,20.94,24.49,46.02
2016-07-26,Mizoram,140.16,242.31,100.0,39.86,576.15,100.0,25.9,48.5,32.66,49.73
2016-07-27,Manipur,62.76,110.17,47.59,28.21,2689.45,100.0,35.24,33.38,21.09,27.92
2016-07-28,Sikkim,50.13,166.39,88.0,47.69,1636.21,100.0,24.79,53.0,13.3,36.96
2016-07-29,Manipur,72.41,117.46,82.77,33.93,3945.88,100.0,30.87,28.76,11.22,41.05
2016-07-30,Meghalaya,89.12,110.38,45.6,18.56,2632.7,100.0,4.63,13.65,21.94,36.14
2016-07-31,Tripura,123.96,253.2,78.05,64.53,3673.47,100.0,46.57,57.04,20.94,51.01
2016-08-01,Arunachal Pradesh,17.54,70.74,53.48,53.77,1001.27,88.67,21.8,9.43,16.41,35.84
2016-08-02,Sikkim,95.1,234.26,93.2,48.4,1309.2,100.0,37.42,65.79,24.76,55.57
2016-08-03,Tripura,64.9,179.85,66.71,31.1,1482.59,100.0,33.36,53.89,16.25,40.95
2016-08-04,Assam,72.28,156.72,72.73,30.35,3362.13,100.0,39.96,49.02,15.41,38.47
2016-08-05,Arunachal Pradesh,69.39,96.36,28.28,48.7,886.12,100.0,1.74,46.0,25.56,36.34
2016-08-06,Sikkim,43.71,67.64,65.0,11.02,3789.55,100.0,46.77,43.76,33.62,33.35
2016-08-07,Mizoram,86.45,108.74,73.93,31.09,222.14,100.0,41.49,59.99,15.07,41.07
2016-08-08,Sikkim,94.85,186.74,100.0,38.74,3564.94,100.0,41.69,68.63,14.57,53.01
2016-08-09,Tripura,91.75,161.27,80.86,20.08,1833.08,100.0,23.36,34.8,22.98,40.07
2016-08-10,Meghalaya,53.72,123.36,59.12,18.36,2127.3,100.0,39.82,28.71,12.99,35.5
2016-08-11,Assam,61.83,149.69,54.72,56.98,3989.72,83.52,28.76,54.68,17.35,43.63
2016-08-12,Nagaland,12.71,145.0,56.8,52.74,3486.69,100.0,25.17,37.56,34.77,41.73
2016-08-13,Assam,41.21,135.05,65.68,23.28,3620.89,100.0,39.25,38.61,31.03,42.7
2016-08-14,Nagaland,21.99,85.84,44.46,9.93,2362.86,100.0,31.39,24.64,27.65,19.13
2016-08-15,Assam,122.85,171.69,62.81,6.4,3827.55,100.0,3.86,47.97,10.65,38.85
2016-08-16,Meghalaya,49.11,124.72,64.38,35.98,2766.83,100.0,15.73,67.93,16.63,32.01
2016-08-17,Manipur,86.02,214.3,58.69,73.4,3286.34,100.0,31.1,73.41,24.24,55.38
2016-08-18,Manipur,75.14,178.35,60.81,31.89,2897.69,100.0,45.19,57.2,27.76,45.6
2016-08-19,Mizoram,67.9,109.94,65.26,12.21,3134.61,100.0,46.65,26.84,26.71,34.0
2016-08-20,Sikkim,29.36,78.99,59.79,40.49,2569.99,100.0,41.95,53.41,14.64,30.33
2016-08-21,Sikkim,57.98,139.91,80.95,22.85,2919.31,100.0,12.72,52.35,21.66,36.79
2016-08-22,Meghalaya,143.23,248.52,92.03,28.55,1771.96,100.0,23.67,77.22,14.96,50.56
2016-08-23,Assam,120.66,206.31,81.73,40.34,2842.13,100.0,21.67,12.43,33.09,52.07
2016-08-24,Sikkim,157.99,201.1,89.78,9.07,1143.4,100.0,21.93,46.1,23.94,34.39
2016-08-25,Sikkim,168.56,272.11,97.28,63.58,2558.02,100.0,2.49,63.64,19.76,62.12
2016-08-26,Sikkim,71.65,167.52,58.92,33.96,2118.82,100.0,8.68,53.14,32.95,41.4
2016-08-27,Nagaland,116.64,259.97,80.0,37.37,3599.22,100.0,7.66,64.6,32.6,54.35
2016-08-28,Meghalaya,59.04,141.6,93.47,19.89,2709.23,100.0,30.86,18.17,22.6,28.47
2016-08-29,Manipur,80.49,213.11,100.0,9.63,2406.65,100.0,20.59,2.66,27.17,44.3
2016-08-30,Manipur,84.53,173.65,85.77,29.43,1286.64,100.0,16.22,48.65,17.97,38.4
2016-08-31,Meghalaya,116.9,190.24,62.92,25.86,3458.08,100.0,22.2,34.05,17.69,37.97
2016-09-01,Nagaland,139.27,239.95,100.0,48.59,263.92,100.0,16.21,71.99,23.74,54.28
2016-09-02,Arunachal Pradesh,73.87,180.77,69.7,13.34,3604.02,100.0,37.87,31.36,31.17,34.82
2016-09-03,Assam,85.17,167.03,79.78,52.29,2629.26,100.0,8.35,67.51,24.93,56.3
2016-09-04,Sikkim,69.69,128.83,65.46,6.23,798.5,100.0,2.81,32.64,21.48,35.12
2016-09-05,Meghalaya,83.69,113.23,65.44,41.08,3616.83,100.0,32.54,13.51,26.6,45.68
2016-09-06,Manipur,78.8,132.47,59.89,12.37,1339.1,100.0,11.53,29.62,30.31,23.99
2016-09-07,Meghalaya,106.48,193.83,98.23,7.87,714.68,100.0,32.17,33.31,29.68,38.63
2016-09-08,Assam,40.74,87.86,54.81,35.2,1310.63,100.0,2.93,29.86,19.26,30.06
2016-09-09,Nagaland,48.78,84.19,66.03,29.04,3846.24,100.0,12.35,44.02,33.39,39.02
2016-09-10,Assam,130.87,308.6,100.0,71.79,3023.4,79.77,7.69,59.17,10.39,72.96
2016-09-11,Sikkim,98.66,222.0,82.74,28.1,3671.33,100.0,14.53,77.07,21.27,48.03
2016-09-12,Mizoram,58.09,224.82,62.39,40.35,1230.54,100.0,16.44,25.1,32.69,39.95
2016-09-13,Mizoram,175.21,248.61,77.31,16.65,375.64,100.0,24.76,15.08,27.4,41.54
2016-09-14,Tripura,10.6,78.43,66.37,37.1,2272.88,100.0,26.01,48.12,27.6,27.19
2016-09-15,Meghalaya,77.04,148.18,74.25,30.08,1957.85,100.0,31.5,82.87,13.91,36.95
2016-09-16,Mizoram,72.85,160.07,59.79,6.99,2896.39,100.0,16.58,17.05,24.55,37.6
2016-09-17,Manipur,135.18,326.8,100.0,48.82,2193.57,100.0,26.6,76.24,34.17,72.32
2016-09-18,Assam,60.36,70.96,57.34,56.9,1616.04,100.0,49.51,67.23,15.29,36.63
2016-09-19,Meghalaya,72.61,136.01,75.94,29.96,68.51,100.0,10.53,34.09,18.18,39.64
2016-09-20,Mizoram,83.31,145.04,96.31,64.29,1897.6,100.0,7.64,46.18,19.72,52.73
2016-09-21,Sikkim,34.38,78.76,21.51,33.02,526.54,100.0,42.13,60.14,19.0,18.81
2016-09-22,Nagaland,88.74,98.69,77.9,32.21,3691.9,100.0,20.52,42.75,25.68,47.09
2016-09-23,Mizoram,81.42,223.55,87.97,27.08,3690.74,100.0,42.34,56.93,15.86,46.53
2016-09-24,Nagaland,144.51,319.76,88.5,20.02,3224.41,100.0,21.23,26.76,22.64,41.17
2016-09-25,Sikkim,205.51,381.55,100.0,43.2,673.57,100.0,1.08,78.62,20.01,70.49
2016-09-26,Sikkim,143.11,211.13,100.0,33.79,632.38,100.0,18.74,67.16,26.11,61.19
2016-09-27,Mizoram,67.86,162.9,98.76,61.95,2275.08,96.02,30.51,67.02,16.05,47.23
2016-09-28,Nagaland,32.45,133.31,51.34,5.57,2923.47,100.0,22.38,36.67,23.83,21.05
2016-09-29,Sikkim,48.8,138.73,55.02,41.36,3622.93,100.0,22.97,76.97,28.51,44.4
2016-09-30,Assam,52.93,127.43,46.09,13.95,3581.44,100.0,49.92,40.99,27.32,35.23
2016-10-01,Sikkim,31.47,153.63,74.22,32.31,663.54,100.0,27.21,65.31,30.86,34.58
2016-10-02,Assam,135.89,225.48,89.33,28.58,3982.12,100.0,34.85,62.76,33.9,55.01
2016-10-03,Arunachal Pradesh,118.55,221.07,99.03,3.53,669.35,100.0,36.05,22.67,31.35,40.75
2016-10-04,Sikkim,75.09,187.66,84.15,13.15,3368.47,100.0,0.01,40.48,33.46,48.45
2016-10-05,Assam,70.91,169.08,87.22,59.35,2368.43,100.0,27.62,68.17,10.44,46.86
2016-10-06,Mizoram,108.29,234.84,66.16,28.51,2729.23,100.0,48.15,2.01,25.72,41.51
2016-10-07,Tripura,90.1,206.5,100.0,47.04,2435.69,70.49,37.54,57.94,16.69,61.3
2016-10-08,Sikkim,64.2,167.29,92.92,32.98,3485.24,100.0,17.02,67.41,30.22,50.64
2016-10-09,Meghalaya,65.66,133.9,58.84,24.21,2566.54,100.0,18.23,17.08,30.48,42.87
2016-10-10,Nagaland,132.78,221.28,72.45,9.59,3402.22,100.0,15.18,14.99,11.19,40.81
2016-10-11,Assam,46.05,124.56,76.11,64.83,659.75,100.0,31.51,61.72,24.89,45.33
2016-10-12,Manipur,133.01,309.96,78.57,46.06,3473.49,91.23,4.87,41.09,31.27,52.23
2016-10-13,Meghalaya,97.6,195.41,68.05,45.91,3972.17,100.0,14.5,75.17,24.69,56.44
2016-10-14,Manipur,169.7,328.52,90.29,18.62,2662.95,100.0,24.91,41.86,20.64,62.53
2016-10-15,Tripura,66.07,153.61,69.27,44.56,3906.63,100.0,26.76,61.2,11.92,34.64
2016-10-16,Nagaland,31.34,178.35,69.01,6.44,918.54,100.0,30.37,12.81,28.26,19.92
2016-10-17,Nagaland,94.49,186.22,65.46,6.46,3325.67,100.0,39.86,72.24,11.87,43.48
2016-10-18,Nagaland,40.67,135.12,53.77,34.18,717.74,100.0,8.16,84.77,24.95,46.15
2016-10-19,Assam,39.17,79.99,46.41,17.22,2087.97,100.0,11.25,49.16,32.94,36.92
2016-10-20,Nagaland,163.43,250.32,72.21,19.02,2672.94,100.0,43.62,30.89,20.48,46.86
2016-10-21,Arunachal Pradesh,137.49,255.96,99.33,20.15,2658.04,84.14,41.56,44.28,29.25,56.47
2016-10-22,Tripura,75.41,210.36,98.96,21.1,2699.9,100.0,41.08,2.04,30.0,40.28
2016-10-23,Manipur,86.9,205.69,87.16,13.81,1317.65,100.0,10.43,63.6,10.26,33.07
2016-10-24,Tripura,83.76,92.19,79.18,63.89,3896.2,100.0,2.91,53.52,32.87,53.87
2016-10-25,Sikkim,108.84,242.57,75.91,22.56,75.88,100.0,26.17,43.76,14.72,37.17
2016-10-26,Manipur,64.68,85.77,45.92,24.22,2502.94,100.0,43.5,12.65,17.07,28.43
2016-10-27,Assam,4.2,89.9,64.61,14.27,3471.13,100.0,11.88,45.85,31.77,33.88
2016-10-28,Tripura,24.88,109.09,70.4,29.01,3569.9,100.0,45.21,46.19,27.16,31.31
2016-10-29,Meghalaya,52.44,122.67,64.76,66.11,2894.81,93.02,7.08,56.23,19.3,40.47
2016-10-30,Arunachal Pradesh,64.32,175.56,74.74,28.02,2320.51,100.0,14.9,50.17,12.2,42.45
2016-10-31,Arunachal Pradesh,114.89,211.77,66.36,56.55,1856.47,100.0,14.91,98.08,19.66,63.17
2016-11-01,Sikkim,144.76,273.11,54.71,32.69,1825.59,100.0,7.56,35.46,34.16,42.09
2016-11-02,Assam,51.64,69.93,62.35,23.37,1729.14,100.0,43.64,3.52,12.62,25.52
2016-11-03,Sikkim,80.67,160.76,86.88,3.29,2814.58,100.0,20.63,12.1,31.15,38.24
2016-11-04,Tripura,113.8,257.66,84.99,28.15,2938.27,100.0,9.53,73.88,18.13,48.7
2016-11-05,Nagaland,51.58,74.12,46.54,31.74,2083.31,100.0,7.36,38.88,26.36,37.63
2016-11-06,Arunachal Pradesh,139.14,291.45,88.41,18.11,2976.21,100.0,21.05,32.78,25.79,40.05
2016-11-07,Mizoram,23.02,3.78,35.13,24.88,2137.4,99.2,0.86,33.35,18.14,26.18
2016-11-08,Sikkim,73.72,112.99,77.69,15.94,434.54,100.0,6.05,19.34,11.36,40.08
2016-11-09,Meghalaya,73.41,147.52,55.48,20.24,3413.88,100.0,0.18,38.36,13.72,33.75
2016-11-10,Mizoram,111.82,223.87,94.46,16.07,3488.4,100.0,1.22,49.91,24.15,48.44
2016-11-11,Assam,33.5,77.34,48.0,30.59,1102.52,100.0,49.87,20.86,33.72,11.08
2016-11-12,Arunachal Pradesh,139.73,235.6,57.21,14.55,3156.41,100.0,22.44,4.52,33.14,35.13
2016-11-13,Manipur,120.86,275.58,89.97,54.29,2069.13,100.0,36.45,69.54,12.84,57.42
2016-11-14,Manipur,75.34,210.56,100.0,36.69,539.91,100.0,36.85,45.52,31.88,50.24
2016-11-15,Sikkim,65.36,131.06,55.93,15.22,1622.09,100.0,44.02,18.32,15.85,34.62
2016-11-16,Nagaland,108.61,197.15,75.87,16.81,352.38,100.0,5.19,43.06,32.75,43.07
2016-11-17,Tripura,122.73,222.62,84.64,22.64,3156.54,100.0,26.28,56.04,28.96,40.04
2016-11-18,Nagaland,129.04,332.27,100.0,46.84,825.12,100.0,16.09,23.06,34.03,53.82
2016-11-19,Arunachal Pradesh,51.14,127.38,88.61,42.7,699.35,100.0,27.42,46.23,21.04,39.75
2016-11-20,Arunachal Pradesh,44.59,179.72,64.05,13.18,873.72,100.0,16.61,32.21,28.29,33.01
2016-11-21,Manipur,44.31,145.75,69.31,59.9,943.22,100.0,9.18,47.04,28.38,46.58
2016-11-22,Nagaland,133.7,246.36,100.0,23.61,2712.11,100.0,33.64,59.48,22.4,50.89
2016-11-23,Manipur,75.3,137.05,56.7,25.58,2572.47,100.0,1.92,0.0,34.36,35.17
2016-11-24,Meghalaya,37.1,136.82,68.46,22.91,560.88,100.0,44.77,0.0,16.09,22.43
2016-11-25,Assam,115.15,191.28,92.99,28.37,2911.46,100.0,7.31,11.04,34.66,50.91
2016-11-26,Meghalaya,119.18,213.31,74.87,32.38,1428.78,100.0,30.76,61.71,30.3,42.24
2016-11-27,Manipur,65.67,174.86,72.37,18.89,1857.02,100.0,37.71,27.35,25.4,32.86
2016-11-28,Nagaland,28.46,83.07,39.34,21.66,543.2,100.0,3.65,24.21,11.89,29.94
2016-11-29,Manipur,221.08,365.82,100.0,18.36,2849.07,100.0,45.16,89.85,16.48,66.6
2016-11-30,Assam,70.77,143.84,71.15,15.45,1536.08,100.0,17.81,40.78,31.03,31.36
2016-12-01,Manipur,107.56,183.87,70.39,25.35,2546.91,100.0,49.84,61.44,28.2,44.0
2016-12-02,Assam,67.75,169.6,69.3,24.88,1737.52,100.0,3.44,38.06,34.07,39.09
2016-12-03,Nagaland,45.68,119.97,63.86,44.68,243.03,100.0,35.84,1.22,19.92,40.73
2016-12-04,Nagaland,98.54,143.56,73.72,37.68,2828.78,100.0,8.04,38.7,32.36,49.43
2016-12-05,Arunachal Pradesh,35.84,84.27,47.06,33.58,2232.41,100.0,20.13,18.61,31.55,33.15
2016-12-06,Arunachal Pradesh,111.81,203.03,71.99,38.59,1765.27,100.0,22.16,33.48,34.15,40.93
2016-12-07,Arunachal Pradesh,175.71,298.6,95.77,51.77,846.13,100.0,20.31,73.57,16.81,59.15
2016-12-08,Nagaland,60.92,165.34,75.33,45.74,2516.16,100.0,16.88,5.13,22.36,37.23
2016-12-09,Manipur,56.19,106.2,85.33,39.41,1137.03,100.0,38.36,26.37,12.02,46.17
2016-12-10,Meghalaya,40.08,218.28,71.62,8.94,1745.24,100.0,40.99,27.48,24.77,28.55
2016-12-11,Assam,57.94,192.33,53.67,18.72,273.12,100.0,16.78,51.5,28.31,31.28
2016-12-12,Tripura,65.96,204.17,100.0,29.42,3118.15,100.0,24.13,86.74,15.95,43.35
2016-12-13,Meghalaya,137.82,215.38,69.91,42.89,405.65,100.0,21.09,10.89,14.24,38.22
2016-12-14,Mizoram,99.61,118.19,85.65,41.05,3568.82,100.0,29.68,44.31,25.99,47.74
2016-12-15,Meghalaya,130.62,232.37,100.0,20.69,3476.92,100.0,7.51,36.7,19.83,56.23
2016-12-16,Mizoram,58.82,149.96,78.16,11.14,3885.81,100.0,40.28,35.52,20.66,34.95
2016-12-17,Mizoram,94.19,184.81,95.2,30.78,3638.34,100.0,39.85,96.14,21.78,52.66
2016-12-18,Assam,89.62,163.23,45.17,11.51,3887.06,100.0,29.52,3.98,22.79,39.22
2016-12-19,Assam,11.51,0.0,19.71,27.72,3554.74,100.0,37.31,11.83,14.89,19.68
2016-12-20,Manipur,13.18,42.89,52.84,30.77,494.41,100.0,49.43,55.18,24.44,26.54
2016-12-21,Tripura,14.88,62.59,46.72,12.74,1778.84,100.0,46.13,31.49,11.73,26.52
2016-12-22,Mizoram,71.87,137.99,55.82,44.93,350.82,100.0,30.57,62.18,12.84,44.13
2016-12-23,Nagaland,121.87,212.77,94.67,54.95,2203.93,89.45,25.57,50.13,27.79,53.66
2016-12-24,Manipur,43.51,83.33,60.53,30.41,2142.54,100.0,26.73,52.93,28.29,33.11
2016-12-25,Mizoram,27.32,157.18,87.18,23.74,3692.6,100.0,23.33,55.51,16.66,42.08
2016-12-26,Manipur,53.18,158.11,66.04,46.6,3880.29,100.0,24.01,56.2,14.62,46.05
2016-12-27,Arunachal Pradesh,77.05,203.81,80.52,37.82,1075.59,100.0,36.6,88.86,11.35,55.23
2016-12-28,Sikkim,40.57,121.76,87.45,16.15,2350.14,100.0,49.61,35.69,20.47,31.81
2016-12-29,Assam,31.3,43.54,29.46,44.08,1884.55,100.0,2.27,44.9,22.73,34.57
2016-12-30,Meghalaya,29.61,123.96,63.5,19.6,2209.6,100.0,11.51,23.37,32.49,32.39
2016-12-31,Assam,203.97,409.88,100.0,68.09,2150.33,100.0,10.51,93.83,10.06,79.89
2017-01-01,Nagaland,24.48,146.49,94.73,32.06,3660.79,100.0,41.64,46.5,20.15,37.7
2017-01-02,Sikkim,103.85,230.71,100.0,43.46,3589.7,100.0,20.99,68.21,20.48,56.3
2017-01-03,Arunachal Pradesh,200.92,351.42,100.0,63.41,534.81,100.0,26.26,84.32,32.16,70.87
2017-01-04,Tripura,134.12,251.11,97.61,27.84,1413.19,100.0,23.46,56.79,14.9,58.49
2017-01-05,Nagaland,31.21,117.57,61.96,6.84,3023.46,100.0,42.68,16.82,11.65,23.96
2017-01-06,Meghalaya,173.55,244.69,86.8,16.35,2751.75,100.0,24.99,56.23,19.54,51.6
2017-01-07,Assam,25.64,114.0,64.05,40.91,2543.21,100.0,33.39,45.52,25.31,36.49
2017-01-08,Meghalaya,52.24,108.93,41.55,35.5,3975.55,100.0,0.97,32.15,31.45,45.1
2017-01-09,Arunachal Pradesh,66.0,237.37,97.38,11.37,1380.89,100.0,32.62,23.75,16.73,41.31
2017-01-10,Manipur,33.47,88.18,42.86,39.16,2085.23,100.0,12.05,55.14,16.28,37.17
2017-01-11,Meghalaya,87.27,188.69,72.43,45.99,3917.64,100.0,43.34,68.5,18.15,50.46
2017-01-12,Mizoram,44.28,122.21,64.94,27.66,2797.43,100.0,37.58,33.74,12.96,31.82
2017-01-13,Arunachal Pradesh,200.14,322.53,93.07,67.54,2612.29,91.3,5.46,50.47,34.43,76.03
2017-01-14,Nagaland,62.42,161.92,81.35,20.67,661.25,100.0,5.17,66.39,23.52,37.76
2017-01-15,Nagaland,120.89,245.02,81.87,36.37,1024.29,99.2,14.65,79.18,16.81,61.73
2017-01-16,Tripura,173.36,350.96,100.0,15.27,1541.02,100.0,6.29,100.0,19.04,61.32
2017-01-17,Meghalaya,105.29,236.75,74.28,14.8,1886.15,100.0,37.02,3.55,31.65,39.89
2017-01-18,Arunachal Pradesh,197.59,353.88,100.0,15.83,2013.98,100.0,49.34,47.78,26.84,55.98
2017-01-19,Meghalaya,131.15,213.97,66.72,39.54,3613.44,100.0,32.76,36.44,23.83,62.21
2017-01-20,Mizoram,95.76,162.05,87.15,23.47,473.49,100.0,12.45,2.23,28.12,31.85
2017-01-21,Arunachal Pradesh,69.17,220.04,79.34,29.36,1030.99,100.0,28.21,47.84,28.9,39.49
2017-01-22,Sikkim,20.85,84.77,48.6,38.11,617.35,100.0,40.28,42.52,14.86,24.59
2017-01-23,Sikkim,73.33,243.06,85.76,13.03,2954.48,100.0,48.11,39.34,13.97,33.65
2017-01-24,Assam,39.38,76.34,53.62,22.96,3883.79,100.0,0.25,0.0,34.17,30.97
2017-01-25,Nagaland,149.33,361.75,100.0,45.82,3581.15,100.0,26.18,81.38,14.64,64.1
2017-01-26,Meghalaya,39.24,71.12,62.31,60.26,2907.04,100.0,22.66,23.47,21.62,38.07
2017-01-27,Sikkim,84.89,159.8,69.69,46.85,135.02,100.0,20.72,70.31,34.57,43.85
2017-01-28,Mizoram,117.98,244.65,88.34,29.3,1420.77,100.0,25.19,68.96,20.43,50.43
2017-01-29,Nagaland,35.45,143.07,22.01,40.23,3461.29,100.0,20.18,52.26,22.87,27.06
2017-01-30,Arunachal Pradesh,87.65,208.6,74.94,38.78,2629.63,100.0,17.2,42.11,29.96,40.39
2017-01-31,Tripura,55.08,56.1,72.68,40.07,877.93,100.0,5.74,38.51,18.51,30.58
2017-02-01,Nagaland,108.32,189.59,84.65,29.56,1892.62,100.0,24.99,31.46,20.78,44.55
2017-02-02,Sikkim,26.19,43.47,32.6,20.78,397.28,100.0,41.05,37.36,18.3,21.14
2017-02-03,Nagaland,197.27,290.66,92.32,33.94,2107.17,100.0,5.24,84.29,17.18,63.37
2017-02-04,Assam,94.15,190.58,69.17,71.32,3609.06,100.0,36.92,90.67,21.8,60.98
2017-02-05,Assam,177.24,231.4,100.0,47.68,202.94,100.0,13.39,57.52,28.65,60.68
2017-02-06,Mizoram,134.6,291.9,100.0,30.28,2474.87,100.0,19.06,82.56,31.68,50.03
2017-02-07,Mizoram,48.66,152.78,58.84,51.94,970.76,100.0,49.4,58.02,21.75,39.38
2017-02-08,Tripura,122.9,299.13,99.97,8.24,3962.02,100.0,33.76,0.0,18.03,45.46
2017-02-09,Manipur,160.7,248.39,72.67,29.4,307.15,100.0,35.96,75.55,32.79,45.15
2017-02-10,Meghalaya,141.22,223.09,75.22,46.88,2488.3,100.0,30.12,59.45,18.4,46.92
2017-02-11,Tripura,92.29,230.52,77.26,51.87,1062.66,93.03,16.12,68.31,29.38,55.52
2017-02-12,Assam,44.93,162.51,61.97,22.65,3535.73,100.0,33.76,29.65,28.72,29.89
2017-02-13,Tripura,112.69,272.98,100.0,11.65,531.62,100.0,22.86,69.93,11.24,51.32
2017-02-14,Arunachal Pradesh,107.58,257.53,100.0,39.75,1745.55,100.0,41.6,40.86,14.44,51.05
2017-02-15,Tripura,61.1,150.42,69.18,31.21,782.18,100.0,28.55,65.64,24.32,37.44
2017-02-16,Meghalaya,33.36,81.64,40.5,45.91,3207.8,92.48,38.56,21.46,31.69,35.55
2017-02-17,Manipur,97.4,225.49,88.22,39.62,1438.2,100.0,42.43,57.72,24.85,49.15
2017-02-18,Arunachal Pradesh,40.23,92.67,61.68,42.35,787.52,100.0,41.06,68.07,28.57,36.21
2017-02-19,Assam,61.17,145.97,66.36,37.58,2917.31,100.0,20.11,73.11,28.36,39.57
2017-02-20,Arunachal Pradesh,116.72,209.81,100.0,38.03,3278.01,100.0,18.44,67.1,22.36,62.76
2017-02-21,Arunachal Pradesh,38.33,118.16,67.29,8.92,1876.46,100.0,43.45,48.63,24.02,24.1
2017-02-22,Assam,25.09,137.32,76.07,17.8,1546.46,100.0,7.16,51.15,11.78,39.28
2017-02-23,Assam,17.86,62.81,18.93,36.53,2546.97,100.0,13.97,26.24,33.19,18.14
2017-02-24,Nagaland,104.68,186.97,62.95,22.28,2623.02,100.0,6.05,50.23,26.86,44.57
2017-02-25,Sikkim,108.15,207.98,89.3,55.91,2659.94,100.0,2.1,64.47,13.86,61.2
2017-02-26,Arunachal Pradesh,63.77,98.5,63.96,31.77,1139.24,100.0,30.79,57.63,16.1,37.02
2017-02-27,Meghalaya,135.02,279.1,90.14,55.71,3768.14,100.0,45.04,89.0,10.12,66.84
2017-02-28,Tripura,69.54,158.98,78.6,10.4,893.1,100.0,6.47,32.23,16.6,39.9
2017-03-01,Mizoram,71.56,155.92,85.09,59.67,1527.93,100.0,39.79,53.56,17.92,51.64
2017-03-02,Tripura,64.25,159.52,64.81,18.38,1170.59,100.0,18.97,56.17,27.08,44.02
2017-03-03,Manipur,17.23,16.89,34.03,6.25,3727.94,100.0,30.91,11.19,21.92,28.5
2017-03-04,Sikkim,51.69,183.56,72.87,12.12,3322.06,100.0,38.19,57.28,31.07,44.46
2017-03-05,Nagaland,18.1,56.37,58.75,64.73,3254.52,100.0,35.5,50.87,12.17,44.02
2017-03-06,Sikkim,55.41,118.13,55.04,26.39,68.6,100.0,6.84,24.11,27.68,28.34
2017-03-07,Tripura,120.41,265.21,100.0,32.43,2759.31,100.0,5.77,45.12,31.87,55.39
2017-03-08,Mizoram,13.75,95.07,51.78,25.14,959.58,100.0,46.21,0.0,20.53,24.88
2017-03-09,Meghalaya,52.58,208.83,73.37,34.57,3872.59,100.0,3.97,46.95,17.22,38.9
2017-03-10,Meghalaya,52.03,89.44,93.09,54.88,2146.47,100.0,10.92,59.17,21.14,47.27
2017-03-11,Assam,112.3,180.94,57.67,36.39,2280.58,100.0,21.92,97.33,29.72,44.12
2017-03-12,Arunachal Pradesh,42.49,65.9,64.91,54.85,1458.11,100.0,41.05,31.67,32.98,34.4
2017-03-13,Assam,128.69,248.38,62.58,39.89,2170.09,100.0,30.13,47.95,11.64,50.3
2017-03-14,Arunachal Pradesh,45.52,107.46,71.36,20.04,3011.46,100.0,28.56,17.41,23.21,31.05
2017-03-15,Nagaland,132.42,220.81,100.0,32.26,2269.58,100.0,34.6,32.87,25.99,47.23
2017-03-16,Assam,122.9,231.73,100.0,13.29,2582.99,100.0,40.11,51.45,10.44,48.91
2017-03-17,Assam,80.93,130.11,86.09,24.61,1916.25,100.0,11.63,27.5,14.53,38.85
2017-03-18,Meghalaya,67.53,213.13,81.18,35.67,2879.78,100.0,0.95,34.69,11.56,45.29
2017-03-19,Arunachal Pradesh,26.66,62.02,66.54,29.67,3603.26,100.0,6.36,39.11,17.26,34.69
2017-03-20,Manipur,81.71,149.72,73.67,30.56,251.65,100.0,8.26,51.27,15.14,41.78
2017-03-21,Meghalaya,132.92,153.91,100.0,53.0,473.82,100.0,2.0,37.91,22.17,45.14
2017-03-22,Assam,32.69,33.22,30.04,22.3,2758.16,94.8,37.38,46.27,26.38,25.44
2017-03-23,Arunachal Pradesh,134.94,228.88,100.0,40.24,1541.93,100.0,44.25,86.36,31.06,64.55
2017-03-24,Arunachal Pradesh,146.98,258.26,98.07,29.37,1162.39,100.0,35.53,64.72,17.61,40.3
2017-03-25,Tripura,42.31,142.24,54.76,55.65,755.44,100.0,9.43,62.87,11.26,39.81
2017-03-26,Sikkim,80.43,110.82,58.05,12.92,2311.91,100.0,30.32,0.0,10.1,28.99
2017-03-27,Nagaland,186.9,348.43,85.67,60.29,1422.75,100.0,26.03,58.03,31.11,59.57
2017-03-28,Meghalaya,52.31,153.43,21.71,20.16,2056.45,100.0,41.0,7.81,31.95,15.65
2017-03-29,Tripura,126.26,266.46,75.3,16.6,3836.32,100.0,47.11,63.54,12.52,45.56
2017-03-30,Nagaland,42.11,154.59,65.1,56.64,3045.16,100.0,37.15,73.36,10.25,43.4
2017-03-31,Sikkim,71.56,110.86,63.39,30.93,3194.01,100.0,25.63,45.43,30.01,42.24
2017-04-01,Tripura,47.09,142.28,48.81,54.14,540.58,87.96,25.55,46.26,26.02,35.74
2017-04-02,Meghalaya,68.35,223.14,79.88,15.61,1333.67,100.0,40.39,34.82,23.9,38.96
2017-04-03,Meghalaya,113.64,276.47,98.84,11.81,469.63,100.0,6.13,100.0,23.33,51.96
2017-04-04,Manipur,80.04,245.73,80.5,22.12,3875.66,100.0,7.67,61.62,29.34,50.84
2017-04-05,Arunachal Pradesh,81.22,181.47,60.08,8.29,2744.64,100.0,17.18,30.42,17.33,32.13
2017-04-06,Sikkim,42.14,89.54,46.94,24.15,125.97,100.0,37.36,40.83,19.73,25.86
2017-04-07,Arunachal Pradesh,167.19,199.57,99.96,58.37,1928.24,100.0,3.3,33.53,11.95,65.6
2017-04-08,Mizoram,163.73,245.88,63.28,38.89,1090.93,100.0,17.22,65.48,24.15,58.67
2017-04-09,Assam,109.61,193.39,95.99,28.8,2182.84,100.0,15.93,38.72,34.02,55.8
2017-04-10,Nagaland,201.26,338.08,100.0,27.72,755.7,100.0,24.29,67.77,17.1,54.9
2017-04-11,Mizoram,118.56,196.17,73.89,20.3,274.58,100.0,23.19,20.81,33.23,33.78
2017-04-12,Nagaland,9.24,77.44,62.39,34.91,1326.55,100.0,35.72,71.65,28.23,34.9
2017-04-13,Nagaland,27.99,99.78,48.24,17.1,1217.25,100.0,31.28,10.84,15.85,21.23
2017-04-14,Sikkim,53.12,131.32,70.28,37.92,2882.01,100.0,45.14,35.25,26.57,27.95
2017-04-15,Assam,113.8,252.12,100.0,41.69,1924.47,100.0,9.03,34.02,19.16,54.96
2017-04-16,Nagaland,20.6,62.12,71.49,7.4,1200.74,100.0,21.6,5.39,13.06,17.93
2017-04-17,Nagaland,84.81,221.05,76.66,43.53,2303.2,100.0,20.0,51.11,12.32,48.17
2017-04-18,Tripura,124.1,188.0,57.81,23.74,331.7,100.0,5.63,41.66,10.43,41.21
2017-04-19,Arunachal Pradesh,57.87,124.67,60.53,6.95,2666.29,100.0,8.24,21.12,29.95,27.4
2017-04-20,Arunachal Pradesh,89.15,196.47,83.39,35.5,631.79,100.0,16.83,57.57,32.12,43.95
2017-04-21,Arunachal Pradesh,102.85,127.53,76.33,48.7,1154.81,91.02,36.74,94.17,22.06,53.77
2017-04-22,Assam,108.81,193.07,76.97,21.68,1164.39,75.41,7.51,36.26,23.0,33.99
2017-04-23,Arunachal Pradesh,65.73,177.06,100.0,6.68,1890.12,100.0,13.27,21.03,27.29,29.95
2017-04-24,Mizoram,133.53,233.2,87.13,11.13,3814.97,100.0,33.82,66.43,27.52,35.91
2017-04-25,Manipur,58.74,65.2,45.91,12.9,1332.4,100.0,29.83,4.02,18.1,19.42
2017-04-26,Mizoram,84.49,141.24,76.12,18.43,1161.22,100.0,5.22,66.34,13.98,48.01
2017-04-27,Mizoram,77.04,111.75,72.85,60.63,716.77,100.0,47.19,14.79,20.76,35.27
2017-04-28,Assam,69.48,174.07,63.37,41.54,1598.28,100.0,7.4,68.21,27.43,44.93
2017-04-29,Manipur,92.1,192.85,64.49,34.27,769.06,100.0,3.07,27.48,30.11,39.96
2017-04-30,Meghalaya,152.57,216.4,58.65,20.9,594.19,100.0,15.21,22.52,12.23,35.38
2017-05-01,Meghalaya,18.1,11.63,37.99,32.95,3436.57,100.0,1.32,35.52,24.71,25.16
2017-05-02,Sikkim,71.37,128.06,83.86,48.85,257.92,100.0,1.54,65.51,11.35,36.36
2017-05-03,Mizoram,29.08,94.87,68.97,49.27,2857.76,100.0,28.94,58.0,30.62,43.0
2017-05-04,Meghalaya,18.1,50.27,66.91,30.32,850.16,100.0,44.65,16.45,26.67,33.5
2017-05-05,Nagaland,47.49,135.25,57.23,21.65,96.27,100.0,20.13,51.64,27.42,24.87
2017-05-06,Assam,163.72,308.2,99.19,34.18,3190.82,100.0,15.11,41.24,29.04,59.48
2017-05-07,Sikkim,96.3,215.75,54.56,31.73,2824.03,100.0,45.73,42.38,22.39,46.62
2017-05-08,Mizoram,62.02,86.49,72.42,17.74,1370.48,100.0,3.07,15.98,17.47,35.9
2017-05-09,Tripura,50.64,114.93,83.13,30.71,363.36,100.0,23.67,33.85,29.64,38.97
2017-05-10,Mizoram,103.45,248.19,73.64,36.6,1474.65,100.0,12.63,42.29,29.43,54.25
2017-05-11,Manipur,77.83,139.87,92.36,43.62,766.24,100.0,19.09,49.38,13.37,38.44
2017-05-12,Mizoram,65.26,115.35,59.55,24.01,3733.39,100.0,20.54,6.48,32.57,29.55
2017-05-13,Nagaland,25.39,68.55,37.46,15.07,2142.01,100.0,27.26,36.18,15.53,22.9
2017-05-14,Tripura,41.09,91.09,53.48,25.29,3857.18,100.0,22.66,21.7,17.66,34.83
2017-05-15,Arunachal Pradesh,152.66,283.85,100.0,31.24,1437.69,98.7,49.4,32.91,15.4,56.33
2017-05-16,Mizoram,90.94,163.16,71.82,10.16,2248.03,100.0,1.28,52.04,34.14,38.85
2017-05-17,Tripura,40.37,29.77,37.28,11.32,800.99,100.0,37.88,55.85,17.49,24.87
2017-05-18,Sikkim,99.49,246.65,98.21,32.47,3243.29,100.0,2.55,62.03,34.29,55.59
2017-05-19,Meghalaya,131.14,266.97,100.0,5.92,212.35,100.0,21.55,44.45,25.95,35.07
2017-05-20,Arunachal Pradesh,51.22,132.79,63.95,44.75,2797.68,100.0,10.09,37.88,14.41,37.39
2017-05-21,Sikkim,69.91,151.1,64.87,35.14,1597.06,100.0,47.27,16.05,23.85,24.41
2017-05-22,Nagaland,74.4,148.69,61.55,23.23,2334.74,100.0,36.12,48.02,32.06,34.76
2017-05-23,Manipur,38.01,75.01,62.18,22.59,2389.42,100.0,23.14,0.0,24.04,26.83
2017-05-24,Mizoram,92.33,113.39,38.62,38.89,2857.64,100.0,47.61,50.05,13.31,38.14
2017-05-25,Arunachal Pradesh,40.2,175.4,63.64,22.92,856.84,100.0,36.06,4.4,17.17,26.12
2017-05-26,Mizoram,19.74,80.45,53.66,22.66,2148.97,100.0,47.6,33.43,15.62,28.08
2017-05-27,Mizoram,39.24,44.41,37.06,28.19,1736.36,100.0,35.23,54.27,13.15,28.05
2017-05-28,Sikkim,89.02,142.49,72.31,60.78,1164.62,100.0,3.89,61.93,18.18,46.39
2017-05-29,Manipur,40.54,122.99,67.05,10.04,2008.12,100.0,30.82,49.46,26.53,23.71
2017-05-30,Manipur,71.82,169.11,100.0,23.78,3810.46,100.0,49.02,68.24,19.56,42.29
2017-05-31,Nagaland,79.41,139.22,56.43,25.72,3798.1,94.2,10.71,37.57,21.1,40.32
2017-06-01,Meghalaya,26.31,46.35,49.1,39.72,1151.33,100.0,39.64,71.58,18.02,32.03
2017-06-02,Nagaland,207.04,337.67,93.18,45.97,3542.62,100.0,9.23,61.12,34.86,68.91
2017-06-03,Nagaland,60.98,64.3,81.96,28.29,3513.18,98.87,22.61,10.97,24.65,36.75
2017-06-04,Meghalaya,126.23,220.32,100.0,12.74,1035.86,100.0,4.23,18.63,30.85,49.12
2017-06-05,Arunachal Pradesh,71.5,138.65,44.21,35.34,2415.86,100.0,17.03,60.6,21.03,35.39
2017-06-06,Nagaland,124.77,298.22,97.18,19.89,3486.25,100.0,38.81,44.88,14.22,54.63
2017-06-07,Mizoram,113.05,201.55,80.85,34.69,2084.23,100.0,2.26,38.81,31.17,56.62
2017-06-08,Nagaland,79.38,179.19,70.73,17.69,1510.59,100.0,16.01,51.57,29.09,30.8
2017-06-09,Meghalaya,20.68,144.96,61.73,14.96,2620.6,100.0,31.49,0.78,18.25,27.44
2017-06-10,Arunachal Pradesh,164.58,254.18,100.0,14.5,731.08,100.0,47.43,95.17,25.16,50.37
2017-06-11,Meghalaya,38.94,83.42,83.5,44.04,688.84,87.41,12.27,17.0,12.34,32.71
2017-06-12,Sikkim,26.79,68.61,65.83,11.82,3338.95,100.0,8.66,35.08,10.66,40.13
2017-06-13,Mizoram,118.16,160.26,85.01,30.57,215.41,100.0,10.18,52.17,30.39,47.78
2017-06-14,Arunachal Pradesh,90.28,174.97,69.67,36.6,3224.34,100.0,11.84,42.91,33.55,43.25
2017-06-15,Nagaland,72.3,204.98,96.26,43.7,1197.45,100.0,31.92,74.54,18.6,54.99
2017-06-16,Arunachal Pradesh,50.8,160.02,87.22,22.91,1958.33,100.0,49.93,53.93,24.94,42.66
2017-06-17,Manipur,150.8,323.5,97.58,31.34,2196.88,100.0,26.18,55.83,27.93,57.07
2017-06-18,Nagaland,31.35,71.67,50.84,33.14,3079.92,100.0,13.57,46.26,28.65,34.13
2017-06-19,Nagaland,82.6,128.73,42.12,12.66,3541.24,100.0,37.35,0.0,22.03,27.11
2017-06-20,Assam,26.9,180.6,55.83,7.74,3226.69,100.0,7.91,23.89,25.33,28.15
2017-06-21,Nagaland,114.49,230.33,79.56,25.8,2310.76,100.0,1.5,56.99,26.43,44.18
2017-06-22,Nagaland,199.31,284.47,80.85,52.77,1424.65,100.0,30.26,51.61,12.58,58.14
2017-06-23,Nagaland,103.86,308.2,100.0,19.34,2129.9,100.0,10.51,48.84,26.13,49.6
2017-06-24,Assam,41.42,108.54,59.32,48.74,168.59,100.0,19.96,41.51,22.77,34.32
2017-06-25,Arunachal Pradesh,125.54,120.42,72.07,43.16,1017.67,100.0,11.56,9.44,19.46,38.65
2017-06-26,Sikkim,55.18,190.94,59.88,14.37,1496.31,100.0,45.9,54.49,16.54,41.66
2017-06-27,Assam,48.3,30.04,65.49,61.78,1313.03,100.0,16.9,46.48,25.95,42.83
2017-06-28,Tripura,70.81,167.75,80.89,54.31,425.83,100.0,22.45,30.37,14.17,42.58
2017-06-29,Meghalaya,19.55,113.02,68.67,11.78,250.48,100.0,11.74,64.15,30.27,34.92
2017-06-30,Nagaland,169.11,330.93,100.0,44.05,1711.82,100.0,4.24,68.9,14.29,62.03
2017-07-01,Assam,79.3,231.19,91.02,39.34,345.46,100.0,25.63,57.58,29.29,44.33
2017-07-02,Manipur,83.07,215.28,67.86,25.06,1180.52,100.0,43.44,42.14,30.44,33.3
2017-07-03,Tripura,154.94,356.67,100.0,34.3,1925.56,100.0,17.58,100.0,33.49,62.81
2017-07-04,Manipur,157.62,282.71,84.73,14.47,879.35,100.0,39.05,64.15,21.58,52.19
2017-07-05,Assam,53.84,114.22,66.01,6.0,364.16,100.0,1.63,10.38,11.59,28.91
2017-07-06,Tripura,85.34,164.14,61.24,50.35,1756.93,100.0,11.78,10.05,26.94,43.3
2017-07-07,Sikkim,42.92,169.33,98.8,50.97,1821.48,100.0,6.57,66.0,17.07,50.82
2017-07-08,Arunachal Pradesh,138.46,232.11,96.47,20.74,3666.68,100.0,20.14,41.05,12.32,48.94
2017-07-09,Arunachal Pradesh,165.47,332.1,100.0,67.71,554.96,100.0,44.72,69.95,31.39,74.3
2017-07-10,Manipur,17.43,41.75,36.96,56.66,2479.23,100.0,18.68,39.52,13.49,46.03
2017-07-11,Tripura,171.02,272.85,99.05,4.49,1312.83,100.0,30.17,3.51,22.66,43.47
2017-07-12,Arunachal Pradesh,33.88,148.19,72.49,25.86,538.21,100.0,44.91,40.49,29.71,32.19
2017-07-13,Mizoram,58.39,155.05,72.66,65.28,1602.93,100.0,17.99,53.16,14.98,38.93
2017-07-14,Arunachal Pradesh,25.73,2.21,11.38,15.05,1740.35,100.0,18.29,8.82,32.42,14.97
2017-07-15,Tripura,99.96,165.78,100.0,22.36,1486.08,100.0,4.4,39.09,18.29,40.77
2017-07-16,Nagaland,35.06,0.0,39.42,6.94,3074.64,100.0,17.45,44.66,19.91,29.2
2017-07-17,Manipur,65.04,132.54,74.04,34.25,3364.87,100.0,37.31,33.63,13.29,46.58
2017-07-18,Assam,63.54,134.37,47.15,7.03,637.49,100.0,42.23,51.99,26.11,20.71
2017-07-19,Meghalaya,13.16,50.78,72.11,4.03,713.23,100.0,36.14,20.34,22.38,18.23
2017-07-20,Meghalaya,101.59,250.65,100.0,4.91,1713.81,100.0,0.35,64.31,34.35,46.62
2017-07-21,Manipur,9.06,80.11,68.84,15.02,1314.75,100.0,5.85,24.31,27.46,33.46
2017-07-22,Manipur,59.71,238.21,91.73,25.38,3287.32,100.0,36.55,29.07,28.97,48.35
2017-07-23,Meghalaya,121.7,253.92,100.0,31.16,3987.4,100.0,47.12,93.57,14.98,63.91
2017-07-24,Manipur,129.3,266.05,100.0,13.6,765.39,100.0,34.77,63.75,27.82,46.92
2017-07-25,Manipur,60.49,151.62,49.83,49.47,3062.05,74.68,11.31,78.54,23.93,53.4
2017-07-26,Nagaland,32.59,88.12,60.99,41.65,2448.62,100.0,5.38,51.69,20.1,29.35
2017-07-27,Assam,93.51,164.28,81.61,8.24,2595.48,100.0,43.85,31.84,29.57,39.04
2017-07-28,Mizoram,103.1,195.25,80.63,43.15,1094.54,100.0,4.95,70.92,34.46,50.81
2017-07-29,Tripura,116.14,216.65,91.93,36.32,433.93,100.0,7.55,61.59,12.37,58.58
2017-07-30,Mizoram,75.41,159.34,93.49,14.76,2195.86,100.0,29.83,22.72,29.72,34.44
2017-07-31,Arunachal Pradesh,126.31,264.91,90.15,32.08,2473.35,100.0,9.5,61.95,32.99,57.71
2017-08-01,Manipur,63.27,156.9,65.68,29.36,3854.04,100.0,11.38,33.52,17.88,50.13
2017-08-02,Mizoram,62.4,122.93,48.3,51.95,2717.16,100.0,7.11,22.63,19.08,38.98
2017-08-03,Assam,62.3,113.93,34.8,25.81,1802.55,100.0,47.22,33.09,29.87,30.66
2017-08-04,Arunachal Pradesh,93.51,199.24,75.16,48.4,3976.3,100.0,6.25,42.05,33.84,50.83
2017-08-05,Nagaland,72.71,122.0,54.24,33.67,1524.29,100.0,46.57,81.09,33.47,35.8
2017-08-06,Tripura,156.5,267.68,90.44,32.97,692.11,100.0,16.31,32.17,11.39,48.75
2017-08-07,Tripura,149.07,252.35,81.69,67.09,2491.02,100.0,41.08,60.08,31.79,63.67
2017-08-08,Tripura,85.19,274.83,78.85,11.13,1101.69,100.0,47.5,31.65,24.66,34.53
2017-08-09,Meghalaya,17.07,24.63,36.67,12.21,3692.71,100.0,25.96,34.22,20.53,23.39
2017-08-10,Meghalaya,167.65,269.77,100.0,31.44,1740.08,100.0,38.51,57.76,31.14,52.13
2017-08-11,Arunachal Pradesh,113.28,197.69,71.51,6.71,640.98,100.0,13.3,71.29,30.01,45.25
2017-08-12,Arunachal Pradesh,23.28,66.84,50.54,21.21,609.44,100.0,19.15,57.46,22.73,31.02
2017-08-13,Arunachal Pradesh,122.35,273.52,100.0,55.38,2616.08,100.0,27.65,67.15,20.27,55.33
2017-08-14,Sikkim,17.83,66.57,69.44,43.02,1495.29,100.0,42.52,16.5,21.81,28.88
2017-08-15,Assam,22.12,30.21,49.46,54.65,1486.71,100.0,31.04,47.85,17.96,30.77
2017-08-16,Arunachal Pradesh,67.68,208.75,85.67,21.96,2468.68,100.0,1.1,46.54,27.01,41.77
2017-08-17,Assam,240.02,420.57,100.0,17.27,924.97,100.0,15.24,30.85,32.3,64.28
2017-08-18,Arunachal Pradesh,40.67,127.83,59.27,39.38,624.44,100.0,43.25,38.44,16.26,30.04
2017-08-19,Sikkim,164.84,323.29,100.0,37.68,2646.19,100.0,12.01,65.17,30.64,59.13
2017-08-20,Tripura,124.56,187.55,79.09,36.94,70.69,100.0,18.4,48.1,19.02,44.58
2017-08-21,Assam,40.67,110.73,61.48,24.2,3634.09,100.0,19.48,13.61,13.3,34.05
2017-08-22,Assam,94.75,224.98,68.07,11.09,772.74,100.0,7.72,37.8,11.01,26.8
2017-08-23,Mizoram,171.03,280.94,100.0,35.88,1819.03,100.0,17.49,53.69,21.98,60.29
2017-08-24,Mizoram,108.72,225.35,76.47,39.22,885.34,100.0,40.87,61.91,24.21,36.51
2017-08-25,Arunachal Pradesh,25.78,110.42,90.92,51.13,911.97,96.49,42.45,28.41,10.15,38.84
2017-08-26,Arunachal Pradesh,16.41,16.21,61.99,40.44,3348.26,100.0,29.04,55.28,26.32,31.52
2017-08-27,Assam,130.2,203.99,55.88,10.5,2360.88,97.67,33.94,45.58,22.96,30.34
2017-08-28,Manipur,48.37,31.17,42.44,22.23,1280.23,100.0,26.73,0.0,34.94,26.89
2017-08-29,Sikkim,72.85,168.34,97.79,29.75,1041.84,100.0,2.21,47.11,12.61,41.8
2017-08-30,Assam,54.68,207.42,91.42,45.17,890.81,100.0,34.83,54.17,27.63,39.4
2017-08-31,Mizoram,62.41,115.94,64.52,31.46,2240.07,100.0,49.83,35.62,15.43,36.63
2017-09-01,Sikkim,60.95,133.72,31.87,12.42,2936.62,100.0,11.39,0.2,15.16,30.28
2017-09-02,Nagaland,42.08,153.66,67.47,46.03,1051.43,100.0,49.11,42.02,10.47,31.68
2017-09-03,Sikkim,111.12,227.31,88.62,21.32,1362.59,100.0,49.89,30.69,10.16,46.92
2017-09-04,Meghalaya,124.67,198.05,48.77,44.01,2895.44,100.0,7.08,42.83,14.67,39.34
2017-09-05,Manipur,44.73,178.15,84.83,43.68,2962.25,100.0,46.31,67.8,14.39,35.63
2017-09-06,Meghalaya,47.73,129.49,55.37,36.34,868.93,100.0,33.78,27.67,10.01,30.75
2017-09-07,Manipur,144.47,257.42,96.0,21.76,1559.7,100.0,23.32,90.47,27.93,54.01
2017-09-08,Nagaland,41.94,106.92,63.36,41.77,3486.33,100.0,17.23,91.12,22.59,49.37
2017-09-09,Nagaland,106.88,233.95,82.96,13.42,2973.76,100.0,31.49,47.3,19.9,41.14
2017-09-10,Meghalaya,155.51,258.73,100.0,53.93,691.86,100.0,42.14,37.15,12.59,56.44
2017-09-11,Sikkim,32.15,161.09,76.44,45.0,1574.55,100.0,1.71,22.91,18.35,36.29
2017-09-12,Mizoram,49.0,173.84,100.0,63.57,3894.51,100.0,26.77,68.66,21.76,66.26
2017-09-13,Sikkim,52.45,129.02,92.47,28.25,2125.24,100.0,32.51,32.4,34.95,36.31
2017-09-14,Manipur,65.86,151.26,55.07,29.58,2891.42,100.0,1.28,25.39,22.76,33.81
2017-09-15,Manipur,86.15,145.38,86.88,35.14,413.54,100.0,44.45,42.36,10.49,39.34
2017-09-16,Meghalaya,53.03,104.05,49.76,57.99,3338.41,90.44,47.59,23.42,15.19,37.9
2017-09-17,Nagaland,100.56,155.42,53.47,33.22,2438.9,100.0,30.62,89.82,18.86,34.97
2017-09-18,Meghalaya,113.34,211.84,60.23,37.05,743.62,100.0,5.85,61.22,21.4,41.19
2017-09-19,Meghalaya,232.88,401.81,100.0,18.51,1551.84,100.0,46.62,92.19,26.86,58.39
2017-09-20,Nagaland,145.6,204.8,96.05,40.23,377.96,100.0,40.25,69.85,24.76,49.51
2017-09-21,Mizoram,107.94,239.47,90.27,38.96,3119.19,100.0,1.43,68.66,22.73,63.27
2017-09-22,Meghalaya,76.72,130.25,73.68,45.33,2992.27,100.0,28.96,27.9,30.95,31.9
2017-09-23,Arunachal Pradesh,66.47,166.18,24.83,34.32,1986.41,100.0,5.73,0.0,14.91,23.42
2017-09-24,Arunachal Pradesh,138.33,289.78,94.52,48.65,1835.46,100.0,7.05,84.15,11.95,64.55
2017-09-25,Meghalaya,61.9,195.13,63.24,50.49,1880.53,100.0,9.63,55.14,30.96,41.3
2017-09-26,Nagaland,63.01,188.4,53.98,7.82,197.99,100.0,19.81,76.89,21.55,37.75
2017-09-27,Sikkim,42.16,179.51,57.84,43.33,1504.57,100.0,43.82,41.04,23.83,42.94
2017-09-28,Arunachal Pradesh,66.3,182.07,77.48,30.09,557.59,100.0,1.55,43.72,30.93,30.88
2017-09-29,Manipur,35.92,110.59,71.98,23.97,779.93,100.0,34.46,26.34,33.65,23.35
2017-09-30,Meghalaya,78.86,149.38,56.22,53.15,3850.36,100.0,48.23,78.21,23.8,57.29
2017-10-01,Sikkim,63.39,140.31,76.9,50.23,1084.05,100.0,32.06,0.8,30.31,40.69
2017-10-02,Nagaland,83.73,240.77,100.0,36.29,1960.32,100.0,40.78,60.16,23.62,42.65
2017-10-03,Arunachal Pradesh,77.28,158.01,76.55,34.95,3556.78,100.0,45.09,30.24,10.83,37.08
2017-10-04,Mizoram,114.19,221.08,71.34,12.08,1683.29,100.0,35.74,39.65,33.9,42.69
2017-10-05,Nagaland,82.23,232.4,79.02,27.54,2138.04,100.0,32.99,78.14,30.44,45.94
2017-10-06,Arunachal Pradesh,100.88,191.99,83.31,46.66,716.71,100.0,0.9,31.1,28.84,48.45
2017-10-07,Assam,101.32,170.19,63.3,15.96,1176.06,100.0,25.94,13.21,21.05,30.5
2017-10-08,Manipur,92.34,233.83,96.47,36.72,2049.15,100.0,23.46,89.4,33.56,51.4
2017-10-09,Tripura,97.05,162.47,55.87,44.73,1491.36,100.0,26.14,41.59,22.25,47.69
2017-10-10,Assam,67.39,167.24,79.16,44.19,201.11,100.0,21.62,38.2,28.02,45.54
2017-10-11,Nagaland,164.02,305.19,100.0,19.3,1633.27,100.0,45.33,39.86,12.51,43.89
2017-10-12,Arunachal Pradesh,94.28,204.06,83.68,59.09,3269.67,100.0,44.45,27.26,15.47,48.57
2017-10-13,Mizoram,19.45,0.0,25.14,34.69,508.43,100.0,6.28,58.54,20.61,29.78
2017-10-14,Nagaland,39.16,139.95,43.53,7.58,123.99,100.0,26.64,56.66,24.53,11.15
2017-10-15,Nagaland,93.65,188.1,61.01,28.89,518.88,100.0,47.98,8.64,30.14,22.86
2017-10-16,Manipur,69.99,179.64,83.24,54.47,2763.14,100.0,29.93,48.37,16.02,57.61
2017-10-17,Mizoram,82.0,193.03,75.52,26.43,3188.85,100.0,40.08,11.18,29.36,38.62
2017-10-18,Tripura,16.64,87.6,48.51,13.42,242.47,100.0,18.67,41.63,32.25,22.41
2017-10-19,Sikkim,100.79,185.29,83.02,41.09,3555.83,100.0,18.86,61.07,30.46,54.97
2017-10-20,Meghalaya,22.69,68.6,23.93,18.49,2527.94,100.0,16.28,6.22,25.56,10.2
2017-10-21,Meghalaya,156.1,281.98,92.46,53.1,2096.62,100.0,1.09,55.91,30.25,62.65
2017-10-22,Mizoram,51.89,134.7,50.34,59.45,1051.69,100.0,46.24,80.28,31.94,47.95
2017-10-23,Mizoram,91.27,169.95,53.73,56.57,1518.22,100.0,17.48,52.5,23.88,44.04
2017-10-24,Arunachal Pradesh,40.93,149.11,62.1,1.93,3790.54,100.0,18.35,13.45,30.25,36.02
2017-10-25,Mizoram,8.92,50.27,87.14,1.43,3650.61,100.0,37.98,35.15,20.53,35.6
2017-10-26,Tripura,37.56,67.15,62.91,49.47,2520.58,100.0,26.34,43.04,23.06,44.8
2017-10-27,Assam,65.99,172.79,57.6,44.24,2336.7,100.0,18.1,75.15,11.32,46.66
2017-10-28,Assam,16.62,150.17,88.2,60.3,881.65,100.0,44.18,74.35,32.09,44.97
2017-10-29,Sikkim,198.49,301.04,80.61,2.86,3815.45,100.0,41.27,54.6,13.51,49.19
2017-10-30,Meghalaya,77.9,161.84,95.13,14.39,3033.8,100.0,48.84,15.75,16.9,36.8
2017-10-31,Assam,47.18,163.32,59.44,33.62,1559.93,100.0,32.05,69.82,17.94,43.55
2017-11-01,Sikkim,130.79,268.98,95.44,17.56,3272.53,100.0,34.5,45.83,12.9,42.98
2017-11-02,Assam,65.59,173.23,100.0,44.05,886.9,100.0,16.22,50.92,33.04,48.14
2017-11-03,Tripura,110.91,217.59,78.26,7.05,892.25,100.0,4.98,5.24,34.25,39.51
2017-11-04,Sikkim,33.52,0.0,67.57,24.59,3174.3,100.0,5.3,8.74,31.63,24.49
2017-11-05,Arunachal Pradesh,134.14,261.52,91.22,54.4,2259.27,100.0,32.3,44.96,18.66,56.73
2017-11-06,Meghalaya,39.86,124.73,63.64,15.79,2245.55,100.0,5.66,40.6,11.38,36.28
2017-11-07,Sikkim,76.18,209.3,68.57,32.75,2316.0,100.0,45.33,65.41,14.57,45.91
2017-11-08,Arunachal Pradesh,75.16,132.71,87.73,35.07,546.94,93.67,35.19,35.35,29.3,37.51
2017-11-09,Sikkim,148.58,340.19,100.0,34.68,1430.76,100.0,11.31,64.25,17.15,54.22
2017-11-10,Nagaland,87.37,168.64,100.0,28.85,2313.66,100.0,13.96,39.96,32.32,39.97
2017-11-11,Sikkim,92.69,169.73,64.53,20.51,1027.97,100.0,35.5,72.56,30.88,39.05
2017-11-12,Tripura,124.63,208.12,74.79,18.37,2040.82,100.0,41.21,0.0,15.92,40.19
2017-11-13,Assam,35.55,145.17,84.09,4.39,2250.29,100.0,41.97,4.98,27.34,26.83
2017-11-14,Assam,63.31,101.12,58.6,5.65,3774.11,100.0,30.05,17.11,21.06,24.46
2017-11-15,Arunachal Pradesh,130.72,271.35,98.6,17.48,1020.81,100.0,7.76,52.24,15.37,51.92
2017-11-16,Nagaland,103.44,172.86,54.94,61.28,1785.46,100.0,40.92,48.01,24.75,46.73
2017-11-17,Manipur,67.13,148.93,71.44,47.82,3926.97,100.0,39.58,16.2,30.93,37.73
2017-11-18,Tripura,117.7,165.56,78.68,5.54,787.82,100.0,41.77,42.57,33.17,30.36
2017-11-19,Assam,52.01,159.44,97.75,3.35,3131.08,100.0,7.88,61.46,11.47,37.78
2017-11-20,Mizoram,52.57,122.86,57.4,14.63,749.76,100.0,34.22,0.0,20.47,22.6
2017-11-21,Arunachal Pradesh,44.93,139.69,73.0,21.27,3407.68,100.0,48.01,42.51,25.11,33.46
2017-11-22,Meghalaya,98.3,190.3,96.21,26.39,1977.5,100.0,12.8,64.88,18.45,56.07
2017-11-23,Nagaland,50.13,146.31,69.9,43.95,3890.04,100.0,35.84,55.73,17.94,45.69
2017-11-24,Tripura,152.17,276.42,100.0,33.32,721.8,100.0,12.95,75.5,29.3,58.26
2017-11-25,Assam,229.41,423.74,100.0,26.84,2767.31,100.0,15.35,58.3,29.56,64.4
2017-11-26,Assam,42.99,135.83,67.61,34.09,2796.35,100.0,24.26,22.98,28.22,38.15
2017-11-27,Meghalaya,67.83,159.59,91.77,31.93,2889.56,100.0,44.75,68.1,32.46,42.96
2017-11-28,Assam,114.83,186.24,84.97,37.76,448.83,100.0,1.93,55.05,22.37,57.8
2017-11-29,Mizoram,98.27,179.91,88.84,6.82,1189.82,100.0,49.48,35.26,29.7,43.75
2017-11-30,Tripura,60.42,109.73,72.52,28.03,1385.17,100.0,38.6,39.83,10.28,28.52
2017-12-01,Mizoram,98.17,254.4,100.0,8.82,1330.94,100.0,17.99,10.75,34.69,35.25
2017-12-02,Sikkim,110.96,247.65,100.0,52.63,2716.33,100.0,17.71,48.15,32.98,65.16
2017-12-03,Nagaland,115.03,224.05,83.76,14.89,266.58,100.0,24.15,43.47,31.03,39.93
2017-12-04,Mizoram,160.73,268.61,85.38,25.76,2933.81,100.0,43.77,84.32,24.69,57.64
2017-12-05,Nagaland,119.44,197.57,85.89,45.51,2130.01,100.0,0.9,31.03,23.6,48.73
2017-12-06,Nagaland,65.94,153.8,48.96,23.14,733.34,100.0,27.41,22.48,13.75,16.16
2017-12-07,Arunachal Pradesh,43.79,189.41,87.16,8.72,943.17,100.0,2.8,45.01,11.35,29.27
2017-12-08,Assam,65.96,149.18,81.02,8.15,435.44,100.0,5.78,0.0,16.4,31.08
2017-12-09,Assam,93.95,239.01,85.12,15.0,1863.28,100.0,34.53,37.41,13.77,40.63
2017-12-10,Mizoram,21.84,93.79,59.42,43.23,2399.94,100.0,11.72,16.49,24.02,31.89
2017-12-11,Manipur,74.64,184.46,90.57,58.11,2344.84,100.0,2.08,100.0,18.31,57.49
2017-12-12,Manipur,184.24,307.33,100.0,17.79,3851.35,100.0,8.21,65.47,19.7,53.93
2017-12-13,Sikkim,236.48,396.83,100.0,28.9,1219.07,100.0,10.43,45.63,10.66,57.63
2017-12-14,Assam,92.66,155.75,82.81,55.47,3060.22,100.0,38.49,54.9,23.72,41.34
2017-12-15,Nagaland,22.54,96.0,60.79,24.58,2906.16,100.0,31.25,12.5,26.4,28.79
2017-12-16,Sikkim,106.08,199.39,79.65,58.11,292.24,92.03,36.76,38.21,18.36,53.94
2017-12-17,Nagaland,20.23,94.75,65.28,17.85,3723.52,100.0,18.49,2.72,13.28,32.29
2017-12-18,Tripura,60.1,100.74,81.95,12.34,3728.65,100.0,5.66,12.19,27.59,39.43
2017-12-19,Tripura,95.34,211.24,86.21,34.41,1615.52,100.0,40.26,56.16,13.22,36.45
2017-12-20,Sikkim,112.14,224.96,100.0,7.91,1699.83,100.0,7.02,60.34,30.42,43.56
2017-12-21,Meghalaya,161.03,297.02,68.91,22.33,3287.41,100.0,19.13,29.48,23.65,51.75
2017-12-22,Assam,21.21,97.39,64.3,34.19,2005.37,100.0,13.11,18.11,15.94,31.71
2017-12-23,Assam,78.76,158.63,72.97,42.45,3206.84,100.0,14.83,92.16,32.47,48.41
2017-12-24,Sikkim,54.69,284.3,71.87,13.25,192.69,100.0,30.09,47.72,13.54,39.87
2017-12-25,Sikkim,116.3,243.19,65.91,16.3,1038.57,100.0,8.22,36.44,25.03,49.66
2017-12-26,Tripura,32.76,103.34,67.59,31.98,409.71,100.0,22.29,19.67,25.44,22.03
2017-12-27,Mizoram,26.44,119.34,65.48,17.61,1844.08,100.0,31.93,17.56,10.93,34.94
2017-12-28,Sikkim,83.84,154.91,82.84,44.36,3423.93,100.0,43.45,48.63,25.24,45.28
2017-12-29,Mizoram,12.96,47.27,10.5,12.47,2300.66,100.0,18.56,43.93,27.36,19.14
2017-12-30,Arunachal Pradesh,136.8,287.22,100.0,49.68,2105.32,100.0,15.93,41.2,32.75,57.47
2017-12-31,Mizoram,106.65,245.55,100.0,26.88,1496.12,100.0,18.39,43.13,27.72,42.41
2018-01-01,Manipur,76.2,211.97,61.65,48.01,301.26,100.0,25.04,90.94,22.11,48.0
2018-01-02,Nagaland,56.68,78.02,76.72,53.58,3077.32,100.0,15.65,13.92,31.33,43.95
2018-01-03,Nagaland,80.51,165.7,100.0,57.21,2304.53,87.0,12.52,80.47,18.84,53.88
2018-01-04,Assam,77.8,179.88,55.97,62.57,3727.31,100.0,18.77,100.0,31.39,44.12
2018-01-05,Tripura,157.37,314.86,100.0,46.69,1756.26,100.0,38.89,65.65,31.1,61.78
2018-01-06,Meghalaya,158.96,309.5,100.0,16.76,1635.92,100.0,12.64,75.65,25.09,61.67
2018-01-07,Tripura,155.21,248.78,62.79,13.33,3898.67,100.0,42.23,3.22,18.62,40.71
2018-01-08,Assam,166.37,320.14,99.08,36.6,607.57,100.0,14.26,54.95,24.78,55.17
2018-01-09,Manipur,104.31,219.31,100.0,35.64,1046.83,100.0,30.15,71.33,32.65,55.26
2018-01-10,Meghalaya,51.43,139.89,55.08,42.09,1978.25,100.0,48.55,16.19,25.91,32.77
2018-01-11,Mizoram,143.57,221.5,100.0,44.62,2118.0,100.0,47.59,80.61,31.0,56.1
2018-01-12,Manipur,164.12,258.8,97.29,36.24,2217.43,100.0,21.73,100.0,18.62,60.89
2018-01-13,Arunachal Pradesh,130.63,318.44,91.82,33.58,887.83,100.0,3.38,44.07,17.31,50.96
2018-01-14,Manipur,132.7,288.49,98.38,31.54,3711.05,100.0,45.13,69.47,16.4,56.05
2018-01-15,Arunachal Pradesh,59.52,136.76,45.4,24.88,2828.83,100.0,6.35,55.38,22.28,37.45
2018-01-16,Arunachal Pradesh,135.03,250.71,96.57,41.15,1070.84,100.0,46.18,87.74,20.8,62.24
2018-01-17,Mizoram,42.02,201.94,77.5,17.95,1212.06,100.0,36.63,16.32,31.36,21.07
2018-01-18,Meghalaya,153.71,282.38,90.08,43.72,3527.42,100.0,46.71,47.02,12.82,55.11
2018-01-19,Manipur,63.68,140.84,46.48,3.56,1552.4,100.0,33.27,38.78,23.85,33.43
2018-01-20,Sikkim,25.39,56.35,50.06,18.27,2247.64,100.0,49.76,26.59,20.09,21.89
2018-01-21,Assam,176.48,305.37,100.0,56.67,525.69,100.0,23.35,100.0,33.44,73.07
2018-01-22,Tripura,134.09,183.83,56.21,44.21,1044.34,100.0,16.48,44.37,29.71,47.05
2018-01-23,Manipur,110.29,236.27,100.0,11.14,1695.48,100.0,19.67,30.7,20.83,50.2
2018-01-24,Manipur,100.4,250.96,94.36,32.87,2641.74,100.0,17.51,58.92,26.02,53.04
2018-01-25,Tripura,62.44,194.47,66.17,40.45,1156.87,100.0,20.04,56.6,28.64,48.07
2018-01-26,Arunachal Pradesh,123.34,206.92,79.95,45.6,3805.51,100.0,44.26,51.08,11.78,54.11
2018-01-27,Assam,42.58,22.08,56.97,55.96,919.86,100.0,29.6,21.76,26.84,39.17
2018-01-28,Arunachal Pradesh,30.56,109.41,82.43,33.72,3126.68,100.0,36.28,40.64,13.49,46.53
2018-01-29,Meghalaya,152.28,331.17,100.0,13.86,1490.17,100.0,14.39,59.32,14.72,56.59
2018-01-30,Mizoram,130.8,182.04,100.0,14.45,3341.93,100.0,49.49,18.42,21.53,48.27
2018-01-31,Sikkim,150.3,260.5,72.14,10.64,3696.27,100.0,14.04,18.64,34.49,41.57
2018-02-01,Meghalaya,187.67,345.81,98.51,29.65,788.71,100.0,7.95,66.82,33.8,60.48
2018-02-02,Meghalaya,38.59,74.25,33.83,8.72,1991.33,100.0,38.91,83.68,32.56,20.15
2018-02-03,Nagaland,109.1,144.52,85.27,15.06,659.75,100.0,41.95,57.3,10.86,41.99
2018-02-04,Arunachal Pradesh,75.91,134.11,64.23,39.16,2838.01,100.0,19.69,39.28,31.32,45.42
2018-02-05,Meghalaya,118.6,205.14,99.97,27.98,3337.34,100.0,27.05,40.4,29.4,44.2
2018-02-06,Nagaland,63.14,69.26,32.59,10.31,1588.4,100.0,20.71,25.56,22.47,32.12
2018-02-07,Assam,143.23,307.7,91.2,12.04,1617.17,100.0,14.7,35.23,18.14,45.76
2018-02-08,Sikkim,133.26,312.04,90.43,27.91,855.17,100.0,40.67,63.44,28.89,56.29
2018-02-09,Meghalaya,105.58,209.55,100.0,11.97,1260.81,100.0,37.85,7.73,12.68,37.11
2018-02-10,Mizoram,12.29,97.61,70.03,39.3,1329.38,100.0,24.27,30.52,26.26,31.61
2018-02-11,Tripura,69.42,94.97,28.56,52.57,664.52,100.0,22.78,73.24,26.8,24.26
2018-02-12,Nagaland,183.91,320.2,97.05,36.73,1274.31,100.0,9.01,74.96,23.84,62.36
2018-02-13,Tripura,118.7,204.89,95.37,69.63,3633.66,100.0,31.86,79.41,31.94,58.25
2018-02-14,Tripura,156.32,300.94,100.0,37.89,1335.27,100.0,46.18,81.86,18.25,62.97
2018-02-15,Sikkim,14.64,0.0,46.2,54.24,1134.03,100.0,35.94,30.75,21.95,25.55
2018-02-16,Sikkim,13.38,57.91,54.29,25.17,1569.34,100.0,25.31,0.71,28.97,19.97
2018-02-17,Mizoram,75.64,188.6,63.76,62.09,3843.08,100.0,1.93,64.25,27.92,53.14
2018-02-18,Nagaland,107.98,221.5,100.0,5.53,3070.09,100.0,46.51,44.5,24.06,47.44
2018-02-19,Arunachal Pradesh,118.98,259.78,74.0,13.51,846.87,100.0,15.4,77.68,16.8,46.01
2018-02-20,Tripura,65.33,124.05,40.64,13.89,3022.58,100.0,15.0,15.67,17.36,26.43
2018-02-21,Assam,81.67,59.57,55.03,20.5,3076.63,100.0,23.48,21.29,28.53,34.5
2018-02-22,Tripura,23.92,129.83,59.32,4.58,3803.04,100.0,21.46,49.08,10.14,31.27
2018-02-23,Tripura,94.54,222.17,95.29,33.22,3569.83,100.0,48.12,66.89,26.32,48.73
2018-02-24,Manipur,35.16,165.49,80.37,39.6,426.02,100.0,8.25,17.23,16.21,25.46
2018-02-25,Tripura,130.04,248.02,100.0,20.97,1845.58,100.0,34.46,68.71,26.82,57.78
2018-02-26,Mizoram,80.82,187.88,83.64,12.97,2826.82,100.0,5.34,70.34,14.67,40.47
2018-02-27,Tripura,127.6,334.58,100.0,20.64,3894.81,100.0,13.84,43.81,19.41,58.14
2018-02-28,Meghalaya,54.08,57.08,38.65,64.35,386.36,100.0,36.11,71.24,28.85,41.62
2018-03-01,Assam,90.89,204.13,91.5,32.36,1504.52,100.0,40.2,60.27,28.88,39.73
2018-03-02,Tripura,54.44,180.37,71.93,75.9,1994.28,100.0,23.45,49.3,15.24,48.33
2018-03-03,Tripura,44.67,125.51,57.69,40.55,1682.31,100.0,39.47,17.2,19.41,24.95
2018-03-04,Sikkim,66.94,153.06,57.07,10.53,1850.32,100.0,46.76,39.01,22.56,23.14
2018-03-05,Assam,45.04,58.21,74.78,4.8,1507.95,100.0,46.79,40.71,24.68,25.44
2018-03-06,Meghalaya,135.95,312.61,100.0,60.72,3883.96,100.0,17.12,64.86,28.56,68.71
2018-03-07,Mizoram,81.52,215.04,71.18,8.29,3222.82,100.0,15.61,12.36,10.59,42.23
2018-03-08,Sikkim,66.36,200.85,90.34,34.47,2959.81,100.0,36.32,4.26,12.88,40.64
2018-03-09,Sikkim,87.14,179.85,69.37,64.26,1672.27,100.0,32.7,62.92,13.94,44.97
2018-03-10,Tripura,61.86,129.97,54.02,26.73,3532.02,97.66,19.61,21.58,14.77,34.87
2018-03-11,Tripura,73.87,160.54,100.0,46.74,418.69,94.89,11.43,33.05,10.76,45.9
2018-03-12,Sikkim,118.86,296.27,81.12,8.35,616.5,100.0,30.92,78.06,33.01,44.67
2018-03-13,Mizoram,77.13,155.29,99.03,30.65,3818.53,100.0,21.51,56.38,14.05,48.9
2018-03-14,Arunachal Pradesh,73.05,218.86,71.62,30.52,2289.6,100.0,6.61,61.05,11.84,55.17
2018-03-15,Nagaland,140.01,254.12,100.0,16.5,679.86,100.0,31.96,42.69,21.79,49.8
2018-03-16,Assam,32.07,63.82,51.24,52.46,3799.13,100.0,34.88,53.4,33.53,31.31
2018-03-17,Assam,56.14,51.11,61.27,35.62,3900.63,100.0,18.21,39.21,34.11,37.72
2018-03-18,Arunachal Pradesh,65.67,171.47,53.56,12.0,3531.9,100.0,41.6,26.35,26.91,23.84
2018-03-19,Sikkim,171.26,337.62,84.96,32.83,992.3,100.0,3.68,59.83,14.46,60.01
2018-03-20,Nagaland,86.48,133.7,78.24,29.36,1150.05,100.0,24.8,62.7,10.09,41.87
2018-03-21,Nagaland,70.25,214.44,56.19,22.81,1657.54,100.0,47.82,49.98,18.38,29.77
2018-03-22,Nagaland,24.16,30.98,28.67,12.82,2338.32,100.0,9.52,67.67,13.14,23.26
2018-03-23,Meghalaya,51.37,155.4,69.73,13.5,3969.12,100.0,8.62,58.21,28.88,37.75
2018-03-24,Arunachal Pradesh,118.09,257.44,72.07,44.94,3826.73,100.0,18.93,56.97,34.23,63.38
2018-03-25,Meghalaya,42.34,156.44,53.79,36.68,3688.5,100.0,13.4,48.4,12.09,31.34
2018-03-26,Nagaland,101.56,123.5,58.53,4.82,402.64,100.0,11.08,25.24,19.92,30.28
2018-03-27,Meghalaya,161.05,334.25,74.08,47.13,3040.81,100.0,47.49,95.4,32.56,63.25
2018-03-28,Assam,71.96,152.15,49.42,36.44,3513.54,100.0,17.24,20.27,28.21,36.08
2018-03-29,Meghalaya,57.66,122.87,84.68,19.88,1366.45,100.0,2.99,29.86,31.74,34.11
2018-03-30,Sikkim,22.59,116.88,77.73,12.45,917.32,100.0,44.99,42.24,33.07,23.27
2018-03-31,Sikkim,88.38,221.0,100.0,32.59,3006.34,100.0,22.41,59.4,20.32,52.65
2018-04-01,Meghalaya,105.29,128.4,74.6,55.21,408.81,75.84,36.8,80.59,27.34,48.32
2018-04-02,Mizoram,31.59,45.79,68.68,31.95,3766.39,100.0,18.37,22.64,27.73,30.44
2018-04-03,Sikkim,13.89,118.8,57.44,40.75,666.51,100.0,46.76,11.19,25.77,32.26
2018-04-04,Arunachal Pradesh,89.34,203.02,77.8,12.38,1857.27,100.0,14.39,46.88,18.14,43.29
2018-04-05,Nagaland,66.69,157.31,77.65,9.69,3932.05,100.0,33.14,34.97,30.8,42.06
2018-04-06,Arunachal Pradesh,152.22,238.9,59.37,44.6,3953.47,100.0,41.22,65.64,29.22,51.69
2018-04-07,Assam,27.28,108.48,69.88,41.93,3115.16,100.0,11.9,34.47,21.13,46.49
2018-04-08,Nagaland,157.58,335.13,97.67,38.53,3364.79,100.0,40.08,75.5,20.52,57.23
2018-04-09,Assam,89.18,276.49,88.46,16.03,3870.32,100.0,39.61,41.16,10.27,42.31
2018-04-10,Meghalaya,80.87,157.13,86.39,14.2,3713.35,100.0,48.21,46.68,31.09,30.23
2018-04-11,Mizoram,140.16,295.33,75.78,16.01,2507.33,100.0,46.14,45.01,17.1,39.5
2018-04-12,Manipur,150.23,349.54,100.0,54.77,2951.74,100.0,19.43,100.0,21.77,75.83
2018-04-13,Sikkim,63.9,87.91,64.3,55.83,2395.42,100.0,29.53,11.5,20.28,34.61
2018-04-14,Nagaland,109.07,285.56,89.16,21.12,2050.66,100.0,46.26,13.81,26.95,44.99
2018-04-15,Assam,75.35,171.06,74.77,23.48,3529.27,100.0,0.22,52.16,19.75,34.27
2018-04-16,Meghalaya,32.06,101.09,61.5,26.1,2965.2,100.0,31.37,3.86,14.49,28.35
2018-04-17,Nagaland,100.31,178.79,89.22,47.32,3446.27,100.0,10.77,54.99,31.72,38.43
2018-04-18,Nagaland,70.91,141.81,65.62,32.81,428.85,100.0,36.94,31.01,14.59,30.98
2018-04-19,Tripura,47.96,92.13,39.64,42.2,2327.12,100.0,39.82,67.31,10.71,38.45
2018-04-20,Tripura,50.36,87.42,48.82,28.3,1351.59,100.0,35.65,34.07,14.91,33.98
2018-04-21,Tripura,115.8,241.69,83.11,50.03,2077.91,100.0,49.8,48.88,21.38,54.38
2018-04-22,Arunachal Pradesh,84.75,221.63,72.31,34.87,2471.21,100.0,23.96,83.31,20.58,58.02
2018-04-23,Manipur,62.88,102.4,63.32,36.08,3390.75,100.0,28.07,51.19,29.91,38.38
2018-04-24,Manipur,64.79,119.39,66.0,51.84,175.92,100.0,20.45,25.5,14.87,40.23
2018-04-25,Nagaland,27.05,100.83,61.51,31.01,697.73,100.0,48.7,0.0,29.39,26.02
2018-04-26,Manipur,135.85,209.19,68.37,12.95,3689.71,100.0,46.14,63.9,12.41,50.45
2018-04-27,Assam,78.54,177.58,77.46,47.7,3870.72,100.0,49.33,58.31,21.84,50.67
2018-04-28,Mizoram,96.12,183.39,96.0,46.14,268.92,100.0,49.24,68.7,31.63,49.73
2018-04-29,Manipur,92.99,123.97,69.21,36.52,1360.56,100.0,44.77,64.17,20.32,50.97
2018-04-30,Sikkim,167.71,320.43,100.0,36.24,88.43,100.0,46.54,72.19,34.08,53.56
2018-05-01,Nagaland,87.38,158.62,73.36,29.44,3041.92,98.42,5.99,46.75,25.78,47.47
2018-05-02,Assam,50.56,166.84,63.81,32.97,2743.66,100.0,8.68,40.96,28.92,39.32
2018-05-03,Sikkim,88.54,174.99,87.9,33.77,2280.98,100.0,44.26,53.06,22.75,36.75
2018-05-04,Meghalaya,12.38,40.11,26.91,51.51,2782.06,100.0,36.34,33.26,20.74,28.71
2018-05-05,Manipur,63.92,144.56,60.54,45.49,2174.28,100.0,43.75,73.95,12.12,47.3
2018-05-06,Meghalaya,110.45,265.35,90.95,21.6,993.42,100.0,38.5,61.48,13.0,46.5
2018-05-07,Sikkim,47.55,195.0,88.79,22.72,3029.62,100.0,6.98,70.56,24.29,38.43
2018-05-08,Nagaland,165.9,322.57,100.0,31.37,3143.95,100.0,45.83,64.67,25.34,59.46
2018-05-09,Mizoram,34.38,78.01,68.3,32.59,3424.1,100.0,38.56,35.77,34.62,23.32
2018-05-10,Nagaland,117.6,227.71,96.73,39.54,3818.6,100.0,28.54,50.87,31.44,58.61
2018-05-11,Arunachal Pradesh,59.66,135.56,80.08,10.62,3002.79,100.0,26.62,63.09,31.11,31.23
2018-05-12,Sikkim,187.63,325.43,100.0,36.5,265.47,100.0,28.69,37.19,17.17,60.73
2018-05-13,Nagaland,88.36,172.37,57.41,18.14,132.31,100.0,19.52,0.0,20.29,30.81
2018-05-14,Manipur,38.72,69.46,86.96,23.57,2972.49,100.0,40.16,24.92,12.55,23.34
2018-05-15,Arunachal Pradesh,137.86,295.81,100.0,29.54,271.4,100.0,45.45,52.3,24.54,49.8
2018-05-16,Arunachal Pradesh,102.65,238.41,84.97,32.89,1297.98,100.0,12.65,72.49,11.74,48.27
2018-05-17,Tripura,129.06,244.52,94.47,16.07,587.83,100.0,1.9,70.38,21.17,44.6
2018-05-18,Arunachal Pradesh,131.12,297.04,79.71,41.01,3877.15,100.0,10.15,57.8,24.15,61.0
2018-05-19,Manipur,55.48,156.87,67.48,14.41,1299.76,100.0,37.87,24.73,15.7,19.81
2018-05-20,Arunachal Pradesh,204.17,311.6,97.19,44.88,267.83,100.0,43.42,15.67,29.39,50.92
2018-05-21,Manipur,152.93,265.22,86.68,18.74,3800.95,100.0,17.43,93.32,26.87,55.67
2018-05-22,Arunachal Pradesh,132.84,308.47,100.0,3.87,2454.54,100.0,7.62,55.44,13.7,58.24
2018-05-23,Meghalaya,77.43,151.73,71.91,32.84,192.63,100.0,42.93,68.35,34.59,45.52
2018-05-24,Manipur,29.51,66.54,35.39,17.27,3341.78,100.0,10.73,47.49,23.55,24.98
2018-05-25,Nagaland,15.29,101.83,42.73,36.05,652.49,100.0,12.09,2.5,10.66,21.7
2018-05-26,Nagaland,26.89,79.13,26.35,16.25,3219.62,100.0,4.63,16.28,18.75,29.75
2018-05-27,Arunachal Pradesh,53.0,151.93,83.58,34.87,2430.87,100.0,45.52,42.71,34.48,44.85
2018-05-28,Manipur,65.58,146.93,66.02,29.7,749.61,100.0,16.34,36.3,32.56,35.01
2018-05-29,Arunachal Pradesh,57.35,104.16,72.15,48.89,3022.76,100.0,8.59,61.82,13.78,49.99
2018-05-30,Arunachal Pradesh,145.54,240.58,100.0,45.01,1845.29,93.39,47.68,29.78,31.38,59.36
2018-05-31,Manipur,111.95,150.5,56.62,12.45,2570.5,100.0,16.78,22.96,25.46,32.27
2018-06-01,Nagaland,167.81,257.5,96.4,11.21,3484.58,100.0,37.37,41.4,10.54,52.12
2018-06-02,Arunachal Pradesh,53.52,155.41,92.73,3.04,1078.18,100.0,11.52,8.29,28.94,21.69
2018-06-03,Sikkim,108.52,261.01,84.87,51.0,1495.59,98.76,36.34,80.64,20.32,58.18
2018-06-04,Manipur,169.0,279.09,90.73,15.36,3989.22,100.0,11.61,51.44,19.9,55.55
2018-06-05,Arunachal Pradesh,167.31,245.97,97.15,10.16,2057.05,100.0,31.89,64.05,19.57,48.84
2018-06-06,Sikkim,5.96,104.45,99.03,42.14,2256.09,100.0,22.04,82.18,24.91,38.53
2018-06-07,Mizoram,45.49,164.93,82.53,30.94,1177.48,100.0,39.94,38.46,27.86,31.59
2018-06-08,Nagaland,17.24,104.78,48.31,9.83,1693.31,100.0,36.51,42.44,26.19,30.81
2018-06-09,Sikkim,90.67,127.97,54.77,13.43,2031.13,100.0,46.77,0.0,16.04,34.05
2018-06-10,Mizoram,112.4,239.21,80.52,69.65,1070.86,100.0,18.83,39.5,27.67,68.5
2018-06-11,Assam,58.81,160.28,44.76,61.21,990.67,100.0,37.72,63.07,13.39,36.36
2018-06-12,Mizoram,134.34,287.53,95.12,50.23,2421.84,100.0,48.44,57.65,34.28,58.97
2018-06-13,Manipur,67.93,157.93,71.7,33.18,775.42,100.0,16.82,74.65,21.84,39.39
2018-06-14,Mizoram,43.28,84.92,57.67,39.69,2236.16,100.0,14.5,50.76,12.28,30.77
2018-06-15,Sikkim,81.16,155.56,49.36,41.54,2839.55,96.11,38.45,17.7,24.42,39.83
2018-06-16,Sikkim,19.48,126.31,70.44,43.55,833.12,89.11,22.28,50.56,24.42,45.77
2018-06-17,Assam,113.26,235.08,72.26,20.38,2996.22,100.0,19.93,34.67,10.97,44.39
2018-06-18,Mizoram,176.89,263.01,89.02,51.48,1470.75,100.0,27.28,88.8,10.27,66.38
2018-06-19,Mizoram,142.36,331.8,95.22,36.52,3970.39,100.0,46.78,57.35,34.9,66.27
2018-06-20,Arunachal Pradesh,119.41,275.34,100.0,4.1,3917.35,100.0,4.19,33.13,19.75,45.26
2018-06-21,Assam,127.27,307.41,91.2,37.58,3204.45,100.0,23.28,39.64,16.14,50.98
2018-06-22,Arunachal Pradesh,72.92,204.76,100.0,50.27,1403.75,100.0,5.51,32.66,23.69,56.25
2018-06-23,Meghalaya,121.35,194.89,81.02,25.49,3751.98,100.0,44.18,26.47,10.21,42.41
2018-06-24,Nagaland,56.39,147.79,75.86,12.04,3995.18,100.0,6.84,50.2,10.32,46.68
2018-06-25,Mizoram,67.16,174.88,76.22,2.39,1876.0,100.0,4.49,62.74,12.82,37.86
2018-06-26,Meghalaya,112.01,164.25,60.07,65.49,2477.63,100.0,48.19,91.69,30.06,55.49
2018-06-27,Sikkim,70.17,108.36,67.76,23.37,73.65,100.0,28.17,41.98,16.21,36.38
2018-06-28,Sikkim,82.78,203.91,74.33,35.74,221.96,100.0,41.29,32.69,22.59,36.85
2018-06-29,Assam,58.38,170.48,78.86,61.18,2027.36,100.0,23.51,33.05,15.59,44.78
2018-06-30,Meghalaya,140.57,355.58,100.0,41.24,2456.79,100.0,21.78,70.89,23.62,57.14
2018-07-01,Assam,91.54,176.89,100.0,26.26,1283.95,100.0,45.58,20.76,22.72,36.27
2018-07-02,Sikkim,144.29,199.12,86.89,52.48,441.56,100.0,49.49,96.65,20.02,52.34
2018-07-03,Assam,33.27,93.87,73.12,14.25,3139.97,100.0,30.93,41.91,20.83,33.87
2018-07-04,Manipur,52.54,162.55,82.42,17.06,1704.1,100.0,45.91,34.96,26.33,33.84
2018-07-05,Assam,88.52,168.21,70.27,10.84,2612.95,100.0,43.14,37.12,31.05,35.44
2018-07-06,Sikkim,123.57,239.42,98.07,23.76,2618.29,100.0,27.2,45.86,17.99,44.95
2018-07-07,Mizoram,70.92,130.7,64.28,15.09,2210.01,100.0,47.06,52.51,23.3,40.64
2018-07-08,Sikkim,179.09,366.35,100.0,70.53,755.03,100.0,10.5,88.64,31.35,80.84
2018-07-09,Assam,36.15,134.02,50.46,9.2,2483.52,100.0,44.24,15.18,14.2,23.7
2018-07-10,Mizoram,88.89,150.54,79.9,11.25,1322.23,100.0,15.47,37.61,34.49,36.62
2018-07-11,Sikkim,161.75,271.75,85.83,15.94,3285.54,100.0,1.53,40.62,28.77,57.23
2018-07-12,Meghalaya,183.03,297.36,100.0,60.84,813.13,100.0,39.35,62.28,19.15,71.1
2018-07-13,Meghalaya,68.5,78.36,55.74,11.23,1200.04,100.0,46.5,16.9,19.38,29.18
2018-07-14,Mizoram,22.79,53.71,46.48,30.91,1789.21,100.0,10.84,27.69,15.13,32.66
2018-07-15,Sikkim,81.81,101.79,47.4,13.78,2973.05,100.0,26.7,0.0,16.7,22.64
2018-07-16,Tripura,29.07,130.94,85.7,15.68,2896.96,100.0,37.47,42.05,24.68,30.41
2018-07-17,Meghalaya,77.33,206.51,75.41,43.81,1381.58,100.0,16.58,66.06,10.09,57.31
2018-07-18,Sikkim,87.91,169.92,97.78,25.59,2067.47,100.0,7.35,18.86,10.58,42.82
2018-07-19,Arunachal Pradesh,48.23,130.53,53.83,59.72,975.23,88.51,19.61,21.68,34.66,38.85
2018-07-20,Meghalaya,102.71,246.9,100.0,16.67,3092.94,100.0,22.83,72.04,15.89,57.04
2018-07-21,Manipur,107.29,242.29,89.72,58.8,827.0,100.0,37.11,100.0,30.74,55.33
2018-07-22,Sikkim,98.19,277.48,100.0,9.97,3286.42,100.0,9.93,41.02,25.31,49.14
2018-07-23,Arunachal Pradesh,107.63,221.82,64.86,15.97,3750.61,100.0,40.76,62.73,21.15,52.94
2018-07-24,Meghalaya,77.64,224.56,65.33,18.02,3966.88,100.0,25.11,38.37,28.3,37.29
2018-07-25,Tripura,75.55,167.13,77.3,29.46,3435.0,100.0,45.19,45.57,11.25,34.96
2018-07-26,Meghalaya,68.1,147.36,54.26,18.04,925.71,100.0,28.29,25.72,28.9,25.3
2018-07-27,Assam,85.19,204.93,100.0,43.21,1695.23,100.0,22.34,67.19,31.42,49.6
2018-07-28,Sikkim,38.46,129.77,71.41,48.06,400.91,100.0,14.34,53.38,17.01,36.1
2018-07-29,Tripura,113.17,195.44,69.43,40.29,699.98,100.0,5.31,77.89,17.54,51.13
2018-07-30,Tripura,90.32,152.51,56.7,13.91,246.3,100.0,18.59,25.65,12.58,31.23
2018-07-31,Arunachal Pradesh,57.43,139.14,63.5,28.64,2582.3,100.0,20.68,47.4,31.4,46.54
2018-08-01,Tripura,42.03,37.44,38.97,37.94,2156.09,100.0,28.41,48.81,30.2,30.85
2018-08-02,Mizoram,21.84,70.46,61.52,34.31,3672.2,100.0,42.99,43.49,20.63,35.39
2018-08-03,Assam,74.7,122.75,63.4,10.21,1878.88,100.0,23.19,34.35,19.44,32.1
2018-08-04,Tripura,65.98,125.92,82.71,5.09,2587.11,100.0,15.71,54.36,20.69,39.38
2018-08-05,Tripura,160.62,259.78,100.0,25.89,1636.31,100.0,43.66,28.28,20.51,46.52
2018-08-06,Arunachal Pradesh,41.5,142.97,55.59,4.09,3326.36,100.0,36.7,38.27,20.74,26.36
2018-08-07,Assam,54.87,150.17,63.65,54.91,3709.18,100.0,15.35,38.35,13.64,51.59
2018-08-08,Nagaland,17.61,78.53,42.74,27.07,1755.34,100.0,8.35,14.18,10.34,28.93
2018-08-09,Tripura,97.52,180.95,63.24,54.19,376.67,100.0,14.55,47.76,29.06,51.33
2018-08-10,Assam,56.68,176.41,48.35,38.26,695.97,100.0,6.18,54.1,18.59,36.11
2018-08-11,Tripura,101.73,238.62,100.0,20.46,2896.15,100.0,45.17,53.66,22.27,55.11
2018-08-12,Sikkim,74.03,156.6,90.7,8.25,1334.81,100.0,30.59,25.21,17.69,31.37
2018-08-13,Manipur,115.99,278.18,80.82,24.44,3152.27,100.0,43.18,66.43,19.54,46.95
2018-08-14,Mizoram,132.48,241.14,71.9,29.59,3011.55,100.0,41.02,66.85,11.87,49.57
2018-08-15,Nagaland,50.33,133.68,75.15,24.31,2792.49,100.0,7.66,72.17,19.26,47.96
2018-08-16,Mizoram,87.59,158.41,59.39,54.87,3266.16,100.0,22.15,45.15,21.58,44.07
2018-08-17,Tripura,49.11,107.94,80.7,46.23,3038.4,100.0,48.6,28.98,30.82,33.89
2018-08-18,Manipur,170.64,280.88,85.43,42.48,2548.72,100.0,11.69,61.62,18.06,66.49
2018-08-19,Mizoram,100.21,227.82,53.49,35.86,66.7,100.0,2.51,23.0,12.21,36.08
2018-08-20,Arunachal Pradesh,48.75,138.17,65.68,25.22,2086.92,100.0,17.3,80.84,28.98,45.0
2018-08-21,Tripura,77.64,124.35,55.99,39.5,2401.25,100.0,25.55,35.78,19.39,35.43
2018-08-22,Manipur,59.41,161.77,74.56,59.91,3844.55,100.0,2.79,40.25,32.88,48.7
2018-08-23,Manipur,159.6,361.12,100.0,26.12,2619.4,100.0,21.33,60.68,33.98,67.16
2018-08-24,Meghalaya,26.88,63.92,61.43,45.62,2323.12,100.0,12.67,41.16,31.8,43.02
2018-08-25,Assam,96.08,165.43,79.43,40.1,2187.72,100.0,10.61,51.42,15.67,54.85
2018-08-26,Mizoram,111.15,217.04,88.29,31.08,458.01,100.0,13.2,56.45,16.35,45.33
2018-08-27,Nagaland,137.44,311.29,100.0,23.71,1739.1,100.0,5.27,33.73,29.85,53.75
2018-08-28,Sikkim,18.24,59.83,51.96,44.39,580.7,100.0,3.83,45.25,21.15,34.89
2018-08-29,Arunachal Pradesh,133.09,323.31,83.7,21.89,258.16,100.0,29.79,47.65,17.45,51.04
2018-08-30,Tripura,77.13,123.42,70.52,21.51,1351.4,100.0,47.39,24.36,17.35,33.21
2018-08-31,Assam,25.95,96.44,70.27,17.51,2599.5,100.0,40.24,46.77,24.44,38.62
2018-09-01,Sikkim,55.33,64.95,58.22,45.99,3473.85,100.0,41.69,7.6,32.38,28.92
2018-09-02,Sikkim,86.43,142.2,65.42,25.08,3250.95,100.0,36.75,51.27,25.47,45.74
2018-09-03,Assam,107.08,202.09,89.27,45.86,1214.02,100.0,47.8,88.94,25.51,54.15
2018-09-04,Manipur,83.4,185.9,80.73,14.93,231.69,100.0,47.53,43.94,28.67,50.63
2018-09-05,Arunachal Pradesh,113.83,270.37,100.0,39.85,1640.58,100.0,38.92,97.25,29.01,57.27
2018-09-06,Assam,96.74,167.13,72.11,44.06,1293.38,100.0,35.8,63.49,32.74,40.46
2018-09-07,Meghalaya,163.99,312.81,81.15,40.31,1516.49,100.0,15.26,55.88,14.05,56.3
2018-09-08,Meghalaya,80.91,117.81,60.88,21.11,2258.44,100.0,4.56,16.6,34.62,28.98
2018-09-09,Sikkim,154.95,322.82,90.33,53.27,170.13,100.0,4.64,66.48,18.22,67.69
2018-09-10,Manipur,41.13,164.11,65.87,22.9,1514.68,100.0,36.81,40.65,17.04,31.47
2018-09-11,Sikkim,55.7,175.04,76.31,22.58,2256.6,100.0,1.42,33.08,22.74,37.54
2018-09-12,Assam,57.54,177.75,90.4,57.62,1752.33,100.0,40.82,71.74,16.61,50.55
2018-09-13,Sikkim,151.77,274.0,100.0,32.38,2685.55,100.0,18.32,27.12,15.82,50.01
2018-09-14,Assam,29.34,105.08,64.15,15.76,785.22,100.0,9.6,6.48,34.17,21.85
2018-09-15,Manipur,78.89,164.46,91.61,12.53,657.62,100.0,20.38,37.03,12.6,30.08
2018-09-16,Arunachal Pradesh,2.46,51.87,51.08,30.18,1266.1,100.0,35.16,17.55,34.75,13.34
2018-09-17,Nagaland,78.12,137.44,70.52,11.03,451.83,100.0,13.76,25.91,25.56,30.82
2018-09-18,Tripura,51.79,138.95,62.1,47.92,983.23,100.0,8.68,22.56,33.96,35.29
2018-09-19,Manipur,11.35,83.74,40.71,37.54,393.27,100.0,36.89,30.91,32.44,20.77
2018-09-20,Mizoram,107.99,251.4,98.63,23.23,1637.81,100.0,44.03,41.02,26.21,48.57
2018-09-21,Tripura,123.42,250.82,66.64,15.2,2860.25,100.0,29.28,30.03,24.75,46.17
2018-09-22,Mizoram,94.94,227.66,71.56,13.11,1181.83,100.0,26.19,47.1,34.82,40.57
2018-09-23,Tripura,25.61,58.64,54.39,39.1,64.74,100.0,37.74,14.28,22.88,27.15
2018-09-24,Nagaland,116.7,281.99,83.66,11.3,2250.42,100.0,36.63,72.44,14.47,55.85
2018-09-25,Tripura,98.63,188.29,77.93,36.18,2783.17,100.0,0.31,52.63,34.82,46.35
2018-09-26,Sikkim,57.3,54.0,53.01,29.67,1595.7,100.0,14.09,17.14,18.09,35.0
2018-09-27,Sikkim,144.46,251.12,81.82,11.7,1223.15,100.0,46.6,0.0,12.19,52.65
2018-09-28,Tripura,55.59,156.45,72.12,71.27,1988.02,100.0,48.01,100.0,27.92,58.46
2018-09-29,Assam,59.15,142.01,69.03,17.7,449.9,100.0,25.51,43.87,21.15,28.1
2018-09-30,Manipur,96.04,116.38,46.17,17.22,2593.51,100.0,28.0,52.23,19.7,30.44
2018-10-01,Mizoram,104.53,215.4,91.28,51.24,2946.52,100.0,0.03,70.25,25.79,52.33
2018-10-02,Meghalaya,84.35,181.59,45.86,29.4,2833.29,100.0,33.62,60.92,11.32,42.51
2018-10-03,Sikkim,139.23,219.98,100.0,19.1,1348.23,100.0,10.62,47.07,27.46,44.58
2018-10-04,Sikkim,16.96,98.02,67.62,39.07,3378.71,100.0,6.4,47.09,22.59,38.68
2018-10-05,Sikkim,201.09,346.29,100.0,39.99,3790.05,100.0,15.23,68.41,22.26,58.76
2018-10-06,Arunachal Pradesh,204.53,278.76,100.0,55.17,1223.44,91.61,33.24,82.21,32.5,77.11
2018-10-07,Nagaland,108.86,241.1,87.58,6.52,1087.74,100.0,21.82,54.94,30.78,40.68
2018-10-08,Mizoram,100.29,207.43,69.91,24.51,2831.22,100.0,17.45,50.8,23.29,46.98
2018-10-09,Nagaland,61.91,203.41,80.31,11.75,2847.71,100.0,36.34,54.27,24.46,36.03
2018-10-10,Assam,36.83,70.65,66.67,31.82,2066.15,100.0,40.69,52.39,30.17,29.8
2018-10-11,Mizoram,133.35,240.7,75.8,6.19,3697.11,100.0,43.46,25.79,20.28,47.53
2018-10-12,Nagaland,46.16,161.88,74.73,29.51,627.94,98.82,22.24,28.84,26.78,34.97
2018-10-13,Mizoram,41.05,74.95,27.84,40.18,1935.6,100.0,35.89,54.62,23.52,25.73
2018-10-14,Sikkim,198.57,389.08,100.0,24.03,189.07,100.0,44.26,47.34,22.49,59.37
2018-10-15,Mizoram,30.42,137.9,54.7,28.41,257.99,100.0,45.45,46.68,34.62,33.82
2018-10-16,Mizoram,45.61,130.97,91.4,30.2,262.05,100.0,24.61,19.22,10.44,34.51
2018-10-17,Nagaland,93.33,183.4,56.62,12.7,1992.56,100.0,17.77,30.18,20.37,27.85
2018-10-18,Arunachal Pradesh,68.38,126.68,71.31,18.5,2376.41,100.0,45.01,0.0,33.25,37.84
2018-10-19,Arunachal Pradesh,133.47,221.37,100.0,6.08,63.78,100.0,13.07,23.35,33.2,45.78
2018-10-20,Nagaland,64.37,158.99,86.88,33.39,2548.56,100.0,39.84,45.77,28.69,38.4
2018-10-21,Meghalaya,53.81,15.62,65.95,38.58,1984.32,94.12,45.43,15.7,24.8,29.81
2018-10-22,Assam,13.22,47.55,74.56,16.03,934.02,100.0,36.99,0.0,27.27,22.08
2018-10-23,Nagaland,117.89,199.04,80.65,31.78,109.65,100.0,33.99,30.13,16.32,48.84
2018-10-24,Meghalaya,171.24,267.34,100.0,16.36,666.61,100.0,2.53,38.79,22.21,53.29
2018-10-25,Sikkim,107.6,218.83,86.69,3.61,2421.31,100.0,10.17,43.8,23.4,47.62
2018-10-26,Tripura,134.76,193.35,85.88,47.27,2652.42,100.0,33.33,52.06,11.59,51.96
2018-10-27,Nagaland,12.57,116.97,69.72,21.93,2605.89,100.0,39.26,13.82,31.66,33.64
2018-10-28,Sikkim,90.29,221.97,100.0,25.48,654.99,100.0,3.17,66.61,21.42,53.1
2018-10-29,Assam,52.24,182.74,80.93,30.77,3649.3,100.0,0.95,78.36,32.47,50.0
2018-10-30,Tripura,161.89,271.75,80.04,7.07,1673.26,100.0,15.58,25.9,19.75,36.08
2018-10-31,Tripura,241.88,421.13,100.0,45.32,3083.63,100.0,32.25,100.0,20.22,79.73
2018-11-01,Nagaland,29.11,126.6,76.28,43.39,707.6,100.0,25.6,39.06,16.11,38.13
2018-11-02,Mizoram,84.46,171.46,61.96,18.51,1908.75,100.0,0.42,45.73,26.11,52.48
2018-11-03,Nagaland,153.66,257.83,78.62,29.32,2110.01,100.0,7.58,76.66,23.71,57.53
2018-11-04,Meghalaya,10.13,69.99,68.26,29.2,3092.9,100.0,37.61,56.62,32.82,29.66
2018-11-05,Sikkim,37.08,97.42,51.49,6.1,2505.0,100.0,14.88,16.53,20.73,28.05
2018-11-06,Nagaland,164.95,254.6,84.72,24.07,1627.24,100.0,5.86,72.79,26.2,51.5
2018-11-07,Arunachal Pradesh,171.42,211.91,75.46,7.95,1165.93,100.0,2.54,45.87,27.69,44.93
2018-11-08,Nagaland,23.09,47.69,53.22,26.9,3893.18,100.0,42.52,25.51,18.0,20.87
2018-11-09,Sikkim,102.92,110.0,78.55,7.43,1173.89,100.0,23.58,10.48,32.02,35.9
2018-11-10,Meghalaya,68.63,118.14,73.66,42.04,561.42,100.0,25.18,39.01,19.52,32.33
2018-11-11,Manipur,47.08,177.39,68.54,42.11,1236.65,100.0,3.07,63.64,25.93,44.45
2018-11-12,Sikkim,128.44,168.72,93.81,26.15,1341.4,100.0,24.43,32.31,25.4,43.28
2018-11-13,Nagaland,32.86,117.25,76.49,27.23,555.05,100.0,32.29,40.83,20.54,31.91
2018-11-14,Sikkim,29.06,142.49,83.39,44.22,2847.17,100.0,6.14,36.09,14.58,44.55
2018-11-15,Tripura,77.15,102.82,74.96,31.77,2495.7,100.0,45.13,54.24,24.81,33.78
2018-11-16,Arunachal Pradesh,100.26,272.17,86.71,7.67,1300.63,100.0,39.17,23.88,19.39,44.11
2018-11-17,Tripura,155.93,280.83,82.37,39.51,3972.35,100.0,40.09,100.0,19.48,59.8
2018-11-18,Nagaland,45.33,172.33,69.39,31.25,2637.29,100.0,26.83,47.67,22.32,45.43
2018-11-19,Manipur,47.68,132.36,81.33,8.35,2827.58,100.0,16.7,14.17,26.93,25.95
2018-11-20,Assam,62.56,125.41,47.38,42.59,2250.87,100.0,32.02,33.59,28.24,37.11
2018-11-21,Arunachal Pradesh,59.22,22.53,24.78,23.59,2228.72,100.0,11.27,3.69,20.68,22.53
2018-11-22,Assam,115.0,177.9,48.37,15.84,129.09,100.0,6.84,56.44,13.0,42.54
2018-11-23,Arunachal Pradesh,91.7,214.75,64.11,7.07,3095.08,100.0,26.92,41.49,29.79,44.11
2018-11-24,Meghalaya,25.39,149.58,58.08,47.11,3647.43,100.0,23.93,55.05,26.74,46.75
2018-11-25,Nagaland,93.35,133.83,68.63,49.86,532.94,100.0,7.51,56.77,30.02,49.85
2018-11-26,Nagaland,30.55,93.44,41.42,35.43,3192.74,100.0,26.52,22.73,17.9,27.05
2018-11-27,Tripura,128.46,224.85,94.9,42.89,2160.51,100.0,27.32,48.12,32.73,53.85
2018-11-28,Assam,11.85,84.49,57.57,29.91,1176.97,100.0,43.58,0.0,16.57,30.29
2018-11-29,Arunachal Pradesh,158.9,291.89,67.73,44.77,3687.49,100.0,37.96,100.0,17.24,58.36
2018-11-30,Meghalaya,28.85,78.41,55.4,54.77,118.62,95.88,10.88,18.06,23.41,32.87
2018-12-01,Manipur,102.81,229.78,88.08,5.94,1132.53,100.0,40.9,24.15,34.93,24.98
2018-12-02,Tripura,115.59,195.72,100.0,16.2,3550.69,100.0,48.45,33.45,15.05,39.46
2018-12-03,Arunachal Pradesh,33.74,101.07,63.84,19.14,1950.01,100.0,35.83,34.47,30.96,27.92
2018-12-04,Mizoram,120.69,261.84,65.83,16.25,2415.74,100.0,39.35,46.1,10.06,43.09
2018-12-05,Assam,116.37,195.51,82.55,22.82,3011.58,100.0,13.32,50.44,15.94,49.21
2018-12-06,Arunachal Pradesh,41.66,98.13,62.24,15.7,634.5,100.0,49.6,67.82,18.65,19.07
2018-12-07,Assam,146.44,247.34,98.54,54.77,899.94,100.0,8.82,70.15,26.22,71.9
2018-12-08,Tripura,73.25,177.97,100.0,26.64,3994.58,100.0,37.54,19.53,12.84,41.93
2018-12-09,Mizoram,20.3,94.44,50.84,15.77,987.94,94.71,19.76,58.29,13.22,26.03
2018-12-10,Arunachal Pradesh,53.09,108.91,51.99,12.08,2179.85,100.0,17.84,55.89,13.66,25.73
2018-12-11,Arunachal Pradesh,64.98,161.1,79.26,17.68,1229.89,100.0,14.26,41.35,26.56,29.39
2018-12-12,Assam,38.64,0.0,67.38,31.61,3413.11,100.0,22.05,37.41,12.87,37.93
2018-12-13,Mizoram,23.23,118.26,73.72,25.43,3848.94,100.0,39.54,20.84,19.96,35.15
2018-12-14,Meghalaya,57.64,172.29,69.32,30.88,608.11,100.0,47.05,63.47,13.92,38.42
2018-12-15,Nagaland,106.53,189.54,92.68,3.34,2422.27,100.0,20.81,13.53,19.55,38.43
2018-12-16,Tripura,112.39,190.37,100.0,40.63,3255.73,100.0,32.58,35.97,27.85,52.77
2018-12-17,Assam,40.39,108.29,50.13,44.5,3300.96,100.0,39.41,57.4,16.94,40.73
2018-12-18,Sikkim,29.51,57.86,36.56,52.26,1789.77,100.0,4.99,61.99,25.44,33.01
2018-12-19,Assam,59.91,109.68,62.77,49.06,940.24,100.0,48.03,27.45,16.21,39.54
2018-12-20,Nagaland,79.85,182.1,80.94,30.8,1579.2,100.0,10.58,35.67,28.44,41.61
2018-12-21,Arunachal Pradesh,24.06,118.45,84.45,61.62,3017.05,100.0,45.75,45.57,29.43,38.1
2018-12-22,Manipur,63.53,158.01,64.57,4.09,3975.42,100.0,49.33,49.09,17.76,35.75
2018-12-23,Assam,72.58,274.32,100.0,16.17,2239.44,100.0,5.02,38.27,10.59,39.09
2018-12-24,Meghalaya,86.0,228.94,100.0,48.5,820.74,100.0,44.64,50.82,13.23,44.23
2018-12-25,Mizoram,72.57,188.27,81.01,28.18,215.64,100.0,32.05,69.69,22.27,46.1
2018-12-26,Arunachal Pradesh,181.06,349.56,100.0,55.78,3777.57,100.0,40.9,44.42,19.55,62.87
2018-12-27,Assam,127.06,244.05,97.36,25.23,1957.98,100.0,5.45,34.73,18.64,44.11
2018-12-28,Tripura,217.84,396.95,100.0,17.7,2880.54,100.0,41.71,8.43,24.48,53.97
2018-12-29,Meghalaya,31.49,105.14,66.09,22.26,2657.72,100.0,31.3,0.0,14.04,23.68
2018-12-30,Tripura,21.17,123.78,61.96,65.42,3568.94,95.62,25.53,42.81,21.42,55.64
2018-12-31,Nagaland,80.21,159.15,69.67,31.14,1101.06,100.0,28.0,6.78,15.08,35.35
2019-01-01,Sikkim,36.31,91.16,52.19,28.83,1794.79,100.0,37.22,8.81,34.53,30.27
2019-01-02,Arunachal Pradesh,99.89,246.95,80.79,35.92,3658.8,100.0,14.88,11.5,11.22,52.7
2019-01-03,Meghalaya,54.58,113.47,77.6,26.63,2363.03,100.0,47.17,28.19,10.39,35.66
2019-01-04,Assam,22.68,46.22,52.09,20.19,331.88,100.0,15.38,38.06,24.1,30.87
2019-01-05,Nagaland,108.5,182.82,95.67,42.03,818.21,100.0,43.85,48.18,11.57,52.04
2019-01-06,Assam,185.88,358.77,78.0,54.04,987.0,100.0,0.61,91.51,30.27,69.7
2019-01-07,Sikkim,70.54,262.68,84.74,20.99,3975.45,100.0,45.82,20.57,30.49,42.28
2019-01-08,Mizoram,69.63,118.94,52.68,31.15,935.35,100.0,42.58,72.39,20.81,41.77
2019-01-09,Assam,99.85,225.58,81.31,5.86,3485.25,100.0,6.21,33.53,30.96,30.54
2019-01-10,Nagaland,100.88,207.47,66.01,6.32,358.48,100.0,36.85,9.21,28.51,30.26
2019-01-11,Mizoram,165.56,343.47,84.58,18.21,767.8,100.0,18.71,51.44,13.39,50.29
2019-01-12,Mizoram,73.06,185.04,87.09,31.63,3494.62,100.0,23.99,51.84,31.49,46.0
2019-01-13,Manipur,186.79,377.79,100.0,28.52,3600.8,100.0,3.43,77.97,31.86,71.81
2019-01-14,Arunachal Pradesh,128.35,254.21,99.18,38.32,745.98,100.0,10.63,80.09,18.07,55.6
2019-01-15,Assam,29.57,60.97,34.52,46.85,957.92,100.0,47.68,41.52,29.37,24.94
2019-01-16,Sikkim,48.42,95.43,34.55,29.35,2145.74,100.0,20.9,32.9,32.43,17.86
2019-01-17,Arunachal Pradesh,49.93,133.38,70.29,32.15,258.1,100.0,1.3,46.34,28.64,36.0
2019-01-18,Nagaland,211.89,386.52,100.0,17.7,3783.87,100.0,25.75,82.8,12.35,70.25
2019-01-19,Sikkim,55.24,117.49,54.26,41.68,1480.2,100.0,49.73,27.93,12.37,33.28
2019-01-20,Tripura,139.56,339.94,92.73,16.23,1982.69,100.0,16.64,35.13,34.56,51.04
2019-01-21,Sikkim,31.12,134.34,85.61,38.14,464.94,100.0,7.06,40.65,23.53,37.88
2019-01-22,Arunachal Pradesh,87.62,98.08,58.76,41.01,178.55,100.0,32.18,62.67,26.11,42.48
2019-01-23,Sikkim,61.47,137.28,52.48,32.81,1897.88,100.0,45.99,29.59,32.81,34.9
2019-01-24,Arunachal Pradesh,173.86,269.61,71.46,59.58,530.59,100.0,42.96,81.5,10.19,59.65
2019-01-25,Nagaland,28.76,169.4,63.55,26.76,2539.76,100.0,32.85,48.72,20.67,27.76
2019-01-26,Mizoram,33.53,11.52,36.39,29.48,3188.2,100.0,9.21,17.23,24.16,22.09
2019-01-27,Assam,33.49,116.99,74.84,46.63,175.1,100.0,39.22,33.07,10.05,36.4
2019-01-28,Arunachal Pradesh,45.78,123.6,64.47,31.58,2468.28,100.0,41.16,45.06,25.61,41.33
2019-01-29,Meghalaya,62.64,176.52,73.27,30.21,3271.73,100.0,42.48,19.42,31.27,37.87
2019-01-30,Mizoram,95.6,206.32,67.53,38.49,1785.74,100.0,20.2,76.95,11.37,48.58
2019-01-31,Arunachal Pradesh,114.46,304.46,100.0,37.44,3840.83,100.0,20.44,89.44,30.11,58.38
2019-02-01,Manipur,44.6,153.62,85.37,18.44,489.22,100.0,7.76,31.31,34.44,34.18
2019-02-02,Manipur,74.24,87.84,71.02,63.73,1325.79,100.0,38.63,89.61,33.01,50.55
2019-02-03,Meghalaya,174.4,367.78,100.0,46.0,958.8,100.0,36.86,74.64,23.43,67.54
2019-02-04,Tripura,168.43,310.76,100.0,55.75,3984.96,100.0,4.99,58.88,31.51,59.46
2019-02-05,Sikkim,19.54,135.55,28.48,25.7,1212.0,100.0,1.01,28.74,29.27,20.96
2019-02-06,Nagaland,26.08,76.43,58.32,49.29,1582.31,100.0,47.59,38.33,30.44,34.47
2019-02-07,Arunachal Pradesh,37.22,63.34,81.51,27.15,3398.09,100.0,0.86,19.27,19.95,38.41
2019-02-08,Assam,96.32,144.43,60.18,34.96,3723.36,100.0,31.43,25.41,21.89,35.25
2019-02-09,Sikkim,68.24,194.82,64.18,17.38,3754.1,100.0,22.68,59.98,15.98,31.4
2019-02-10,Mizoram,39.89,141.73,66.21,38.92,2254.76,100.0,38.87,39.56,11.29,42.22
2019-02-11,Tripura,88.12,158.51,58.78,54.54,2670.04,100.0,4.39,15.49,24.93,44.25
2019-02-12,Arunachal Pradesh,171.21,200.01,66.14,10.45,1429.23,86.27,34.12,84.23,17.74,47.09
2019-02-13,Manipur,21.04,125.55,69.08,34.02,2448.28,100.0,30.75,52.61,22.57,35.34
2019-02-14,Manipur,77.01,84.01,69.17,28.98,1245.85,100.0,42.68,0.0,34.07,23.19
2019-02-15,Sikkim,53.66,217.44,87.6,16.39,2996.81,100.0,25.93,10.87,11.58,41.68
2019-02-16,Manipur,135.77,195.84,61.97,14.7,1263.48,100.0,36.41,3.65,31.84,41.33
2019-02-17,Assam,22.8,84.76,46.91,11.83,3523.67,100.0,21.88,26.53,12.17,29.07
2019-02-18,Arunachal Pradesh,59.48,148.43,74.5,32.18,616.76,100.0,49.2,49.9,26.34,30.63
2019-02-19,Meghalaya,141.38,276.66,100.0,26.05,2308.63,100.0,27.97,55.72,18.58,51.11
2019-02-20,Mizoram,58.4,150.57,66.99,36.43,2106.67,100.0,37.68,33.29,12.5,27.62
2019-02-21,Assam,85.98,184.19,63.44,37.85,1091.68,100.0,4.65,35.29,28.92,45.61
2019-02-22,Manipur,21.52,64.91,64.6,10.52,160.61,100.0,23.14,25.08,27.46,31.54
2019-02-23,Assam,71.09,147.7,96.73,8.97,636.71,100.0,3.22,16.8,26.01,30.3
2019-02-24,Nagaland,90.69,159.97,88.85,41.3,3873.41,100.0,6.09,47.5,34.12,57.71
2019-02-25,Manipur,114.71,226.7,100.0,47.7,3768.15,100.0,25.31,72.13,10.59,60.2
2019-02-26,Mizoram,31.11,26.5,35.98,56.07,521.24,100.0,17.62,28.03,20.87,27.16
2019-02-27,Tripura,76.3,177.07,90.89,68.17,1530.7,100.0,22.99,89.37,24.07,50.15
2019-02-28,Arunachal Pradesh,96.83,191.29,97.58,35.21,1887.25,100.0,24.81,19.55,18.94,39.52
2019-03-01,Manipur,75.69,197.2,72.13,18.62,1938.38,100.0,7.99,30.05,26.74,36.56
2019-03-02,Meghalaya,55.57,121.2,51.86,52.02,1230.34,100.0,18.29,48.21,32.48,38.01
2019-03-03,Arunachal Pradesh,34.49,125.83,50.75,52.34,3656.16,100.0,43.03,22.0,27.42,30.39
2019-03-04,Meghalaya,84.32,198.56,78.35,36.31,3638.54,93.33,42.83,51.19,24.23,52.62
2019-03-05,Nagaland,97.12,190.12,55.44,11.68,124.77,100.0,24.53,43.22,28.45,39.49
2019-03-06,Tripura,121.61,246.53,100.0,21.23,2617.51,100.0,37.46,19.92,12.74,39.48
2019-03-07,Assam,39.94,56.2,31.98,34.75,343.73,100.0,37.68,19.03,25.75,26.85
2019-03-08,Meghalaya,121.63,286.1,100.0,21.21,2410.12,100.0,2.21,35.85,20.18,53.54
2019-03-09,Assam,22.27,61.59,18.37,16.58,3474.23,100.0,30.54,0.0,17.97,25.37
2019-03-10,Tripura,32.53,91.66,89.01,38.73,2615.65,100.0,40.23,43.37,22.68,30.51
2019-03-11,Assam,125.65,196.37,98.02,35.8,1902.26,100.0,29.7,43.21,30.12,46.94
2019-03-12,Arunachal Pradesh,70.83,125.51,41.2,44.9,3833.69,96.23,27.08,26.62,20.31,31.85
2019-03-13,Meghalaya,111.81,283.45,100.0,67.83,2999.06,95.05,26.56,66.41,27.56,63.86
2019-03-14,Meghalaya,162.22,298.84,96.14,40.11,1034.77,100.0,25.4,59.35,24.72,56.45
2019-03-15,Assam,121.55,220.46,86.42,21.69,1578.4,100.0,38.92,0.0,32.9,36.03
2019-03-16,Tripura,42.75,102.03,69.94,25.74,3051.51,100.0,32.12,31.92,21.12,51.37
2019-03-17,Tripura,78.78,168.25,61.64,44.71,126.29,100.0,10.78,33.61,30.5,34.43
2019-03-18,Tripura,214.89,401.23,100.0,33.15,302.66,100.0,21.67,32.02,31.05,57.69
2019-03-19,Meghalaya,37.38,113.83,35.62,33.74,3444.72,100.0,26.43,51.89,21.6,38.86
2019-03-20,Mizoram,139.15,267.33,94.71,22.08,219.64,100.0,20.95,31.99,22.21,46.1
2019-03-21,Tripura,77.93,129.97,35.11,45.23,2730.13,100.0,11.88,78.75,18.34,42.38
2019-03-22,Nagaland,202.31,341.71,100.0,38.62,1309.68,100.0,6.24,64.57,22.39,66.6
2019-03-23,Tripura,78.3,173.71,52.77,15.79,3312.27,100.0,5.87,35.54,16.23,42.17
2019-03-24,Mizoram,71.95,156.68,75.75,14.0,3397.02,100.0,14.81,43.22,31.46,40.69
2019-03-25,Arunachal Pradesh,92.92,172.74,86.98,44.01,3815.69,100.0,20.13,85.01,16.25,48.3
2019-03-26,Arunachal Pradesh,148.12,251.88,100.0,33.08,427.42,100.0,34.14,39.77,16.44,48.11
2019-03-27,Manipur,74.35,178.95,100.0,21.97,1720.25,100.0,49.25,62.84,32.39,46.78
2019-03-28,Mizoram,62.24,161.76,93.26,47.7,2317.14,100.0,44.87,42.29,23.3,43.32
2019-03-29,Nagaland,150.22,314.9,100.0,13.88,3668.42,100.0,40.68,42.01,12.63,55.26
2019-03-30,Tripura,67.23,158.68,88.47,8.46,1102.73,100.0,40.69,27.68,18.64,35.46
2019-03-31,Tripura,108.9,130.29,70.2,7.87,332.93,100.0,29.8,22.76,27.63,26.37
2019-04-01,Meghalaya,38.25,201.71,85.76,33.22,846.97,100.0,12.64,40.61,20.15,41.47
2019-04-02,Sikkim,48.87,122.95,55.29,63.76,2007.53,100.0,23.6,24.64,20.58,38.99
2019-04-03,Tripura,113.0,203.1,100.0,13.42,2740.15,100.0,7.13,35.59,22.47,38.16
2019-04-04,Nagaland,42.72,111.75,50.31,35.76,2778.16,100.0,28.32,32.48,15.56,29.08
2019-04-05,Manipur,30.53,79.95,39.93,20.98,344.92,100.0,1.15,50.1,20.6,26.54
2019-04-06,Nagaland,93.89,158.08,77.73,21.72,3057.57,100.0,9.47,35.17,15.38,38.81
2019-04-07,Meghalaya,209.42,388.72,90.86,48.41,2657.95,100.0,35.61,37.62,18.77,67.1
2019-04-08,Tripura,51.46,121.25,66.01,36.26,1659.8,100.0,13.84,32.05,23.31,33.34
2019-04-09,Meghalaya,99.77,196.08,100.0,21.97,2305.79,100.0,21.0,51.53,27.34,56.81
2019-04-10,Manipur,114.83,122.14,70.65,3.53,3082.57,100.0,41.6,0.0,25.85,28.5
2019-04-11,Meghalaya,49.49,115.18,63.51,22.72,1085.27,100.0,2.23,0.0,24.39,33.57
2019-04-12,Meghalaya,34.9,59.29,39.26,9.89,3763.13,100.0,1.14,30.84,24.89,23.27
2019-04-13,Assam,48.11,101.26,37.72,12.11,594.18,100.0,11.45,45.02,22.77,28.82
2019-04-14,Mizoram,61.61,151.86,83.33,19.13,3613.78,100.0,34.22,48.82,25.37,37.14
2019-04-15,Tripura,117.87,202.27,80.87,19.16,2976.39,100.0,11.81,60.21,19.39,60.47
2019-04-16,Manipur,34.92,83.36,66.04,57.94,2659.05,100.0,43.18,26.9,32.49,33.97
2019-04-17,Assam,162.93,298.26,66.77,32.94,377.49,100.0,17.59,61.44,24.76,50.26
2019-04-18,Mizoram,70.3,135.19,78.02,31.55,3680.07,100.0,14.18,46.62,33.41,46.66
2019-04-19,Mizoram,74.1,118.94,93.57,57.59,1216.55,100.0,11.65,73.44,20.11,46.2
2019-04-20,Tripura,78.84,99.4,80.0,41.79,2995.17,100.0,28.7,60.69,19.86,50.25
2019-04-21,Mizoram,81.28,185.38,81.53,32.22,3544.97,100.0,42.82,58.98,34.13,58.63
2019-04-22,Manipur,111.77,197.0,63.73,52.27,1014.92,100.0,20.3,43.69,28.23,42.44
2019-04-23,Nagaland,81.04,104.94,62.82,45.16,3662.67,100.0,12.63,6.59,22.97,41.07
2019-04-24,Mizoram,140.08,309.95,100.0,50.02,2467.17,100.0,21.04,24.99,27.96,58.8
2019-04-25,Tripura,95.86,207.31,74.03,33.79,2653.18,100.0,45.24,58.4,19.92,39.45
2019-04-26,Meghalaya,64.56,99.32,53.57,30.56,3662.33,100.0,16.73,51.95,28.97,33.32
2019-04-27,Nagaland,83.28,146.73,100.0,21.18,2130.6,100.0,32.79,20.66,15.24,27.93
2019-04-28,Manipur,53.43,172.01,59.92,38.07,1790.56,100.0,16.49,59.71,33.77,39.74
2019-04-29,Nagaland,87.73,174.58,68.48,29.24,2551.27,100.0,33.74,52.38,21.52,42.8
2019-04-30,Assam,36.06,87.35,65.89,23.76,2238.39,100.0,44.05,9.05,12.32,29.28
2019-05-01,Arunachal Pradesh,89.71,214.6,100.0,54.07,292.83,100.0,29.93,81.02,31.13,58.18
2019-05-02,Manipur,58.31,130.76,61.64,30.05,762.94,100.0,47.37,44.6,32.36,39.23
2019-05-03,Tripura,103.63,254.63,63.94,65.74,103.59,100.0,30.08,27.89,28.25,48.27
2019-05-04,Nagaland,51.98,111.45,30.24,18.37,477.24,100.0,48.74,21.16,25.74,20.64
2019-05-05,Meghalaya,119.4,206.28,100.0,10.31,2932.91,100.0,36.19,55.82,33.21,49.2
2019-05-06,Manipur,180.03,320.71,75.5,45.92,68.61,100.0,32.64,49.79,25.55,66.09
2019-05-07,Nagaland,93.01,228.11,86.76,37.43,1252.4,100.0,41.49,72.39,29.79,40.74
2019-05-08,Assam,98.38,207.55,58.82,33.13,1824.82,100.0,0.55,71.43,21.78,39.27
2019-05-09,Nagaland,42.7,118.19,51.81,9.04,3754.36,100.0,12.86,10.91,28.18,21.63
2019-05-10,Arunachal Pradesh,78.68,135.72,57.42,2.51,1341.68,100.0,10.8,3.81,34.97,20.34
2019-05-11,Manipur,57.48,98.05,30.28,18.89,3143.37,100.0,5.54,42.11,19.56,20.39
2019-05-12,Mizoram,108.96,252.07,100.0,31.46,1664.62,100.0,46.89,60.86,28.0,49.44
2019-05-13,Nagaland,76.01,206.86,87.83,54.21,439.04,100.0,6.55,69.19,13.72,43.11
2019-05-14,Sikkim,168.02,343.57,100.0,9.07,440.43,100.0,13.14,46.05,25.88,53.94
2019-05-15,Assam,163.82,327.38,96.85,35.61,1758.11,100.0,16.76,89.09,18.07,68.59
2019-05-16,Arunachal Pradesh,93.17,207.61,97.85,10.95,278.64,100.0,31.23,54.19,31.66,35.3
2019-05-17,Manipur,7.03,77.8,56.91,31.23,2307.9,100.0,38.37,24.6,18.99,25.83
2019-05-18,Sikkim,96.87,200.66,100.0,66.72,1999.92,100.0,30.23,77.45,21.13,59.73
2019-05-19,Mizoram,74.04,183.54,69.99,24.9,2825.01,100.0,37.45,43.67,34.51,46.0
2019-05-20,Sikkim,52.15,126.56,71.7,12.02,783.21,89.75,20.11,0.0,15.38,26.38
2019-05-21,Manipur,143.2,287.17,78.96,15.61,2392.07,100.0,49.79,16.26,24.12,39.76
2019-05-22,Nagaland,21.9,119.55,57.41,28.79,739.36,100.0,8.5,35.69,31.59,34.0
2019-05-23,Tripura,81.06,121.28,79.82,17.2,2902.82,100.0,19.99,19.36,17.87,31.78
2019-05-24,Sikkim,75.38,206.92,99.07,48.99,1263.28,100.0,41.61,34.43,10.38,44.13
2019-05-25,Sikkim,17.37,73.74,82.37,40.7,2476.94,100.0,12.34,29.53,32.41,38.92
2019-05-26,Meghalaya,99.61,257.74,98.22,62.3,3536.58,100.0,37.54,78.15,25.49,63.48
2019-05-27,Nagaland,72.0,208.82,100.0,21.13,1978.52,100.0,18.21,47.46,15.76,39.01
2019-05-28,Meghalaya,113.67,179.27,85.21,48.41,809.55,100.0,8.88,51.83,16.91,52.49
2019-05-29,Assam,21.32,82.01,50.21,21.0,3550.19,100.0,20.17,0.0,29.99,20.32
2019-05-30,Sikkim,96.9,120.72,41.43,29.85,1466.39,100.0,39.24,0.0,26.05,25.54
2019-05-31,Tripura,122.14,217.76,80.08,6.03,2934.5,100.0,5.6,61.43,28.32,40.58
2019-06-01,Mizoram,129.68,258.76,74.57,18.28,1314.38,100.0,25.81,43.53,24.43,43.17
2019-06-02,Nagaland,16.06,107.97,77.41,52.37,1227.95,100.0,37.07,63.24,29.75,41.48
2019-06-03,Manipur,42.04,115.83,79.84,27.74,2586.01,100.0,37.58,38.07,30.53,33.99
2019-06-04,Mizoram,56.89,153.05,55.38,52.17,667.43,100.0,19.48,36.48,19.67,43.01
2019-06-05,Tripura,122.66,205.89,97.86,60.0,3474.55,100.0,23.32,52.55,32.52,60.41
2019-06-06,Meghalaya,88.93,182.63,58.82,43.27,1581.11,100.0,42.84,73.19,22.63,45.49
2019-06-07,Sikkim,61.91,119.26,85.52,64.77,126.15,100.0,10.42,66.03,14.0,51.23
2019-06-08,Arunachal Pradesh,173.8,322.0,100.0,35.63,1256.47,100.0,49.63,44.52,15.46,62.17
2019-06-09,Sikkim,27.41,146.71,76.22,25.96,3150.62,100.0,20.96,55.57,28.35,40.49
2019-06-10,Tripura,60.32,138.2,89.38,25.91,3444.47,100.0,13.77,21.55,19.43,45.68
2019-06-11,Assam,107.17,155.91,80.14,37.13,2293.13,100.0,0.13,52.09,16.56,51.88
2019-06-12,Nagaland,100.49,208.58,79.71,46.48,1211.73,100.0,6.25,21.2,25.12,46.06
2019-06-13,Arunachal Pradesh,107.28,239.14,100.0,30.68,2135.02,100.0,37.83,45.38,29.56,47.28
2019-06-14,Tripura,69.87,118.09,49.11,32.33,3353.68,100.0,32.46,43.06,12.73,42.65
2019-06-15,Assam,91.67,237.17,58.5,36.99,1298.35,100.0,12.33,40.89,21.23,46.24
2019-06-16,Manipur,17.57,52.51,67.69,48.1,1572.48,100.0,46.35,54.78,29.29,32.46
2019-06-17,Sikkim,47.04,90.15,38.34,16.09,2181.79,100.0,41.78,3.03,32.59,18.52
2019-06-18,Meghalaya,53.85,59.56,65.74,11.02,3554.2,100.0,13.46,36.53,10.34,31.01
2019-06-19,Assam,94.7,202.8,82.68,47.32,2349.49,100.0,16.5,60.53,26.4,56.2
2019-06-20,Mizoram,36.24,177.0,75.18,17.08,870.08,100.0,9.24,20.75,24.93,26.25
2019-06-21,Meghalaya,112.79,233.85,72.6,11.35,401.96,100.0,32.13,6.26,22.94,30.98
2019-06-22,Tripura,64.6,117.54,56.75,23.5,425.31,100.0,35.06,65.1,14.0,32.47
2019-06-23,Sikkim,101.17,222.29,84.66,26.11,3803.49,86.06,19.79,44.7,28.54,49.97
2019-06-24,Assam,46.59,151.9,73.36,56.88,3298.53,100.0,36.86,42.71,19.82,32.56
2019-06-25,Mizoram,71.3,203.38,67.13,43.49,3075.13,100.0,49.58,44.24,15.87,40.3
2019-06-26,Tripura,69.0,104.1,71.98,54.91,2010.64,100.0,30.6,28.26,31.25,39.56
2019-06-27,Mizoram,64.81,209.34,93.98,30.69,2706.53,100.0,32.46,59.32,17.68,41.69
2019-06-28,Nagaland,163.85,304.31,100.0,27.26,552.95,100.0,18.69,56.62,14.96,56.85
2019-06-29,Nagaland,106.31,279.59,89.34,29.59,2502.54,100.0,0.53,24.69,17.8,41.92
2019-06-30,Assam,79.52,175.5,87.99,16.17,3252.58,100.0,47.7,36.67,14.53,40.49
2019-07-01,Mizoram,81.37,195.13,88.34,18.94,295.45,100.0,38.62,12.65,29.43,27.15
2019-07-02,Arunachal Pradesh,62.61,105.97,31.88,26.19,1219.79,100.0,34.78,49.52,14.55,26.7
2019-07-03,Mizoram,114.96,261.83,95.54,39.48,485.6,100.0,1.49,40.66,27.92,45.97
2019-07-04,Manipur,32.12,55.11,80.02,49.52,1077.9,100.0,37.95,63.56,14.06,37.05
2019-07-05,Meghalaya,155.4,293.86,100.0,57.17,3101.47,100.0,33.5,97.46,15.66,68.11
2019-07-06,Assam,49.85,107.55,78.81,27.97,1361.59,100.0,28.45,26.97,18.56,35.32
2019-07-07,Assam,43.58,111.85,51.85,12.03,2774.25,100.0,31.18,11.71,33.75,23.71
2019-07-08,Nagaland,133.91,294.28,100.0,54.22,3104.54,100.0,45.92,36.94,32.85,60.81
2019-07-09,Manipur,19.07,64.4,50.13,19.3,3275.72,100.0,0.33,0.0,12.13,29.55
2019-07-10,Mizoram,174.36,355.76,100.0,34.54,3499.83,100.0,7.85,32.84,18.4,53.57
2019-07-11,Nagaland,62.05,126.79,57.64,15.13,2410.66,100.0,44.74,19.42,18.66,29.12
2019-07-12,Tripura,140.13,265.44,74.56,46.54,1158.53,100.0,0.41,11.77,15.29,43.43
2019-07-13,Mizoram,106.75,296.12,100.0,29.14,644.71,100.0,45.18,68.93,20.89,51.73
2019-07-14,Tripura,86.83,185.12,65.31,36.41,2039.65,100.0,1.48,56.23,28.7,33.76
2019-07-15,Assam,150.79,273.15,100.0,31.59,459.05,100.0,38.97,62.68,12.48,46.29
2019-07-16,Meghalaya,61.13,147.29,69.0,7.93,3647.36,100.0,44.55,52.13,26.79,34.88
2019-07-17,Meghalaya,121.02,218.31,54.76,1.72,1797.8,100.0,30.63,9.38,16.52,30.61
2019-07-18,Meghalaya,99.49,159.18,92.56,46.97,3498.29,100.0,32.07,27.26,26.06,54.92
2019-07-19,Assam,80.24,252.73,97.08,21.51,2851.62,100.0,2.53,68.61,27.05,54.62
2019-07-20,Nagaland,59.25,122.62,57.65,43.03,3436.01,100.0,10.54,32.46,28.2,42.06
2019-07-21,Sikkim,11.77,6.76,36.31,26.24,3541.63,100.0,44.97,31.65,31.54,27.09
2019-07-22,Mizoram,73.73,154.38,52.45,15.03,260.51,100.0,41.19,0.0,32.49,16.95
2019-07-23,Nagaland,123.71,249.84,89.03,50.86,2914.77,100.0,2.98,81.84,28.98,62.41
2019-07-24,Assam,68.92,145.07,79.23,73.58,944.86,97.74,40.65,68.37,22.03,46.82
2019-07-25,Tripura,91.77,185.71,100.0,29.18,3957.72,100.0,21.17,13.09,11.1,49.92
2019-07-26,Nagaland,36.49,98.18,58.31,44.32,3124.69,92.1,28.04,71.33,33.43,36.87
2019-07-27,Manipur,14.74,89.13,58.56,23.79,64.87,100.0,5.42,33.89,25.03,30.58
2019-07-28,Arunachal Pradesh,63.6,178.15,93.52,43.29,3713.29,100.0,19.93,88.12,23.36,56.39
2019-07-29,Manipur,122.41,225.91,67.8,18.75,1204.61,97.81,21.75,0.72,15.99,37.83
2019-07-30,Mizoram,86.84,283.85,98.95,31.76,1695.78,100.0,33.47,61.37,27.11,44.6
2019-07-31,Assam,42.88,155.96,59.85,24.3,2468.53,100.0,32.88,25.58,34.87,26.48
2019-08-01,Arunachal Pradesh,20.64,80.75,58.12,39.01,3669.42,100.0,27.44,31.58,18.25,39.87
2019-08-02,Nagaland,143.42,212.39,96.53,32.92,3712.94,100.0,1.57,50.67,29.99,60.09
2019-08-03,Sikkim,77.7,171.12,49.44,19.78,2275.71,100.0,8.08,0.97,17.28,26.63
2019-08-04,Meghalaya,87.73,214.15,99.5,36.65,1301.06,100.0,8.01,91.91,22.19,46.92
2019-08-05,Nagaland,115.67,256.37,96.67,22.89,1152.8,100.0,44.39,81.73,15.33,46.21
2019-08-06,Assam,5.45,0.0,42.1,21.5,1489.37,100.0,45.09,25.24,22.82,29.39
2019-08-07,Tripura,58.38,142.19,88.63,31.03,763.03,93.36,40.32,13.38,21.48,41.08
2019-08-08,Meghalaya,33.15,80.5,44.24,19.08,2695.84,100.0,8.74,21.83,10.97,29.26
2019-08-09,Nagaland,32.55,158.71,51.64,52.23,2134.82,100.0,42.01,56.64,19.55,36.5
2019-08-10,Assam,59.3,143.89,53.41,3.05,3105.19,100.0,9.38,12.25,11.57,34.6
2019-08-11,Arunachal Pradesh,76.97,74.08,62.81,25.92,421.74,100.0,27.73,47.57,21.27,34.16
2019-08-12,Arunachal Pradesh,119.04,243.29,81.23,36.83,1629.63,100.0,36.69,55.72,34.5,40.56
2019-08-13,Meghalaya,122.53,155.8,58.06,45.35,997.46,100.0,2.58,46.79,17.32,34.54
2019-08-14,Nagaland,45.3,135.95,52.53,30.02,2163.99,100.0,29.9,54.21,22.89,42.35
2019-08-15,Arunachal Pradesh,98.39,301.07,100.0,49.67,1899.56,100.0,12.56,30.46,13.25,49.65
2019-08-16,Tripura,58.15,191.65,77.92,12.07,1825.78,100.0,24.89,19.36,13.85,24.64
2019-08-17,Nagaland,125.69,248.89,68.5,27.5,1296.83,100.0,19.2,46.39,18.89,52.65
2019-08-18,Arunachal Pradesh,118.67,201.63,59.54,27.73,2921.04,100.0,34.33,29.04,22.24,49.26
2019-08-19,Assam,33.36,151.0,62.3,30.48,1952.19,100.0,24.46,11.97,27.54,33.73
2019-08-20,Meghalaya,87.67,206.94,95.16,45.24,848.86,100.0,15.08,29.97,21.42,35.92
2019-08-21,Meghalaya,34.13,90.52,51.71,4.67,2212.42,100.0,45.52,21.29,10.61,16.33
2019-08-22,Tripura,82.44,152.11,48.27,59.8,2406.86,100.0,47.95,60.32,16.77,42.49
2019-08-23,Mizoram,233.4,363.83,100.0,48.65,134.45,89.64,40.1,100.0,10.62,79.07
2019-08-24,Arunachal Pradesh,49.73,139.59,68.49,11.29,854.93,100.0,29.04,51.19,32.95,33.68
2019-08-25,Arunachal Pradesh,83.01,157.84,49.29,6.59,1007.5,100.0,44.22,7.0,10.73,20.65
2019-08-26,Mizoram,82.02,179.75,57.68,68.76,1029.9,100.0,30.08,87.08,11.24,56.03
2019-08-27,Nagaland,57.77,173.76,85.91,43.61,993.44,100.0,7.44,50.2,17.46,42.72
2019-08-28,Meghalaya,113.63,202.78,62.1,17.57,1122.98,100.0,0.87,36.08,25.81,32.11
2019-08-29,Sikkim,212.73,394.9,100.0,22.98,1087.77,100.0,36.3,47.38,18.95,61.87
2019-08-30,Meghalaya,65.39,196.98,56.2,14.97,3542.07,100.0,37.62,5.43,11.54,38.65
2019-08-31,Meghalaya,57.75,152.44,47.85,40.04,1312.61,100.0,46.29,45.45,30.91,30.9
2019-09-01,Assam,158.68,316.0,100.0,56.06,1431.56,100.0,41.21,43.83,27.51,57.31
2019-09-02,Manipur,77.87,182.91,65.26,54.96,1101.4,100.0,31.98,49.91,19.91,41.09
2019-09-03,Sikkim,91.43,187.79,69.54,24.06,3871.92,100.0,9.52,63.98,26.92,42.66
2019-09-04,Nagaland,29.24,127.35,67.74,44.57,2165.19,100.0,29.7,65.61,16.86,39.95
2019-09-05,Sikkim,56.51,199.13,71.36,39.12,2461.66,100.0,21.73,44.58,23.2,42.34
2019-09-06,Tripura,19.7,113.76,48.53,50.34,2955.17,100.0,11.61,66.56,32.01,39.86
2019-09-07,Sikkim,56.55,127.08,72.77,34.28,1368.17,100.0,39.96,45.26,12.69,32.77
2019-09-08,Mizoram,53.83,124.04,67.52,40.67,3876.68,100.0,7.48,72.76,31.17,49.83
2019-09-09,Meghalaya,82.23,168.14,74.28,42.13,651.69,100.0,31.52,24.25,29.71,28.59
2019-09-10,Arunachal Pradesh,129.81,282.61,96.25,26.87,1858.37,100.0,30.54,49.23,33.73,45.96
2019-09-11,Arunachal Pradesh,103.31,183.91,64.75,36.99,624.49,100.0,15.18,37.21,22.84,37.58
2019-09-12,Nagaland,16.17,33.29,31.5,57.36,3171.98,100.0,21.46,50.1,16.87,30.02
2019-09-13,Assam,41.76,131.39,61.11,25.15,473.9,100.0,5.83,42.59,18.83,31.85
2019-09-14,Manipur,54.78,133.04,54.83,51.32,2237.9,100.0,1.28,48.75,26.0,43.56
2019-09-15,Mizoram,74.04,220.31,83.87,7.35,463.98,100.0,0.65,80.46,13.52,37.92
2019-09-16,Tripura,14.67,0.0,34.13,63.63,1838.01,100.0,8.72,18.65,18.79,27.34
2019-09-17,Meghalaya,137.49,264.56,93.18,30.17,1157.22,100.0,43.35,34.2,28.16,43.17
2019-09-18,Manipur,47.61,105.27,59.66,39.18,3618.02,100.0,26.13,59.43,24.34,45.58
2019-09-19,Mizoram,45.38,150.47,96.57,26.58,259.73,100.0,5.86,45.89,11.57,37.48
2019-09-20,Manipur,88.79,171.99,53.61,9.88,2617.25,100.0,45.27,14.93,22.42,24.55
2019-09-21,Tripura,20.49,57.7,48.73,26.94,2796.24,100.0,28.44,55.3,23.11,28.85
2019-09-22,Mizoram,26.05,126.51,48.69,52.92,3561.48,100.0,1.39,49.97,27.52,36.2
2019-09-23,Tripura,83.08,225.78,77.91,51.46,3517.03,100.0,38.14,59.48,10.27,49.98
2019-09-24,Tripura,80.56,166.93,61.13,54.93,3909.37,100.0,23.67,42.24,20.71,52.4
2019-09-25,Arunachal Pradesh,128.65,239.84,97.55,46.49,1052.94,100.0,26.64,66.07,32.17,63.15
2019-09-26,Assam,20.02,130.86,44.06,58.33,1135.56,100.0,30.66,28.57,10.63,34.89
2019-09-27,Meghalaya,155.92,330.23,100.0,23.54,1619.31,100.0,4.72,38.85,26.81,51.31
2019-09-28,Arunachal Pradesh,76.82,206.49,89.24,47.36,2173.43,100.0,47.39,71.85,15.58,50.47
2019-09-29,Arunachal Pradesh,57.28,119.82,94.79,24.86,1500.21,100.0,12.77,0.0,19.69,36.38
2019-09-30,Tripura,68.51,126.43,92.33,15.01,2974.17,100.0,31.09,18.18,32.1,35.12
2019-10-01,Arunachal Pradesh,172.17,373.72,100.0,42.87,83.75,100.0,42.78,80.13,19.06,65.36
2019-10-02,Sikkim,75.33,187.38,96.03,26.15,119.73,100.0,16.6,70.72,23.64,47.83
2019-10-03,Arunachal Pradesh,104.29,176.78,70.49,57.42,2878.42,85.77,31.38,59.52,12.24,42.3
2019-10-04,Mizoram,29.07,89.36,62.44,23.16,3538.33,100.0,49.44,46.95,18.12,35.24
2019-10-05,Sikkim,54.63,135.34,92.87,51.34,3117.36,74.9,42.59,61.75,13.54,54.87
2019-10-06,Assam,123.6,231.18,74.86,22.14,512.51,100.0,38.96,30.21,24.04,47.02
2019-10-07,Mizoram,43.85,104.09,61.66,23.81,3743.15,100.0,21.97,24.45,21.49,33.29
2019-10-08,Sikkim,127.5,290.47,68.88,55.47,2111.55,100.0,22.56,68.74,16.61,68.11
2019-10-09,Sikkim,62.16,164.38,86.19,45.41,2982.07,100.0,24.28,88.81,34.99,48.62
2019-10-10,Assam,181.53,412.42,100.0,34.28,844.13,100.0,34.52,76.07,13.83,54.95
2019-10-11,Assam,170.97,357.87,100.0,60.35,2217.74,100.0,7.22,73.32,30.64,62.31
2019-10-12,Manipur,110.92,221.83,100.0,41.41,1353.74,100.0,43.05,26.13,10.89,48.72
2019-10-13,Sikkim,30.27,152.09,87.55,33.43,3900.31,100.0,0.9,33.9,31.17,45.31
2019-10-14,Tripura,14.58,85.99,46.6,27.47,1923.07,100.0,8.5,24.64,21.92,23.84
2019-10-15,Meghalaya,25.84,185.49,81.96,34.73,3034.53,100.0,24.09,59.08,30.7,52.33
2019-10-16,Sikkim,44.26,103.79,68.17,17.9,2432.77,100.0,12.61,17.47,28.68,24.73
2019-10-17,Mizoram,134.54,269.93,76.49,41.3,422.48,100.0,18.28,59.36,24.32,34.0
2019-10-18,Nagaland,39.16,84.71,78.61,21.94,2194.56,100.0,16.63,33.19,19.29,43.44
2019-10-19,Tripura,96.85,180.03,68.43,42.41,2183.85,100.0,13.45,53.07,26.64,40.22
2019-10-20,Manipur,62.05,129.42,62.63,10.99,2877.05,100.0,19.01,15.55,30.81,25.72
2019-10-21,Assam,99.15,248.18,85.68,20.61,1321.54,100.0,25.26,34.47,22.58,45.61
2019-10-22,Nagaland,72.67,167.33,74.03,33.07,3449.58,100.0,23.82,49.69,20.37,42.25
2019-10-23,Arunachal Pradesh,57.42,37.78,91.5,67.01,2509.28,92.39,40.6,35.29,13.57,45.54
2019-10-24,Manipur,16.64,78.71,46.64,29.71,205.4,100.0,15.41,0.0,32.41,20.93
2019-10-25,Sikkim,67.08,111.67,39.15,48.7,2842.0,100.0,14.1,49.3,16.68,35.4
2019-10-26,Sikkim,90.71,168.43,76.14,35.79,3632.52,100.0,25.22,5.59,13.09,45.79
2019-10-27,Assam,66.54,195.83,66.22,44.29,2748.43,100.0,2.4,48.53,11.66,43.14
2019-10-28,Sikkim,30.37,41.81,42.23,34.75,1550.99,100.0,5.59,10.16,28.77,31.28
2019-10-29,Assam,51.56,78.21,64.94,50.17,2383.06,100.0,40.15,37.19,26.87,38.87
2019-10-30,Tripura,165.61,231.99,70.09,28.52,727.02,100.0,24.69,81.59,13.01,46.19
2019-10-31,Mizoram,86.09,163.63,67.27,34.5,2424.96,100.0,3.33,55.8,23.25,41.39
2019-11-01,Assam,70.16,87.66,61.93,8.79,2028.92,100.0,22.02,11.48,13.82,27.62
2019-11-02,Manipur,32.78,34.94,35.31,11.12,153.32,100.0,19.91,0.0,19.59,12.47
2019-11-03,Nagaland,117.09,216.45,82.7,20.7,1321.47,100.0,12.31,4.07,29.57,42.45
2019-11-04,Assam,121.77,245.2,93.43,35.22,805.43,100.0,18.61,24.87,15.7,49.44
2019-11-05,Meghalaya,141.26,225.45,83.35,49.88,1593.08,100.0,9.42,39.03,10.69,46.8
2019-11-06,Meghalaya,75.3,177.4,77.83,40.19,1005.24,100.0,22.45,23.18,14.83,43.51
2019-11-07,Mizoram,191.74,342.04,100.0,29.75,3345.28,100.0,20.43,67.13,20.01,67.03
2019-11-08,Meghalaya,119.28,250.53,80.01,61.01,2805.85,100.0,30.38,63.43,16.04,56.04
2019-11-09,Assam,55.93,92.28,36.43,32.35,2973.45,100.0,47.11,66.74,28.06,28.68
2019-11-10,Manipur,42.13,192.55,62.98,71.31,1475.43,95.96,9.27,43.29,29.73,49.08
2019-11-11,Manipur,62.36,97.97,41.62,7.32,63.61,100.0,20.87,16.04,16.01,19.2
2019-11-12,Meghalaya,70.52,130.76,84.64,14.69,915.66,100.0,28.11,0.0,16.72,21.87
2019-11-13,Tripura,47.54,141.91,42.34,13.21,3033.43,100.0,27.35,31.6,24.0,27.24
2019-11-14,Arunachal Pradesh,139.12,263.39,100.0,29.2,2431.21,100.0,33.07,12.54,28.81,52.14
2019-11-15,Mizoram,42.74,147.98,59.33,42.04,2177.38,100.0,13.4,22.8,33.98,32.75
2019-11-16,Tripura,88.39,170.19,89.57,61.66,1158.05,100.0,31.73,56.09,17.51,44.09
2019-11-17,Assam,127.82,192.66,72.2,20.37,349.18,100.0,10.06,0.0,32.78,35.5
2019-11-18,Meghalaya,65.61,87.42,57.95,4.11,3150.22,100.0,6.27,6.46,14.54,27.53
2019-11-19,Arunachal Pradesh,81.93,244.07,96.58,47.1,202.69,100.0,41.58,47.37,11.03,51.62
2019-11-20,Meghalaya,149.1,261.52,100.0,32.08,283.59,100.0,23.69,68.75,29.81,60.98
2019-11-21,Sikkim,18.57,71.16,45.68,4.57,1214.99,100.0,19.86,29.88,21.97,15.75
2019-11-22,Meghalaya,45.26,189.94,68.74,6.79,2313.09,100.0,46.43,31.04,11.92,28.77
2019-11-23,Meghalaya,135.11,232.98,94.27,55.01,3969.29,100.0,35.49,44.64,11.78,58.78
2019-11-24,Assam,10.3,66.41,29.48,49.55,408.03,100.0,33.86,35.43,10.34,25.63
2019-11-25,Mizoram,125.75,197.32,53.7,24.56,1919.02,100.0,9.71,55.22,17.66,34.42
2019-11-26,Arunachal Pradesh,209.64,311.97,100.0,25.02,2426.93,100.0,10.46,59.27,28.38,60.47
2019-11-27,Mizoram,15.4,148.69,79.78,27.24,3301.27,100.0,24.16,65.72,26.63,47.1
2019-11-28,Tripura,41.33,188.14,82.63,50.2,2773.97,100.0,32.62,52.94,34.99,42.19
2019-11-29,Mizoram,144.76,307.98,100.0,21.38,3240.58,100.0,19.76,55.11,24.85,53.48
2019-11-30,Sikkim,51.93,167.39,65.4,51.1,2113.75,100.0,3.21,28.74,12.76,56.79
2019-12-01,Nagaland,60.99,171.66,98.14,22.36,1764.18,100.0,34.15,32.55,34.46,42.96
2019-12-02,Manipur,111.63,187.87,100.0,28.7,2493.98,100.0,38.69,45.7,27.32,44.27
2019-12-03,Arunachal Pradesh,73.46,171.83,75.98,35.95,3608.44,100.0,47.22,42.74,19.35,37.3
2019-12-04,Assam,45.28,97.77,49.3,35.6,2225.85,100.0,20.44,72.17,16.17,33.85
2019-12-05,Assam,64.47,43.11,33.48,14.68,2442.09,100.0,12.9,0.0,15.55,14.1
2019-12-06,Manipur,25.41,132.88,73.04,7.83,1385.01,99.7,46.29,19.51,33.91,22.38
2019-12-07,Tripura,14.47,93.89,40.35,14.81,2404.68,100.0,35.76,58.24,20.49,31.19
2019-12-08,Nagaland,85.56,125.65,47.05,35.79,2529.67,100.0,3.2,54.3,22.17,44.06
2019-12-09,Nagaland,58.22,122.92,57.32,6.69,3026.03,100.0,29.0,29.03,30.92,26.55
2019-12-10,Nagaland,19.35,121.12,71.83,17.72,2310.1,100.0,1.43,5.19,34.1,31.5
2019-12-11,Nagaland,44.47,121.98,86.43,29.93,830.32,100.0,11.33,40.6,10.11,40.22
2019-12-12,Assam,36.02,36.08,50.98,37.51,2348.61,100.0,3.55,27.59,34.76,34.13
2019-12-13,Assam,129.5,195.72,86.59,7.89,1226.59,100.0,10.24,55.09,11.89,44.72
2019-12-14,Manipur,26.28,163.71,87.48,6.06,394.93,100.0,24.5,31.3,30.92,25.02
2019-12-15,Meghalaya,118.68,230.65,99.47,7.19,3310.46,100.0,14.94,67.91,33.76,51.36
2019-12-16,Tripura,58.89,180.68,67.86,23.57,310.98,100.0,4.4,79.35,24.03,37.0
2019-12-17,Mizoram,72.15,231.75,99.42,10.82,2545.23,100.0,24.1,44.81,23.79,41.28
2019-12-18,Mizoram,97.15,177.37,90.95,27.18,3954.55,100.0,35.42,49.28,26.73,50.47
2019-12-19,Sikkim,54.16,145.32,73.72,40.55,396.1,100.0,2.66,41.89,18.82,46.02
2019-12-20,Tripura,163.72,216.92,85.43,30.07,919.52,100.0,44.12,14.67,14.15,43.33
2019-12-21,Mizoram,59.17,114.47,71.88,8.96,3055.18,100.0,32.65,0.0,11.66,29.96
2019-12-22,Mizoram,77.2,188.83,85.19,57.58,432.73,100.0,25.97,76.05,32.03,48.76
2019-12-23,Manipur,28.99,85.8,29.22,14.5,3339.26,100.0,19.82,53.81,23.68,16.62
2019-12-24,Manipur,106.49,227.81,91.99,21.7,51.07,100.0,19.66,32.57,27.35,48.61
2019-12-25,Manipur,18.04,114.25,80.54,47.28,3565.29,100.0,16.78,39.09,18.3,43.5
2019-12-26,Assam,68.81,175.62,89.95,29.33,313.95,100.0,5.79,36.57,30.18,35.98
2019-12-27,Assam,58.56,151.07,75.87,57.26,3691.82,100.0,3.96,37.66,18.75,50.08
2019-12-28,Nagaland,56.84,142.89,70.8,51.16,3464.98,100.0,15.44,94.51,10.74,55.49
2019-12-29,Manipur,97.22,173.1,68.67,49.05,2181.27,100.0,33.35,44.41,18.42,42.64
2019-12-30,Tripura,131.93,210.95,80.47,48.56,3122.9,100.0,14.42,77.9,31.26,57.56
2019-12-31,Assam,4.2,110.53,73.02,31.36,345.76,100.0,40.61,0.0,31.9,26.88
2020-01-01,Manipur,86.27,211.1,87.99,51.99,583.83,100.0,19.01,81.37,33.37,46.72
2020-01-02,Assam,113.08,188.06,91.17,19.71,1508.69,100.0,31.56,80.39,22.49,43.98
2020-01-03,Tripura,31.83,100.31,52.27,29.56,2172.96,100.0,21.6,41.37,33.91,32.65
2020-01-04,Meghalaya,79.45,113.49,78.95,21.74,3479.45,100.0,24.89,46.75,22.48,40.78
2020-01-05,Sikkim,50.93,107.28,52.18,56.94,2193.59,100.0,12.51,68.97,13.85,43.7
2020-01-06,Arunachal Pradesh,137.1,277.08,98.46,63.29,2677.56,100.0,25.69,80.58,22.55,71.45
2020-01-07,Nagaland,51.76,138.04,59.18,15.75,2735.54,100.0,5.53,28.45,31.72,38.07
2020-01-08,Sikkim,92.23,192.97,77.12,45.08,3516.39,100.0,19.34,35.96,29.64,49.88
2020-01-09,Nagaland,79.68,134.18,97.34,21.79,3118.18,100.0,22.42,49.63,20.85,38.61
2020-01-10,Meghalaya,94.44,148.2,77.28,30.71,3909.27,100.0,35.2,16.04,15.31,44.3
2020-01-11,Arunachal Pradesh,103.1,242.64,91.91,63.36,129.05,100.0,20.01,79.63,24.53,52.03
2020-01-12,Manipur,81.94,240.66,100.0,14.83,870.92,100.0,33.27,21.18,33.28,34.83
2020-01-13,Assam,95.21,214.81,44.49,18.55,3725.26,100.0,8.73,18.52,14.44,34.07
2020-01-14,Nagaland,122.53,226.9,83.0,44.85,3179.27,100.0,1.26,13.97,30.68,47.47
2020-01-15,Arunachal Pradesh,98.62,246.93,81.89,54.57,1106.08,100.0,25.3,51.79,13.68,53.59
2020-01-16,Tripura,133.83,217.06,70.55,67.95,3898.27,94.16,23.69,87.03,32.99,65.3
2020-01-17,Mizoram,25.15,129.85,43.04,15.52,3486.03,100.0,33.49,43.84,27.33,22.39
2020-01-18,Nagaland,99.67,175.64,71.84,61.75,305.4,100.0,15.68,49.34,12.73,52.06
2020-01-19,Manipur,44.96,95.54,69.51,46.94,3254.67,100.0,1.49,25.82,15.06,40.31
2020-01-20,Manipur,122.85,220.96,81.99,20.51,3148.73,100.0,36.18,75.53,33.17,41.04
2020-01-21,Arunachal Pradesh,35.76,99.6,71.9,18.72,923.55,100.0,47.11,0.0,22.69,36.27
2020-01-22,Mizoram,145.12,304.27,100.0,30.48,2693.52,100.0,19.71,55.26,21.34,55.82
2020-01-23,Manipur,84.97,125.29,82.55,29.74,3882.39,100.0,30.56,15.17,11.46,37.88
2020-01-24,Mizoram,148.34,248.33,82.12,30.26,2719.68,100.0,27.23,53.11,12.1,48.38
2020-01-25,Manipur,165.23,306.23,73.16,25.12,3264.37,100.0,28.3,55.9,27.29,49.51
2020-01-26,Tripura,71.46,179.5,52.2,15.72,442.58,100.0,43.37,55.33,29.42,33.24
2020-01-27,Sikkim,67.91,83.67,49.27,16.34,2923.46,100.0,36.82,50.75,31.68,26.77
2020-01-28,Assam,95.96,162.33,59.26,24.75,858.78,100.0,38.49,0.0,22.57,31.34
2020-01-29,Tripura,78.93,98.45,50.83,31.99,333.82,100.0,4.5,20.66,18.21,26.77
2020-01-30,Arunachal Pradesh,79.5,141.27,85.33,34.36,2230.71,100.0,7.34,43.01,25.64,50.0
2020-01-31,Nagaland,124.7,219.56,61.39,25.79,3014.91,100.0,33.17,66.69,25.47,47.2
2020-02-01,Sikkim,130.34,265.62,100.0,20.85,2209.64,100.0,27.02,58.69,10.87,47.72
2020-02-02,Nagaland,29.54,2.67,28.45,23.71,3729.81,100.0,38.71,0.0,33.47,9.42
2020-02-03,Arunachal Pradesh,139.98,286.11,78.56,9.37,2797.88,100.0,4.65,47.58,26.06,41.92
2020-02-04,Meghalaya,8.48,42.34,46.39,32.72,514.42,100.0,28.32,47.01,10.16,21.41
2020-02-05,Meghalaya,47.97,108.33,84.15,21.91,3741.35,100.0,24.3,13.95,33.99,32.05
2020-02-06,Assam,94.75,230.98,75.51,9.6,653.91,100.0,42.73,23.32,33.82,42.16
2020-02-07,Assam,35.4,156.89,62.36,53.2,3045.11,97.44,9.36,41.04,33.65,44.26
2020-02-08,Manipur,89.26,157.69,63.53,35.14,636.75,75.66,17.44,29.19,32.22,38.71
2020-02-09,Tripura,127.73,215.12,100.0,39.06,3994.39,100.0,7.52,46.69,14.62,57.98
2020-02-10,Meghalaya,141.18,247.6,82.83,39.12,1362.14,100.0,22.59,54.08,34.43,57.21
2020-02-11,Manipur,76.93,138.72,74.44,59.73,2008.92,100.0,44.07,53.49,29.05,50.73
2020-02-12,Tripura,85.0,120.1,65.83,34.35,1894.01,100.0,33.52,48.36,26.02,43.8
2020-02-13,Mizoram,172.02,306.77,99.7,12.49,452.49,100.0,37.21,40.14,33.57,49.12
2020-02-14,Tripura,39.77,83.25,49.17,37.81,2001.36,100.0,4.67,16.39,19.53,35.2
2020-02-15,Manipur,86.49,183.65,100.0,6.31,640.55,100.0,22.6,12.65,33.28,21.29
2020-02-16,Mizoram,51.8,196.05,100.0,34.25,3217.82,100.0,41.93,56.73,25.14,50.75
2020-02-17,Meghalaya,102.05,198.85,66.52,17.65,3835.34,100.0,41.87,23.48,24.48,37.82
2020-02-18,Nagaland,205.57,328.13,89.55,23.04,3241.83,100.0,49.4,62.08,26.15,55.64
2020-02-19,Meghalaya,53.39,119.2,64.45,31.97,1752.7,100.0,26.3,47.45,28.85,38.18
2020-02-20,Nagaland,111.05,221.73,50.25,43.64,59.37,100.0,0.1,74.85,21.12,49.85
2020-02-21,Tripura,96.18,187.65,78.25,17.32,194.74,100.0,44.95,19.03,34.52,47.02
2020-02-22,Manipur,47.73,99.08,89.92,17.7,2005.39,100.0,47.81,12.05,12.21,32.22
2020-02-23,Manipur,175.02,246.25,80.27,52.27,2733.97,100.0,46.39,78.1,32.85,58.74
2020-02-24,Nagaland,103.35,230.37,100.0,36.18,3287.08,100.0,38.6,14.15,26.44,47.92
2020-02-25,Mizoram,58.7,102.33,82.51,26.68,2418.15,100.0,10.6,45.93,32.75,41.8
2020-02-26,Tripura,75.73,222.09,71.49,30.63,3914.34,100.0,6.95,68.65,19.22,35.8
2020-02-27,Mizoram,30.08,80.36,58.75,22.01,2000.42,100.0,35.04,0.0,30.72,26.41
2020-02-28,Tripura,113.17,199.1,85.13,13.0,2420.11,100.0,7.02,39.15,25.4,47.47
2020-02-29,Mizoram,114.1,202.29,91.39,32.93,958.9,100.0,47.67,36.74,30.78,43.83
2020-03-01,Nagaland,91.62,193.43,90.71,22.57,1391.66,100.0,22.29,70.49,18.13,44.35
2020-03-02,Sikkim,81.01,136.86,84.21,55.42,2748.37,100.0,1.54,85.52,32.93,47.15
2020-03-03,Sikkim,117.98,199.96,68.26,17.83,2426.48,100.0,7.53,87.53,33.11,42.88
2020-03-04,Nagaland,159.29,313.83,100.0,18.68,1510.11,100.0,14.52,80.52,21.87,52.92
2020-03-05,Assam,137.28,215.21,100.0,10.81,492.33,100.0,35.19,66.17,20.01,48.27
2020-03-06,Manipur,17.73,98.53,83.56,69.31,1403.33,100.0,36.86,100.0,24.38,52.88
2020-03-07,Sikkim,31.04,129.65,69.31,33.01,224.41,100.0,10.65,42.41,15.0,41.13
2020-03-08,Meghalaya,79.54,196.02,71.23,19.75,2344.03,100.0,32.43,52.1,22.41,41.43
2020-03-09,Mizoram,106.78,219.51,99.43,17.51,1325.91,100.0,1.59,72.35,32.42,39.96
2020-03-10,Arunachal Pradesh,104.98,135.31,75.11,4.05,1550.4,100.0,5.14,23.79,19.13,40.72
2020-03-11,Arunachal Pradesh,87.55,132.9,74.3,51.36,2321.6,100.0,26.75,33.92,28.4,39.46
2020-03-12,Sikkim,53.55,76.12,66.86,55.79,2346.09,100.0,35.19,33.36,25.58,40.15
2020-03-13,Nagaland,79.34,153.88,56.51,49.32,2373.96,100.0,45.72,43.89,16.53,38.02
2020-03-14,Assam,78.09,168.38,86.38,11.99,1991.79,100.0,21.89,32.06,23.29,36.18
2020-03-15,Manipur,55.24,85.21,59.36,20.69,1978.08,100.0,6.0,15.83,31.31,33.24
2020-03-16,Sikkim,8.3,55.54,68.23,15.51,3293.82,100.0,46.45,0.0,23.87,24.53
2020-03-17,Meghalaya,34.32,128.85,66.08,38.81,1896.84,100.0,21.87,67.51,27.42,35.3
2020-03-18,Nagaland,105.3,168.0,82.35,21.38,2167.32,100.0,24.87,83.44,29.38,49.67
2020-03-19,Meghalaya,63.78,112.93,69.45,32.73,3953.51,100.0,42.72,8.85,11.23,45.25
2020-03-20,Nagaland,63.13,191.93,70.2,20.06,765.15,100.0,29.29,14.85,11.28,32.85
2020-03-21,Sikkim,166.95,263.33,79.14,38.74,2919.36,100.0,15.07,42.52,12.87,52.41
2020-03-22,Mizoram,102.1,216.84,95.47,33.16,1919.09,100.0,27.04,23.31,14.08,50.38
2020-03-23,Assam,34.22,150.9,57.33,17.96,3330.64,100.0,31.24,25.35,30.29,25.79
2020-03-24,Sikkim,23.61,38.16,42.59,7.55,1645.93,100.0,44.49,17.49,20.89,17.69
2020-03-25,Mizoram,109.76,170.37,68.58,60.93,1246.81,100.0,11.74,67.94,14.63,50.14
2020-03-26,Tripura,42.57,104.6,66.43,57.64,870.76,100.0,27.97,42.43,23.3,48.33
2020-03-27,Mizoram,22.38,86.27,67.39,27.94,3495.34,100.0,46.02,62.35,29.08,35.04
2020-03-28,Manipur,76.72,139.41,44.53,28.98,2887.4,100.0,2.27,18.9,13.5,31.98
2020-03-29,Arunachal Pradesh,64.84,226.11,74.34,20.08,353.76,80.41,9.73,31.13,18.61,35.06
2020-03-30,Arunachal Pradesh,137.25,277.42,83.9,39.26,2868.29,100.0,17.32,100.0,14.86,47.35
2020-03-31,Arunachal Pradesh,98.53,165.62,69.7,25.67,188.31,100.0,33.92,44.32,26.16,36.4
2020-04-01,Arunachal Pradesh,87.83,127.11,35.54,39.38,767.42,100.0,42.09,51.71,13.42,36.8
2020-04-02,Tripura,27.06,88.07,74.62,15.78,2391.55,100.0,9.96,10.22,29.53,26.84
2020-04-03,Nagaland,162.16,310.79,100.0,15.57,1880.87,100.0,12.34,52.65,15.2,48.61
2020-04-04,Nagaland,130.92,320.0,100.0,25.07,3369.91,100.0,41.16,55.79,11.47,58.06
2020-04-05,Assam,206.6,362.93,100.0,36.8,2451.17,100.0,7.42,66.87,32.77,66.65
2020-04-06,Arunachal Pradesh,129.34,234.3,94.62,60.47,3861.65,100.0,13.06,70.72,18.33,73.2
2020-04-07,Arunachal Pradesh,75.85,124.72,72.54,42.71,3427.98,100.0,36.63,69.72,22.57,42.67
2020-04-08,Sikkim,53.06,144.4,68.65,40.53,1393.85,100.0,8.31,19.52,12.52,37.4
2020-04-09,Nagaland,117.43,266.81,94.93,36.78,3344.9,100.0,41.4,66.9,21.99,53.92
2020-04-10,Sikkim,129.42,172.63,87.19,25.8,3486.24,92.09,24.53,45.2,15.56,46.01
2020-04-11,Meghalaya,18.63,80.94,64.17,20.24,3880.41,100.0,22.38,42.1,31.01,35.65
2020-04-12,Tripura,75.54,122.51,90.43,28.1,99.62,100.0,6.76,55.75,27.84,40.9
2020-04-13,Manipur,17.71,22.27,46.56,13.72,3505.24,100.0,33.98,14.9,26.58,22.53
2020-04-14,Mizoram,77.98,234.73,96.71,42.34,326.09,100.0,44.2,50.52,29.53,47.18
2020-04-15,Assam,135.22,288.32,95.82,42.19,2136.06,100.0,34.61,72.77,17.34,62.36
2020-04-16,Nagaland,127.78,217.43,88.34,11.89,1687.92,100.0,15.84,21.49,21.34,49.7
2020-04-17,Nagaland,9.84,58.3,57.3,9.7,3683.53,100.0,34.94,17.64,12.16,19.39
2020-04-18,Mizoram,93.7,177.86,68.91,33.6,1650.35,100.0,25.5,46.75,11.69,41.75
2020-04-19,Manipur,26.36,44.52,39.21,17.09,2404.37,100.0,42.69,43.88,18.23,26.14
2020-04-20,Assam,39.07,86.98,67.01,17.89,2782.92,100.0,22.98,30.26,30.57,32.66
2020-04-21,Manipur,96.97,226.81,92.18,25.94,125.17,100.0,11.87,49.44,24.94,49.07
2020-04-22,Nagaland,71.82,135.1,89.03,21.39,2384.18,100.0,5.06,29.71,20.61,36.68
2020-04-23,Arunachal Pradesh,34.52,120.34,64.14,6.62,2096.07,100.0,14.05,31.32,34.17,27.06
2020-04-24,Sikkim,89.58,162.05,57.49,26.69,2396.33,100.0,28.18,43.18,21.05,43.05
2020-04-25,Arunachal Pradesh,91.89,140.46,68.27,57.02,349.19,100.0,8.5,39.58,21.72,42.76
2020-04-26,Nagaland,30.54,143.58,80.26,38.34,269.46,100.0,1.99,56.08,34.81,40.1
2020-04-27,Meghalaya,96.19,109.07,29.99,32.73,751.3,100.0,22.44,10.79,13.28,25.51
2020-04-28,Meghalaya,88.48,254.12,90.73,36.88,3484.53,100.0,17.37,55.8,16.39,62.48
2020-04-29,Meghalaya,130.91,286.29,100.0,55.75,1458.06,100.0,21.02,100.0,21.33,64.98
2020-04-30,Tripura,145.9,276.16,98.75,19.15,1764.43,100.0,22.71,18.31,24.28,54.38
2020-05-01,Arunachal Pradesh,76.97,147.62,64.15,53.79,1591.16,100.0,38.3,32.16,13.7,42.41
2020-05-02,Tripura,116.33,209.77,63.91,53.73,2871.76,100.0,48.05,81.84,18.22,56.45
2020-05-03,Sikkim,75.98,172.07,74.24,19.33,1074.93,100.0,13.11,53.16,15.51,40.03
2020-05-04,Arunachal Pradesh,69.76,162.03,54.04,20.1,320.15,100.0,47.12,16.5,31.25,33.18
2020-05-05,Sikkim,125.72,200.21,90.14,27.58,1543.79,100.0,11.42,19.84,30.87,49.39
2020-05-06,Mizoram,131.6,250.11,90.94,51.87,2924.95,100.0,37.75,16.18,16.0,51.96
2020-05-07,Manipur,86.56,190.19,100.0,36.65,3664.12,100.0,34.07,11.44,20.87,44.62
2020-05-08,Meghalaya,137.46,244.17,59.53,25.21,250.75,100.0,2.61,42.67,26.29,47.6
2020-05-09,Mizoram,85.05,267.14,88.33,33.53,3251.46,100.0,36.25,77.12,11.2,61.03
2020-05-10,Nagaland,37.97,101.6,71.32,24.58,311.41,100.0,45.06,53.67,32.09,29.58
2020-05-11,Tripura,82.69,103.5,77.84,51.41,1356.11,100.0,46.51,61.85,22.78,42.06
2020-05-12,Manipur,66.75,109.71,73.55,45.61,138.09,100.0,34.26,15.39,15.66,30.39
2020-05-13,Tripura,104.16,234.38,72.58,30.62,3650.59,100.0,39.33,76.58,19.92,52.36
2020-05-14,Manipur,60.29,111.54,55.09,15.46,2841.82,100.0,3.58,41.51,32.54,33.6
2020-05-15,Sikkim,100.49,160.99,38.66,60.48,1508.08,100.0,8.06,26.97,10.62,43.5
2020-05-16,Nagaland,80.14,226.02,85.89,42.71,1540.95,100.0,13.12,29.23,13.57,47.82
2020-05-17,Assam,107.12,217.47,100.0,30.63,2577.38,100.0,26.57,63.24,14.82,53.28
2020-05-18,Assam,73.0,135.45,67.2,26.95,404.11,100.0,19.31,54.5,11.5,37.63
2020-05-19,Manipur,4.47,0.0,48.65,32.1,622.94,100.0,32.86,18.16,15.63,24.34
2020-05-20,Assam,71.29,181.75,84.6,41.88,3396.54,100.0,22.28,39.2,30.43,50.28
2020-05-21,Assam,58.58,138.48,62.94,33.14,849.14,100.0,38.75,50.15,23.18,39.5
2020-05-22,Tripura,209.22,415.86,86.69,21.26,2920.33,100.0,35.68,65.82,25.14,61.91
2020-05-23,Tripura,151.09,232.85,100.0,5.98,941.92,100.0,37.36,48.48,13.9,45.99
2020-05-24,Sikkim,69.16,138.81,74.24,22.98,398.18,100.0,41.44,6.71,16.96,26.7
2020-05-25,Arunachal Pradesh,97.88,208.77,62.99,62.58,3605.13,100.0,41.71,61.86,32.94,49.98
2020-05-26,Mizoram,39.39,159.33,77.43,23.76,3611.61,100.0,38.98,44.97,15.26,42.95
2020-05-27,Tripura,59.92,150.22,73.05,5.22,2440.98,100.0,3.3,31.55,32.67,28.91
2020-05-28,Arunachal Pradesh,74.6,133.6,86.39,45.85,1875.03,100.0,31.16,46.99,26.58,39.32
2020-05-29,Nagaland,202.98,406.39,100.0,50.49,2233.4,100.0,0.99,61.04,22.57,73.81
2020-05-30,Tripura,33.16,87.25,64.58,18.54,1662.1,100.0,37.19,34.71,14.35,31.31
2020-05-31,Meghalaya,126.55,247.03,92.4,44.21,3040.84,100.0,3.05,21.45,26.84,54.51
2020-06-01,Meghalaya,113.63,250.48,78.55,38.36,3030.51,100.0,49.16,58.91,32.16,54.49
2020-06-02,Manipur,46.93,182.93,86.68,14.06,3284.97,100.0,30.7,64.73,13.99,31.39
2020-06-03,Sikkim,149.28,288.68,97.35,15.8,2115.56,100.0,9.1,51.03,10.15,54.02
2020-06-04,Mizoram,114.35,325.02,90.71,44.2,3215.3,100.0,23.41,46.23,28.5,54.92
2020-06-05,Mizoram,119.47,225.62,75.24,24.97,665.09,100.0,41.33,38.5,25.01,40.19
2020-06-06,Nagaland,100.33,212.24,65.41,57.95,169.03,98.25,9.0,43.8,22.58,52.84
2020-06-07,Sikkim,107.98,187.22,93.34,28.48,2609.81,100.0,26.84,47.0,21.4,52.66
2020-06-08,Arunachal Pradesh,54.53,144.7,98.62,53.69,466.63,100.0,0.18,51.79,22.44,44.42
2020-06-09,Manipur,127.27,252.79,100.0,25.14,2225.15,100.0,39.42,29.14,19.36,52.4
2020-06-10,Sikkim,136.94,297.24,100.0,46.11,2898.44,100.0,9.73,84.36,12.06,69.96
2020-06-11,Meghalaya,56.86,153.08,69.63,28.91,1657.99,100.0,19.36,33.48,29.39,36.35
2020-06-12,Arunachal Pradesh,122.65,212.89,78.21,38.58,223.3,100.0,26.51,59.22,21.7,48.34
2020-06-13,Nagaland,61.19,152.04,55.61,11.48,3554.17,100.0,7.24,62.06,30.62,38.07
2020-06-14,Arunachal Pradesh,84.97,150.56,99.31,24.81,220.82,100.0,46.33,12.91,34.56,32.69
2020-06-15,Meghalaya,47.79,143.67,53.22,32.3,3623.77,100.0,23.44,71.87,14.29,34.62
2020-06-16,Tripura,44.88,94.95,46.25,22.82,257.89,100.0,11.59,18.69,29.84,38.64
2020-06-17,Nagaland,66.0,93.08,55.68,33.33,2953.88,100.0,36.76,62.53,34.44,37.29
2020-06-18,Arunachal Pradesh,82.75,128.93,64.09,55.26,3703.14,100.0,44.71,74.43,28.11,40.44
2020-06-19,Arunachal Pradesh,41.47,65.2,62.07,2.02,3632.57,100.0,45.63,5.02,16.15,24.99
2020-06-20,Sikkim,102.84,183.14,66.53,12.08,3578.87,100.0,21.56,32.11,32.41,41.94
2020-06-21,Manipur,37.73,72.7,24.71,42.11,3538.16,100.0,17.97,0.79,29.83,18.7
2020-06-22,Arunachal Pradesh,91.95,187.04,73.94,19.62,2066.12,100.0,46.46,31.7,21.23,35.43
2020-06-23,Manipur,109.25,198.19,77.18,25.44,2252.88,100.0,2.64,22.69,24.31,47.05
2020-06-24,Sikkim,64.93,168.05,69.93,38.33,2497.88,100.0,37.53,31.18,28.05,43.06
2020-06-25,Sikkim,141.94,278.22,91.76,39.54,3589.0,100.0,8.88,58.87,13.11,57.52
2020-06-26,Arunachal Pradesh,84.19,163.33,67.41,37.64,3360.73,100.0,23.28,53.67,33.17,40.03
2020-06-27,Mizoram,84.15,225.91,65.32,12.86,3142.77,100.0,47.68,26.37,34.69,41.67
2020-06-28,Nagaland,115.11,185.61,99.05,33.02,2719.11,100.0,29.06,45.76,18.26,43.94
2020-06-29,Nagaland,101.49,242.49,100.0,58.67,2492.62,100.0,26.17,53.85,27.88,67.74
2020-06-30,Arunachal Pradesh,85.09,183.88,97.71,35.93,3693.74,100.0,3.09,55.33,20.53,54.28
2020-07-01,Arunachal Pradesh,25.52,72.5,36.72,14.26,810.94,100.0,13.87,19.72,10.69,16.45
2020-07-02,Manipur,95.08,237.79,93.62,24.63,811.26,100.0,0.15,24.18,33.97,42.29
2020-07-03,Tripura,16.86,97.57,53.17,7.93,3930.75,100.0,43.75,9.33,13.56,20.5
2020-07-04,Mizoram,48.42,79.61,48.76,55.72,2234.98,100.0,32.24,40.38,11.87,38.54
2020-07-05,Tripura,33.33,114.56,48.98,72.7,1959.33,100.0,5.9,70.52,30.93,45.58
2020-07-06,Sikkim,99.83,214.27,100.0,33.54,3409.85,100.0,18.17,78.49,10.85,58.35
2020-07-07,Manipur,61.16,182.03,72.67,23.65,3406.58,100.0,40.57,27.24,27.2,37.27
2020-07-08,Meghalaya,90.96,209.85,68.14,56.99,747.56,90.77,7.02,24.38,33.25,46.2
2020-07-09,Mizoram,36.41,130.89,68.25,33.19,735.61,100.0,11.51,64.75,20.15,35.91
2020-07-10,Sikkim,51.69,109.88,73.42,48.0,3191.3,100.0,27.07,56.27,11.71,48.15
2020-07-11,Arunachal Pradesh,37.47,97.82,57.44,26.56,3153.25,100.0,7.25,38.87,15.46,39.7
2020-07-12,Manipur,173.89,300.74,100.0,60.02,939.49,100.0,19.14,43.59,33.71,57.46
2020-07-13,Arunachal Pradesh,45.6,54.45,65.92,23.74,3373.97,100.0,49.11,25.79,21.63,35.36
2020-07-14,Arunachal Pradesh,49.27,175.37,60.76,32.02,1946.2,100.0,27.19,57.63,23.53,45.15
2020-07-15,Arunachal Pradesh,147.28,226.15,87.9,31.51,1906.46,100.0,35.08,20.11,13.9,44.91
2020-07-16,Sikkim,95.6,204.15,71.25,44.62,3943.49,100.0,33.16,71.07,32.95,50.42
2020-07-17,Sikkim,101.83,189.5,66.28,40.16,2100.9,100.0,10.59,57.31,22.93,45.85
2020-07-18,Mizoram,52.25,118.83,90.05,14.0,591.33,100.0,42.31,53.4,23.22,36.51
2020-07-19,Arunachal Pradesh,101.12,228.78,84.42,35.59,1156.62,100.0,6.1,66.62,24.4,46.77
2020-07-20,Meghalaya,59.84,108.55,45.78,36.31,1368.04,100.0,46.08,0.0,29.18,34.34
2020-07-21,Assam,99.54,217.57,81.84,34.67,3835.94,100.0,10.8,29.06,15.07,36.21
2020-07-22,Manipur,120.65,249.62,71.78,56.04,1092.95,100.0,47.74,76.61,33.56,53.47
2020-07-23,Meghalaya,70.96,125.41,61.82,11.87,1750.09,100.0,39.9,4.0,14.39,26.31
2020-07-24,Tripura,159.96,326.38,95.1,17.07,3011.06,100.0,8.55,35.62,14.94,50.61
2020-07-25,Arunachal Pradesh,110.52,270.48,100.0,50.33,1132.68,100.0,8.02,58.95,10.31,59.21
2020-07-26,Mizoram,74.4,242.59,100.0,47.31,2821.49,100.0,4.23,47.88,10.49,53.69
2020-07-27,Tripura,200.11,339.68,100.0,58.12,869.69,89.55,12.37,33.05,20.72,66.89
2020-07-28,Arunachal Pradesh,22.65,91.62,48.71,5.63,1007.94,100.0,32.96,30.86,14.57,23.13
2020-07-29,Sikkim,47.97,132.04,67.77,47.32,3946.01,100.0,26.02,42.37,15.3,52.04
2020-07-30,Tripura,106.99,237.11,100.0,54.86,1507.33,100.0,30.67,65.99,34.7,68.09
2020-07-31,Mizoram,91.02,256.48,99.04,39.17,2932.26,100.0,1.56,51.18,33.23,49.08
2020-08-01,Sikkim,7.87,81.28,54.14,37.56,3368.25,100.0,4.0,0.0,18.06,23.91
2020-08-02,Tripura,73.57,180.91,45.19,30.29,1420.07,100.0,34.6,30.27,18.58,32.38
2020-08-03,Manipur,113.77,176.87,74.59,24.08,1460.82,100.0,42.4,21.34,17.3,34.57
2020-08-04,Assam,80.14,252.15,100.0,42.25,3103.7,94.77,17.97,56.94,32.06,55.84
2020-08-05,Manipur,148.32,253.47,100.0,55.84,2447.66,100.0,8.32,76.53,12.46,63.63
2020-08-06,Nagaland,54.71,25.68,64.8,26.29,1478.92,100.0,15.42,17.86,24.6,33.07
2020-08-07,Meghalaya,166.24,208.33,71.55,16.73,3010.79,100.0,20.6,51.79,14.66,47.45
2020-08-08,Assam,66.2,162.3,66.41,53.21,3461.63,100.0,31.51,80.31,28.95,52.46
2020-08-09,Arunachal Pradesh,120.63,180.02,74.2,67.93,978.4,100.0,20.47,73.7,25.78,60.09
2020-08-10,Mizoram,54.8,134.35,77.51,2.2,146.21,100.0,44.85,61.97,19.7,25.96
2020-08-11,Manipur,207.03,300.75,96.2,58.98,1132.88,100.0,20.06,46.03,12.45,56.3
2020-08-12,Tripura,58.04,149.27,77.73,29.83,2714.23,100.0,9.07,61.2,29.19,41.86
2020-08-13,Mizoram,144.1,288.72,91.98,35.95,3665.25,100.0,12.42,47.27,11.93,54.81
2020-08-14,Nagaland,79.61,176.45,64.7,56.69,3459.1,100.0,23.26,62.3,16.84,51.82
2020-08-15,Manipur,193.27,312.06,100.0,54.35,927.57,100.0,39.12,38.09,16.34,64.21
2020-08-16,Tripura,42.86,149.43,74.57,31.72,3529.95,100.0,43.47,79.05,24.46,39.43
2020-08-17,Assam,115.24,206.88,92.58,39.69,3252.39,100.0,9.26,36.16,22.84,55.03
2020-08-18,Meghalaya,189.14,326.17,100.0,27.46,2950.88,100.0,0.17,73.21,16.99,66.54
2020-08-19,Manipur,85.88,158.43,83.75,57.61,2768.5,100.0,43.47,90.74,20.76,48.68
2020-08-20,Tripura,92.88,178.61,59.78,15.87,3238.02,100.0,11.41,35.0,20.91,32.45
2020-08-21,Mizoram,69.67,229.35,72.32,64.51,3453.83,89.0,41.08,90.46,24.34,59.28
2020-08-22,Meghalaya,10.91,66.16,67.36,34.7,3285.49,100.0,27.54,9.05,32.46,26.25
2020-08-23,Manipur,24.83,36.46,46.24,25.87,531.3,100.0,20.21,44.4,13.55,32.87
2020-08-24,Arunachal Pradesh,127.74,203.24,76.95,7.18,2902.51,100.0,7.34,36.9,23.94,40.56
2020-08-25,Mizoram,63.93,134.84,53.18,25.93,3373.15,100.0,33.6,32.1,10.46,38.78
2020-08-26,Tripura,47.25,89.08,69.88,26.18,783.54,100.0,40.91,19.36,27.46,26.11
2020-08-27,Mizoram,250.01,463.0,100.0,51.53,894.5,84.76,23.05,53.47,26.01,70.67
2020-08-28,Assam,32.06,41.41,57.4,14.79,3154.61,100.0,22.32,24.29,27.35,18.92
2020-08-29,Nagaland,61.01,136.75,60.61,58.21,1408.52,97.53,37.76,44.5,21.87,40.12
2020-08-30,Arunachal Pradesh,6.91,100.79,80.96,29.21,1628.82,100.0,25.01,47.27,14.67,29.57
2020-08-31,Tripura,31.45,71.97,59.79,45.33,1539.78,100.0,39.28,45.73,21.2,27.15
2020-09-01,Manipur,119.93,247.46,83.0,68.48,890.69,100.0,2.71,75.54,10.59,60.06
2020-09-02,Nagaland,74.56,160.22,91.18,39.62,3758.24,96.04,42.88,58.32,19.54,54.97
2020-09-03,Manipur,113.94,219.65,81.22,25.37,3233.15,100.0,13.1,23.63,30.96,41.67
2020-09-04,Tripura,157.23,306.33,79.62,31.99,1039.63,100.0,8.46,26.81,18.46,49.57
2020-09-05,Manipur,60.12,65.83,48.4,5.38,469.04,100.0,1.61,0.16,24.79,29.2
2020-09-06,Assam,29.35,142.16,76.41,15.22,1521.81,100.0,41.7,25.72,16.53,31.3
2020-09-07,Meghalaya,83.23,98.96,49.03,53.71,1690.47,100.0,3.01,27.65,13.36,38.16
2020-09-08,Assam,95.87,239.24,59.76,61.38,78.01,94.41,47.72,39.71,23.02,40.24
2020-09-09,Tripura,102.23,220.7,100.0,25.5,3554.25,100.0,28.24,14.3,10.89,43.43
2020-09-10,Assam,215.24,391.78,100.0,37.26,3412.57,100.0,34.93,64.48,32.61,63.58
2020-09-11,Assam,205.24,422.44,100.0,25.71,3408.14,100.0,36.27,60.04,29.43,60.96
2020-09-12,Tripura,84.44,224.0,75.35,32.54,3232.92,100.0,14.63,48.31,34.95,44.38
2020-09-13,Mizoram,61.91,175.44,54.88,32.02,2945.85,100.0,40.32,59.23,34.83,36.34
2020-09-14,Arunachal Pradesh,44.8,105.42,48.77,49.12,2556.36,100.0,47.31,45.13,28.22,28.32
2020-09-15,Meghalaya,142.99,250.06,67.09,13.77,3843.14,100.0,18.49,52.53,29.42,46.46
2020-09-16,Sikkim,46.82,153.9,51.2,18.25,2861.33,100.0,41.77,46.88,23.2,29.15
2020-09-17,Nagaland,125.34,256.13,91.26,9.24,2539.47,100.0,38.6,15.75,15.46,39.02
2020-09-18,Tripura,102.03,215.09,59.33,52.25,3165.86,100.0,29.48,98.15,30.21,54.19
2020-09-19,Meghalaya,56.12,131.91,44.35,12.63,1022.75,100.0,18.38,12.56,16.74,22.22
2020-09-20,Manipur,90.25,169.06,76.92,24.44,3870.22,100.0,20.76,36.91,26.25,43.91
2020-09-21,Mizoram,75.13,107.09,52.16,41.56,125.69,100.0,15.38,29.49,28.27,34.56
2020-09-22,Mizoram,56.32,160.22,77.39,21.19,2611.2,100.0,21.31,34.16,24.11,36.12
2020-09-23,Nagaland,46.88,113.06,57.48,42.44,354.52,100.0,49.48,67.75,26.57,34.64
2020-09-24,Sikkim,114.35,211.65,79.55,16.24,3420.56,100.0,18.17,61.72,17.32,41.78
2020-09-25,Mizoram,60.92,68.87,65.48,6.14,3872.18,100.0,33.28,10.67,29.01,30.19
2020-09-26,Tripura,56.49,138.44,59.46,7.42,1664.01,100.0,15.98,0.0,33.59,30.27
2020-09-27,Manipur,57.68,81.99,67.04,20.7,3435.8,100.0,23.33,66.43,22.1,34.09
2020-09-28,Manipur,84.13,158.8,65.46,58.9,1376.1,98.89,4.19,84.22,13.02,53.13
2020-09-29,Nagaland,147.2,302.51,88.19,25.99,679.64,100.0,38.16,7.79,25.49,42.23
2020-09-30,Mizoram,55.76,136.17,51.12,22.9,1142.77,100.0,33.05,38.79,18.54,24.2
2020-10-01,Assam,80.99,167.27,48.6,64.76,1242.28,100.0,17.37,30.76,20.48,39.38
2020-10-02,Manipur,154.21,252.25,71.84,49.24,2541.14,100.0,26.24,55.98,13.79,50.05
2020-10-03,Mizoram,69.73,132.69,39.94,38.02,3194.78,100.0,43.61,45.78,25.64,43.41
2020-10-04,Nagaland,45.26,181.31,61.34,5.27,860.61,100.0,2.22,41.7,29.68,27.55
2020-10-05,Sikkim,72.75,190.31,90.38,55.31,398.41,100.0,46.51,22.11,29.16,44.01
2020-10-06,Nagaland,109.87,196.33,79.14,24.43,925.52,100.0,23.54,73.49,34.85,49.17
2020-10-07,Nagaland,54.28,127.19,59.62,69.65,1221.32,88.05,42.98,37.55,15.3,38.23
2020-10-08,Arunachal Pradesh,78.39,177.48,65.13,9.96,1155.27,100.0,43.07,22.08,32.85,26.6
2020-10-09,Meghalaya,129.81,262.23,91.23,31.5,918.8,100.0,2.94,55.35,28.32,47.93
2020-10-10,Meghalaya,104.15,205.26,81.5,31.25,1890.7,100.0,39.08,35.1,27.69,38.8
2020-10-11,Assam,11.71,0.0,23.27,31.21,3431.13,100.0,36.64,35.42,27.09,24.59
2020-10-12,Manipur,133.54,249.05,96.76,59.99,446.38,100.0,2.16,72.56,23.46,68.32
2020-10-13,Nagaland,45.41,114.41,58.0,42.51,3455.02,100.0,47.03,53.27,19.47,43.68
2020-10-14,Tripura,48.7,205.34,85.52,25.08,2013.18,100.0,31.73,49.05,33.58,31.73
2020-10-15,Sikkim,88.28,290.09,97.54,18.03,2658.85,100.0,8.38,20.1,13.78,47.59
2020-10-16,Manipur,109.89,240.52,66.83,49.39,3270.7,100.0,6.15,68.09,14.4,60.82
2020-10-17,Tripura,200.23,323.26,100.0,62.92,1252.09,100.0,28.1,100.0,10.42,67.84
2020-10-18,Tripura,36.89,132.5,66.33,21.11,3819.23,100.0,2.94,21.21,28.48,27.1
2020-10-19,Tripura,99.13,130.75,60.63,6.46,380.76,100.0,8.22,25.17,32.35,35.25
2020-10-20,Arunachal Pradesh,121.08,210.31,90.8,31.3,2134.28,100.0,47.42,66.44,14.65,49.43
2020-10-21,Arunachal Pradesh,69.51,89.2,40.48,49.69,1056.47,100.0,37.24,63.25,10.86,39.27
2020-10-22,Tripura,166.25,321.4,80.67,30.04,1661.39,100.0,30.67,42.74,16.1,52.98
2020-10-23,Arunachal Pradesh,195.39,294.66,100.0,16.64,1823.01,100.0,10.44,30.41,32.09,57.37
2020-10-24,Nagaland,100.95,189.95,95.19,23.46,3662.32,100.0,10.93,40.88,10.4,49.08
2020-10-25,Arunachal Pradesh,26.76,88.38,61.97,12.26,1794.25,100.0,22.29,31.29,12.53,26.36
2020-10-26,Arunachal Pradesh,25.73,87.44,69.58,25.97,2806.89,100.0,37.7,47.45,10.62,35.37
2020-10-27,Meghalaya,92.89,170.42,55.09,42.4,3809.46,100.0,0.2,6.48,33.58,45.67
2020-10-28,Sikkim,104.94,220.88,78.79,33.84,2003.4,100.0,2.21,44.27,13.39,48.61
2020-10-29,Sikkim,152.63,228.78,75.88,34.09,1662.82,100.0,43.51,50.83,32.51,46.39
2020-10-30,Mizoram,86.85,249.85,100.0,10.5,3893.23,100.0,40.7,7.02,21.84,41.41
2020-10-31,Mizoram,73.08,118.26,71.06,33.24,3319.32,100.0,34.73,42.55,19.87,42.2
2020-11-01,Mizoram,94.3,193.03,94.07,20.43,3762.1,100.0,24.98,24.92,20.66,44.68
2020-11-02,Nagaland,83.04,199.55,70.64,22.13,1619.04,100.0,7.26,61.11,20.47,45.11
2020-11-03,Assam,60.03,167.36,56.5,40.13,2800.48,100.0,5.11,40.1,18.54,43.98
2020-11-04,Manipur,186.39,360.59,100.0,63.3,1035.96,100.0,45.27,75.74,30.27,69.69
2020-11-05,Sikkim,93.85,127.07,65.8,55.78,3470.0,100.0,19.13,25.32,22.7,44.75
2020-11-06,Sikkim,27.22,54.13,66.8,24.06,3735.66,100.0,34.79,52.92,34.77,35.06
2020-11-07,Assam,81.52,177.72,74.57,15.52,1108.07,100.0,22.81,54.32,22.94,28.51
2020-11-08,Manipur,135.74,272.85,100.0,32.84,464.48,100.0,36.55,54.75,30.46,59.42
2020-11-09,Meghalaya,103.17,255.05,100.0,35.59,842.9,100.0,9.67,48.3,28.63,60.94
2020-11-10,Assam,52.62,108.37,59.27,59.09,2549.69,100.0,24.23,68.17,20.03,46.1
2020-11-11,Assam,186.21,293.11,98.93,37.44,1125.12,100.0,18.84,71.92,29.72,60.98
2020-11-12,Mizoram,120.24,208.49,82.06,44.62,2572.51,100.0,12.25,38.15,13.87,52.44
2020-11-13,Mizoram,38.51,198.14,62.59,41.15,1433.25,100.0,29.89,34.12,15.08,42.03
2020-11-14,Nagaland,28.29,152.45,63.26,61.83,3671.5,100.0,26.85,38.37,25.47,50.61
2020-11-15,Assam,53.28,123.13,56.26,1.85,1837.76,100.0,24.78,21.66,27.79,29.85
2020-11-16,Nagaland,10.59,117.28,66.94,4.72,2015.61,100.0,29.56,16.51,26.1,31.15
2020-11-17,Sikkim,172.15,285.33,84.84,31.32,1424.86,100.0,7.13,77.65,22.74,61.57
2020-11-18,Tripura,76.31,202.65,78.28,4.83,338.5,100.0,18.53,54.45,13.44,45.98
2020-11-19,Arunachal Pradesh,30.23,40.19,42.55,46.23,1999.86,100.0,16.23,34.69,19.32,35.57
2020-11-20,Manipur,81.15,185.99,78.33,23.98,3108.74,100.0,38.46,53.37,25.12,41.48
2020-11-21,Sikkim,26.79,130.96,88.21,13.28,3814.41,100.0,1.79,49.54,15.65,28.72
2020-11-22,Tripura,135.92,240.82,100.0,15.95,352.47,100.0,14.1,88.14,25.95,50.62
2020-11-23,Meghalaya,113.44,244.7,69.28,57.96,3199.72,100.0,45.91,79.08,15.86,57.14
2020-11-24,Meghalaya,117.39,203.62,79.95,30.02,1104.89,100.0,15.02,57.9,12.45,49.85
2020-11-25,Arunachal Pradesh,86.95,192.56,73.97,29.04,3300.13,100.0,7.59,0.0,18.11,38.76
2020-11-26,Meghalaya,103.84,186.5,67.6,15.88,1400.95,100.0,37.87,58.7,16.82,39.01
2020-11-27,Assam,67.78,184.44,100.0,25.85,502.01,100.0,2.39,43.78,30.26,32.86
2020-11-28,Manipur,123.6,184.82,69.06,28.64,2467.48,100.0,21.32,28.69,22.09,50.02
2020-11-29,Tripura,121.09,191.03,71.34,22.83,3580.92,90.36,42.77,24.85,11.6,49.14
2020-11-30,Nagaland,89.0,235.73,100.0,9.27,767.28,100.0,47.7,45.77,30.39,44.0
2020-12-01,Manipur,156.56,186.46,91.83,36.74,136.13,100.0,12.45,19.41,16.72,50.47
2020-12-02,Assam,135.67,227.86,78.92,5.89,3541.17,100.0,14.81,14.79,24.2,43.4
2020-12-03,Meghalaya,35.78,97.98,71.01,61.32,2806.43,100.0,28.36,66.09,23.54,45.93
2020-12-04,Sikkim,36.9,119.46,60.3,28.17,3244.35,100.0,11.33,57.37,34.29,44.58
2020-12-05,Tripura,27.91,72.76,51.96,21.26,286.36,100.0,7.54,57.39,16.37,25.83
2020-12-06,Assam,47.91,76.84,43.29,14.45,3567.3,100.0,21.3,2.94,13.63,16.84
2020-12-07,Sikkim,103.25,253.93,54.29,53.26,1705.67,100.0,3.61,47.48,16.46,51.2
2020-12-08,Meghalaya,207.55,403.46,99.32,60.1,3595.59,100.0,44.71,84.01,24.41,80.08
2020-12-09,Nagaland,86.32,164.31,56.29,41.43,306.45,100.0,16.71,66.95,15.44,42.55
2020-12-10,Meghalaya,94.06,119.46,70.18,34.11,3544.99,100.0,16.81,47.71,18.51,50.08
2020-12-11,Arunachal Pradesh,114.27,233.64,89.03,12.46,2709.84,100.0,39.57,43.77,26.45,52.43
2020-12-12,Meghalaya,105.37,215.32,99.36,29.83,2239.36,100.0,17.08,34.79,12.91,49.69
2020-12-13,Manipur,51.2,100.11,41.97,20.71,294.03,90.94,38.05,7.4,33.63,33.52
2020-12-14,Sikkim,62.25,65.18,79.84,10.96,2769.25,100.0,9.06,0.0,23.31,19.33
2020-12-15,Sikkim,109.98,204.11,100.0,42.4,2411.21,100.0,26.45,44.24,22.09,47.62
2020-12-16,Sikkim,64.42,177.29,75.99,10.49,2918.84,100.0,38.43,18.89,19.08,38.34
2020-12-17,Arunachal Pradesh,67.11,187.35,67.18,22.6,2881.03,100.0,22.49,28.15,16.14,40.87
2020-12-18,Nagaland,64.53,145.03,59.49,20.78,1802.75,100.0,3.59,37.54,22.09,31.93
2020-12-19,Meghalaya,119.02,203.6,83.69,19.03,858.49,100.0,36.85,49.3,22.16,42.04
2020-12-20,Nagaland,41.27,141.28,96.49,31.35,3679.92,100.0,24.7,28.12,11.4,52.64
2020-12-21,Mizoram,61.33,96.52,57.88,29.89,3706.08,100.0,15.82,41.05,31.18,43.83
2020-12-22,Sikkim,192.78,284.97,73.26,29.37,887.13,100.0,49.64,63.76,30.52,41.84
2020-12-23,Mizoram,121.28,228.37,100.0,54.53,2541.08,100.0,43.8,49.66,21.2,54.88
2020-12-24,Meghalaya,42.35,175.38,69.07,27.47,851.34,100.0,1.89,29.83,18.42,34.74
2020-12-25,Manipur,95.88,257.17,100.0,35.35,3451.84,100.0,29.68,55.1,22.47,57.7
2020-12-26,Mizoram,45.39,65.37,62.46,29.78,437.94,100.0,17.73,11.75,15.54,31.1
2020-12-27,Tripura,201.13,334.2,100.0,15.56,3961.28,100.0,1.87,100.0,10.02,71.41
2020-12-28,Assam,36.77,202.52,94.99,49.93,2462.9,100.0,0.56,61.2,18.86,51.87
2020-12-29,Assam,40.88,83.79,45.74,27.31,140.5,100.0,29.19,9.75,10.45,25.69
2020-12-30,Arunachal Pradesh,113.2,284.58,92.55,42.91,3533.52,100.0,16.01,68.79,11.02,61.43
2020-12-31,Sikkim,53.97,170.0,66.04,21.91,2753.61,100.0,35.17,28.66,10.74,31.91
2021-01-01,Mizoram,153.48,327.85,100.0,44.76,2804.42,100.0,22.72,84.18,32.0,66.95
2021-01-02,Sikkim,99.46,181.35,84.49,17.78,1136.38,100.0,38.32,43.09,13.59,48.17
2021-01-03,Arunachal Pradesh,149.46,257.54,99.61,51.25,1380.35,100.0,40.65,69.95,16.36,50.16
2021-01-04,Mizoram,36.53,68.37,30.34,11.06,3661.95,100.0,32.86,0.0,22.26,22.6
2021-01-05,Assam,34.55,133.78,58.72,14.3,2558.08,100.0,20.9,36.11,23.23,18.85
2021-01-06,Manipur,89.86,119.32,58.42,69.57,116.97,100.0,49.42,88.13,13.05,52.64
2021-01-07,Manipur,121.71,226.03,94.0,47.76,1343.26,100.0,15.33,87.71,32.74,58.64
2021-01-08,Mizoram,18.26,142.76,47.55,25.08,2414.25,100.0,25.73,78.96,15.78,38.52
2021-01-09,Assam,119.64,253.24,100.0,31.34,634.63,100.0,26.02,79.03,33.56,48.88
2021-01-10,Assam,105.72,248.69,72.84,42.29,438.25,100.0,21.42,55.22,16.42,45.56
2021-01-11,Nagaland,112.85,153.51,74.43,33.97,284.57,100.0,6.07,61.11,10.06,50.15
2021-01-12,Sikkim,53.77,90.89,74.89,55.18,2540.79,100.0,17.7,45.99,34.3,50.39
2021-01-13,Assam,156.33,331.86,87.97,19.94,1316.36,100.0,10.76,65.09,22.09,48.61
2021-01-14,Assam,25.02,92.57,62.14,29.07,1526.03,100.0,44.99,52.94,31.97,29.26
2021-01-15,Sikkim,96.58,153.29,67.88,39.83,287.16,100.0,32.77,46.99,28.36,36.26
2021-01-16,Arunachal Pradesh,118.72,253.14,75.97,30.7,2965.17,100.0,14.39,69.44,14.48,56.14
2021-01-17,Sikkim,38.89,86.99,39.02,23.36,3078.69,100.0,28.29,19.41,31.13,29.03
2021-01-18,Mizoram,17.26,177.39,64.86,31.15,3326.27,100.0,42.66,56.99,11.28,40.37
2021-01-19,Meghalaya,174.71,336.02,95.05,32.45,2624.07,100.0,46.72,64.09,22.69,59.63
2021-01-20,Tripura,127.89,204.93,77.9,56.28,3104.49,100.0,3.75,48.8,16.35,45.43
2021-01-21,Meghalaya,119.96,265.18,86.64,22.11,2330.04,100.0,39.35,66.83,19.04,45.41
2021-01-22,Manipur,75.1,227.24,91.8,54.83,1991.97,100.0,48.32,31.76,28.93,47.96
2021-01-23,Assam,93.09,189.4,90.01,52.4,1076.26,100.0,23.36,49.66,27.08,43.93
2021-01-24,Mizoram,84.21,145.59,46.18,46.27,260.84,100.0,49.78,47.86,21.0,26.92
2021-01-25,Sikkim,130.93,248.16,85.87,15.77,1202.7,100.0,47.85,72.06,11.15,51.49
2021-01-26,Manipur,82.65,149.47,55.64,30.67,2750.32,100.0,32.84,37.86,11.0,33.96
2021-01-27,Sikkim,39.83,99.41,43.61,36.14,3711.0,100.0,42.38,35.67,27.56,35.7
2021-01-28,Nagaland,37.81,51.16,26.7,42.05,1062.04,100.0,14.83,58.24,33.72,37.58
2021-01-29,Manipur,153.59,315.39,78.44,42.16,2695.9,100.0,45.87,65.06,31.18,54.49
2021-01-30,Manipur,24.56,40.87,40.39,44.2,1939.07,100.0,29.59,20.48,13.05,28.1
2021-01-31,Manipur,117.45,250.5,95.99,17.02,2528.82,100.0,25.48,91.72,13.03,55.44
2021-02-01,Meghalaya,55.52,121.12,70.06,16.53,56.41,100.0,41.78,48.79,25.26,29.3
2021-02-02,Arunachal Pradesh,11.71,76.48,39.51,21.96,534.48,100.0,44.47,22.26,26.44,21.37
2021-02-03,Arunachal Pradesh,119.41,210.13,64.72,32.41,907.23,100.0,35.06,44.62,25.41,47.04
2021-02-04,Manipur,107.74,219.46,87.48,38.63,3579.13,100.0,1.25,28.7,32.13,41.82
2021-02-05,Arunachal Pradesh,77.03,182.85,70.09,18.88,210.08,100.0,29.86,42.92,15.78,44.04
2021-02-06,Manipur,56.32,120.44,77.43,52.66,2300.05,100.0,41.08,67.07,14.31,47.57
2021-02-07,Manipur,170.41,236.43,70.62,49.75,3718.13,100.0,27.26,22.53,32.85,56.27
2021-02-08,Nagaland,85.58,191.85,50.5,54.95,2625.68,100.0,46.74,60.85,28.05,47.21
2021-02-09,Manipur,67.17,166.38,82.46,68.32,1963.4,100.0,44.87,32.01,27.79,57.23
2021-02-10,Nagaland,33.72,43.26,20.3,21.81,1574.67,100.0,26.48,18.85,18.38,13.92
2021-02-11,Nagaland,35.81,64.47,31.21,41.61,2515.57,100.0,20.19,40.41,25.7,34.16
2021-02-12,Manipur,120.63,217.03,73.37,24.15,1947.52,100.0,2.75,47.54,28.17,52.16
2021-02-13,Mizoram,66.37,57.76,47.28,5.23,2836.38,100.0,31.63,66.05,25.01,35.59
2021-02-14,Mizoram,3.42,83.44,65.71,24.33,2490.21,100.0,13.3,36.28,28.41,34.37
2021-02-15,Sikkim,51.11,107.11,46.21,67.57,2291.26,100.0,33.42,43.23,24.75,40.0
2021-02-16,Sikkim,135.21,264.35,100.0,63.3,3829.4,100.0,39.94,49.2,34.55,66.29
2021-02-17,Manipur,111.77,175.17,52.29,22.81,3350.98,100.0,20.43,27.68,22.3,43.62
2021-02-18,Tripura,57.26,216.58,77.74,25.13,2454.99,100.0,0.78,51.7,10.31,43.69
2021-02-19,Mizoram,196.0,287.18,100.0,23.68,2177.67,100.0,43.26,15.34,14.08,50.24
2021-02-20,Sikkim,32.18,78.33,68.91,19.65,2909.58,100.0,27.45,3.51,34.1,27.6
2021-02-21,Tripura,27.26,138.85,23.45,35.87,3225.47,100.0,15.74,47.67,21.74,32.1
2021-02-22,Nagaland,24.66,41.01,88.82,43.04,1216.19,100.0,31.69,31.93,13.01,31.81
2021-02-23,Meghalaya,46.07,122.74,59.71,33.43,2684.44,100.0,33.72,48.42,13.9,40.21
2021-02-24,Tripura,112.76,244.21,93.02,2.54,583.86,100.0,7.37,19.63,10.72,39.77
2021-02-25,Sikkim,55.36,72.79,49.55,11.82,1750.28,100.0,32.32,11.31,15.66,32.65
2021-02-26,Meghalaya,71.89,131.09,98.24,29.31,3756.82,100.0,14.33,59.3,34.67,42.75
2021-02-27,Tripura,16.95,83.04,75.95,10.22,1338.88,100.0,40.18,36.52,18.22,27.06
2021-02-28,Meghalaya,153.33,298.13,100.0,15.12,659.23,100.0,47.08,17.0,16.26,52.44
2021-03-01,Sikkim,137.55,223.43,91.78,29.61,627.28,100.0,5.13,12.1,26.69,43.09
2021-03-02,Tripura,68.03,225.66,98.81,18.58,1605.23,100.0,45.87,21.13,26.85,32.18
2021-03-03,Manipur,67.69,170.77,58.48,3.28,939.45,100.0,45.17,16.95,34.2,28.77
2021-03-04,Mizoram,80.52,201.84,76.4,35.99,1736.34,100.0,17.15,66.94,28.24,37.31
2021-03-05,Mizoram,92.36,217.26,97.15,11.14,2889.6,100.0,1.44,12.36,12.75,44.58
2021-03-06,Meghalaya,86.38,117.03,68.18,9.53,3558.23,100.0,33.16,41.22,34.64,25.34
2021-03-07,Sikkim,92.06,183.5,78.29,24.77,485.16,100.0,17.24,33.23,28.76,40.66
2021-03-08,Nagaland,71.11,156.01,59.57,29.25,3085.21,100.0,9.58,37.4,16.48,45.13
2021-03-09,Tripura,36.1,93.97,76.28,40.0,458.75,100.0,5.43,30.62,16.53,35.57
2021-03-10,Sikkim,92.89,197.64,96.8,27.24,1548.77,100.0,9.8,50.05,34.0,47.65
2021-03-11,Meghalaya,60.59,56.6,66.95,41.61,3986.36,100.0,11.87,56.27,14.82,41.0
2021-03-12,Tripura,83.54,180.44,80.47,28.56,321.28,100.0,39.79,27.91,15.69,45.54
2021-03-13,Meghalaya,24.4,74.47,55.05,22.5,140.38,100.0,39.19,50.84,18.97,23.7
2021-03-14,Assam,63.44,60.52,68.97,44.16,1367.91,100.0,24.72,55.06,26.99,47.86
2021-03-15,Mizoram,46.22,136.23,81.3,13.17,3806.93,100.0,27.67,24.51,20.74,36.88
2021-03-16,Manipur,112.39,171.33,60.88,1.95,129.15,100.0,45.89,15.1,17.78,31.46
2021-03-17,Assam,87.45,165.95,77.93,10.25,929.71,100.0,45.4,59.77,16.69,42.34
2021-03-18,Assam,49.99,114.81,72.83,33.6,2432.49,100.0,41.43,32.78,13.13,32.9
2021-03-19,Arunachal Pradesh,54.57,58.0,41.5,39.52,973.33,100.0,18.71,31.58,23.66,33.35
2021-03-20,Assam,100.69,131.65,79.88,29.17,262.54,100.0,18.33,46.17,16.84,36.27
2021-03-21,Nagaland,97.0,217.31,94.23,4.18,257.16,100.0,44.39,49.24,18.29,47.07
2021-03-22,Meghalaya,78.61,143.76,62.51,21.89,2258.68,100.0,46.33,62.26,10.19,38.48
2021-03-23,Arunachal Pradesh,105.74,192.89,58.23,33.65,2269.48,100.0,39.92,56.57,23.28,46.97
2021-03-24,Manipur,141.94,265.82,100.0,30.26,2840.57,100.0,37.86,54.66,27.41,66.1
2021-03-25,Sikkim,45.92,48.55,79.18,15.78,570.38,100.0,27.91,27.42,33.19,34.34
2021-03-26,Nagaland,22.13,66.89,57.21,44.55,2024.41,100.0,16.92,14.21,14.93,32.1
2021-03-27,Sikkim,110.27,210.98,91.82,20.99,2423.75,100.0,12.03,35.52,32.98,58.93
2021-03-28,Arunachal Pradesh,53.39,200.66,62.65,18.96,928.38,100.0,7.02,19.95,19.03,27.78
2021-03-29,Manipur,107.09,173.83,74.05,37.65,2212.0,100.0,36.41,62.75,30.06,45.26
2021-03-30,Manipur,116.35,256.08,89.54,22.53,2847.54,100.0,38.85,33.88,32.42,48.26
2021-03-31,Arunachal Pradesh,92.71,189.0,64.5,58.4,3963.82,100.0,17.93,80.87,34.03,52.01
2021-04-01,Arunachal Pradesh,51.33,81.57,62.91,35.0,2405.87,100.0,0.3,26.07,18.14,37.21
2021-04-02,Tripura,8.87,37.99,53.62,35.28,3451.7,100.0,46.93,18.03,16.51,24.0
2021-04-03,Assam,31.1,131.3,61.85,33.96,3343.01,100.0,21.85,25.33,20.99,35.31
2021-04-04,Manipur,38.38,138.65,67.54,3.54,3764.05,100.0,48.73,0.0,23.87,21.68
2021-04-05,Sikkim,100.37,179.74,100.0,41.91,2906.07,100.0,33.87,32.22,27.27,44.76
2021-04-06,Nagaland,157.28,299.67,90.63,31.53,891.75,100.0,6.2,40.96,27.3,59.02
2021-04-07,Arunachal Pradesh,39.62,67.95,36.62,10.5,1227.46,100.0,16.35,41.79,12.92,27.34
2021-04-08,Manipur,88.38,175.51,57.77,4.61,3149.51,100.0,32.85,24.05,25.3,28.65
2021-04-09,Arunachal Pradesh,63.92,128.7,69.48,44.87,2107.25,100.0,32.46,41.46,14.2,40.56
2021-04-10,Meghalaya,43.81,152.98,32.43,27.14,1042.67,100.0,11.6,30.76,27.78,36.75
2021-04-11,Manipur,118.83,246.76,81.7,29.77,2643.85,100.0,8.84,70.27,34.41,53.17
2021-04-12,Tripura,138.06,230.05,71.48,64.18,3630.82,100.0,13.84,68.54,29.27,57.8
2021-04-13,Tripura,90.97,163.39,71.82,33.23,1462.87,100.0,39.34,24.59,27.37,38.05
2021-04-14,Tripura,111.94,216.76,82.55,6.96,2405.17,100.0,12.09,8.94,11.94,38.4
2021-04-15,Manipur,89.2,177.35,80.64,38.01,2346.93,100.0,35.09,36.38,14.62,39.63
2021-04-16,Assam,75.93,152.71,79.77,53.87,551.55,100.0,43.5,76.42,18.88,49.26
2021-04-17,Mizoram,147.98,257.89,100.0,21.73,406.47,100.0,19.58,43.69,33.34,51.99
2021-04-18,Sikkim,34.26,156.55,66.01,31.55,3563.24,100.0,0.35,64.71,18.27,46.11
2021-04-19,Nagaland,36.26,86.32,47.27,35.21,3737.47,100.0,7.1,70.63,30.34,38.12
2021-04-20,Meghalaya,8.8,75.2,67.83,14.94,3621.76,100.0,15.59,64.03,12.59,28.79
2021-04-21,Mizoram,99.63,296.35,74.39,56.5,1616.79,100.0,9.5,61.44,26.55,57.56
2021-04-22,Sikkim,111.34,183.14,87.99,51.69,1186.1,100.0,14.48,37.24,29.48,52.59
2021-04-23,Mizoram,81.93,180.61,78.27,14.89,3771.58,100.0,27.2,51.13,23.57,37.59
2021-04-24,Tripura,96.17,204.03,87.54,47.04,3537.07,100.0,1.05,31.86,29.17,55.27
2021-04-25,Nagaland,44.99,117.04,68.88,15.9,3288.28,100.0,3.21,29.94,28.09,41.96
2021-04-26,Sikkim,59.85,141.43,70.33,29.4,1370.03,100.0,42.79,20.89,21.92,41.09
2021-04-27,Nagaland,66.66,114.84,65.62,46.09,2573.03,100.0,26.12,36.07,31.64,33.57
2021-04-28,Tripura,36.39,118.93,47.13,37.09,3014.16,100.0,46.78,38.45,18.54,39.07
2021-04-29,Manipur,37.63,32.95,36.82,56.67,2325.81,100.0,0.16,32.37,20.64,35.18
2021-04-30,Sikkim,89.05,255.49,100.0,11.49,2427.92,100.0,0.01,56.07,23.5,43.78
2021-05-01,Mizoram,41.97,181.48,86.39,47.49,3038.92,100.0,36.98,56.67,13.27,32.63
2021-05-02,Assam,106.08,195.95,95.1,33.44,3078.97,100.0,23.81,26.82,22.88,50.77
2021-05-03,Tripura,148.25,314.45,97.71,7.58,997.8,100.0,45.69,27.51,18.1,48.85
2021-05-04,Nagaland,65.16,136.01,68.39,40.93,1593.17,100.0,39.33,31.08,16.42,35.69
2021-05-05,Manipur,81.04,171.96,82.29,30.24,3135.68,100.0,25.2,68.23,24.42,41.72
2021-05-06,Arunachal Pradesh,24.06,58.85,69.85,9.39,1082.72,100.0,23.93,35.2,18.24,23.68
2021-05-07,Assam,33.51,133.06,64.32,14.63,3666.6,100.0,40.56,0.0,31.39,31.07
2021-05-08,Nagaland,26.48,66.46,60.45,32.11,3363.63,100.0,40.19,38.72,20.25,38.85
2021-05-09,Manipur,87.94,213.32,93.32,37.17,3587.05,100.0,13.85,100.0,20.33,51.61
2021-05-10,Arunachal Pradesh,113.75,218.94,97.81,31.55,1224.33,100.0,33.73,53.98,34.55,46.55
2021-05-11,Tripura,43.36,114.36,59.85,54.77,465.21,100.0,32.16,47.23,18.54,34.81
2021-05-12,Nagaland,133.85,191.13,97.45,24.2,447.33,100.0,42.8,28.55,13.29,43.33
2021-05-13,Nagaland,148.69,275.43,73.75,15.39,2245.83,100.0,43.43,25.31,31.91,41.41
2021-05-14,Tripura,71.62,111.59,45.38,40.21,1257.08,100.0,13.41,46.55,32.92,33.12
2021-05-15,Assam,87.13,183.15,83.84,67.58,1090.91,100.0,43.99,21.78,15.66,55.95
2021-05-16,Tripura,75.01,240.11,94.84,8.16,928.5,100.0,46.23,24.63,32.05,27.25
2021-05-17,Arunachal Pradesh,83.17,119.18,60.31,15.52,2270.29,100.0,5.48,29.04,22.36,28.35
2021-05-18,Sikkim,11.68,61.64,45.69,21.5,2214.98,100.0,28.69,49.04,11.09,25.72
2021-05-19,Sikkim,70.72,130.66,59.7,50.06,1718.14,100.0,21.82,17.61,23.72,42.37
2021-05-20,Manipur,5.57,16.74,29.86,31.62,596.84,100.0,20.1,18.71,31.22,25.05
2021-05-21,Manipur,129.17,212.1,81.75,35.1,3718.74,100.0,35.24,61.26,19.92,51.33
2021-05-22,Mizoram,126.56,298.68,76.39,40.05,1740.35,100.0,6.48,56.01,23.78,55.98
2021-05-23,Meghalaya,65.45,217.64,100.0,18.91,538.39,100.0,41.0,67.12,13.52,32.51
2021-05-24,Tripura,159.14,246.86,95.1,29.54,196.46,100.0,1.33,60.39,31.05,49.12
2021-05-25,Mizoram,180.2,336.33,100.0,12.41,652.74,100.0,28.92,33.64,12.67,46.97
2021-05-26,Arunachal Pradesh,61.55,105.56,63.53,35.25,1223.65,100.0,11.27,38.72,12.36,41.3
2021-05-27,Tripura,117.95,199.79,79.4,52.28,2538.87,100.0,33.37,39.95,33.34,53.37
2021-05-28,Tripura,152.81,197.24,81.33,31.9,3885.2,100.0,26.27,44.08,31.84,51.72
2021-05-29,Manipur,52.49,214.01,72.31,46.3,1124.67,100.0,49.99,58.08,24.37,43.0
2021-05-30,Manipur,24.27,130.34,47.42,40.43,3169.73,100.0,43.12,56.68,12.65,33.75
2021-05-31,Sikkim,87.9,155.78,56.39,10.67,3649.98,100.0,16.83,35.08,23.65,35.82
2021-06-01,Meghalaya,91.75,199.02,73.41,22.16,1596.71,100.0,26.42,17.34,33.01,37.59
2021-06-02,Sikkim,90.98,170.47,60.84,63.16,1050.43,100.0,15.89,19.34,25.31,42.15
2021-06-03,Assam,55.08,170.46,94.32,58.12,1989.71,100.0,36.44,66.53,14.96,47.63
2021-06-04,Meghalaya,61.84,129.11,55.24,30.04,3592.01,100.0,21.12,0.0,32.65,33.55
2021-06-05,Sikkim,15.12,64.89,58.88,7.73,93.38,100.0,5.77,23.65,31.64,16.75
2021-06-06,Sikkim,82.01,146.53,78.07,31.83,1972.19,100.0,33.04,21.64,23.66,41.95
2021-06-07,Assam,161.39,316.24,100.0,25.57,3042.5,100.0,0.55,53.67,31.31,55.25
2021-06-08,Assam,109.32,302.35,100.0,22.97,2424.47,100.0,14.86,48.41,11.41,42.39
2021-06-09,Manipur,21.4,70.73,51.54,28.29,2014.49,100.0,45.36,36.99,21.53,26.48
2021-06-10,Tripura,46.58,108.04,87.2,8.35,2236.77,100.0,4.71,24.77,14.45,36.31
2021-06-11,Mizoram,54.0,129.99,47.34,8.15,2495.97,100.0,25.22,40.26,30.94,31.87
2021-06-12,Meghalaya,131.14,257.12,77.32,42.66,2744.2,100.0,39.75,61.79,34.28,48.57
2021-06-13,Assam,187.84,319.79,100.0,3.67,1456.93,100.0,45.23,65.75,33.27,48.65
2021-06-14,Meghalaya,32.56,83.15,57.92,21.43,2093.63,100.0,27.99,18.77,22.58,31.04
2021-06-15,Sikkim,104.0,209.3,94.12,41.5,1130.6,100.0,7.66,29.67,22.77,50.07
2021-06-16,Arunachal Pradesh,115.38,153.03,73.01,37.76,3936.76,100.0,47.04,49.07,32.71,44.38
2021-06-17,Tripura,14.07,49.22,55.38,75.57,789.79,100.0,37.46,50.48,28.04,33.49
2021-06-18,Mizoram,44.57,36.81,62.3,41.02,645.1,100.0,19.78,41.29,11.87,35.75
2021-06-19,Arunachal Pradesh,150.07,255.39,93.19,47.81,1111.85,100.0,13.85,57.86,13.21,49.26
2021-06-20,Sikkim,9.11,25.73,55.34,45.54,3684.21,100.0,2.39,55.54,33.79,24.97
2021-06-21,Meghalaya,30.77,121.23,52.91,8.51,2652.48,100.0,9.57,35.47,19.15,33.82
2021-06-22,Manipur,184.29,297.02,89.06,33.09,1850.91,100.0,38.88,31.64,14.68,52.72
2021-06-23,Nagaland,94.6,177.27,88.67,43.63,3705.31,100.0,5.43,41.12,28.39,50.4
2021-06-24,Meghalaya,44.68,31.1,48.04,12.73,3605.58,100.0,6.47,22.39,31.99,27.55
2021-06-25,Assam,57.72,177.47,78.03,23.8,1636.29,100.0,9.8,31.26,15.16,41.14
2021-06-26,Mizoram,110.3,171.99,64.0,36.28,2276.38,100.0,19.77,32.74,16.29,40.31
2021-06-27,Nagaland,146.16,249.93,83.86,32.25,3626.23,100.0,9.45,76.41,32.5,57.57
2021-06-28,Meghalaya,143.12,295.81,100.0,18.18,1311.62,100.0,45.22,63.51,10.33,51.66
2021-06-29,Mizoram,26.91,121.63,59.81,48.9,1659.77,100.0,12.88,31.58,32.7,35.87
2021-06-30,Tripura,76.95,120.99,51.27,32.06,3182.41,100.0,45.97,55.8,10.98,31.07
2021-07-01,Assam,48.41,143.69,55.98,32.82,2809.62,100.0,49.25,56.49,12.39,37.79
2021-07-02,Manipur,43.32,69.02,44.24,55.4,242.17,100.0,37.74,56.23,31.56,37.65
2021-07-03,Meghalaya,75.3,172.24,69.36,22.33,513.64,100.0,0.37,7.71,16.21,34.08
2021-07-04,Manipur,107.34,179.64,71.78,22.51,3392.74,100.0,12.0,42.21,15.62,41.01
2021-07-05,Arunachal Pradesh,37.29,65.33,76.59,21.28,167.47,100.0,13.37,7.35,31.1,29.14
2021-07-06,Manipur,40.17,111.67,76.2,26.81,3683.72,100.0,27.14,30.49,23.55,39.05
2021-07-07,Tripura,68.73,124.16,69.29,18.71,1123.42,100.0,7.92,54.24,18.77,39.72
2021-07-08,Tripura,154.33,362.24,100.0,33.46,2413.6,100.0,3.86,54.94,27.86,67.67
2021-07-09,Nagaland,91.2,162.09,70.68,29.54,2280.09,100.0,8.82,37.76,30.24,43.59
2021-07-10,Tripura,34.69,54.36,58.0,45.1,1615.2,100.0,16.37,9.66,31.57,33.83
2021-07-11,Sikkim,149.82,238.77,92.69,51.1,174.18,100.0,2.46,62.12,12.98,54.12
2021-07-12,Mizoram,70.18,154.57,78.0,33.36,810.26,100.0,9.77,70.11,24.56,36.24
2021-07-13,Meghalaya,80.32,174.97,63.77,45.64,2479.15,89.69,8.38,91.78,26.96,54.75
2021-07-14,Tripura,89.03,195.93,74.62,51.45,1813.17,100.0,38.62,73.59,12.91,55.56
2021-07-15,Mizoram,43.96,152.4,58.31,39.6,1684.66,100.0,8.48,36.57,25.25,43.09
2021-07-16,Nagaland,34.49,34.9,53.1,62.94,435.93,100.0,39.58,54.32,10.8,33.71
2021-07-17,Manipur,8.83,101.53,60.36,42.45,1421.15,100.0,25.41,32.03,18.54,30.0
2021-07-18,Tripura,6.51,23.2,16.41,43.41,2129.4,100.0,37.89,37.23,14.3,17.92
2021-07-19,Arunachal Pradesh,111.96,234.0,94.5,1.21,356.89,100.0,22.52,44.36,24.03,31.22
2021-07-20,Tripura,63.19,213.63,85.98,20.33,313.45,100.0,45.05,13.97,14.78,32.94
2021-07-21,Tripura,1.08,19.68,69.5,45.85,1991.64,100.0,13.83,50.2,29.73,40.7
2021-07-22,Tripura,186.72,296.5,100.0,56.98,2266.95,100.0,38.34,76.67,13.03,65.95
2021-07-23,Meghalaya,113.07,178.64,92.42,48.8,1067.68,100.0,8.17,37.32,28.95,58.98
2021-07-24,Nagaland,61.0,127.98,48.66,27.89,1336.78,100.0,44.13,0.0,12.47,28.63
2021-07-25,Assam,174.54,362.43,100.0,22.83,3197.64,100.0,1.42,61.76,21.06,58.47
2021-07-26,Manipur,109.1,169.07,70.89,7.52,3483.48,100.0,22.87,44.7,27.46,39.58
2021-07-27,Tripura,72.27,138.66,57.35,29.7,1334.65,100.0,21.06,32.11,14.04,39.87
2021-07-28,Meghalaya,18.33,116.53,28.12,21.64,1455.07,100.0,31.19,25.98,28.81,27.45
2021-07-29,Tripura,68.41,177.57,95.22,31.26,3329.79,100.0,22.05,54.61,33.84,50.23
2021-07-30,Assam,74.3,141.45,64.02,30.94,3896.65,81.27,29.45,26.86,19.34,31.59
2021-07-31,Arunachal Pradesh,49.44,115.72,61.31,30.56,1316.34,100.0,43.09,50.57,10.0,32.91
2021-08-01,Arunachal Pradesh,86.31,216.1,88.04,23.76,3165.47,100.0,7.1,37.97,21.92,46.29
2021-08-02,Tripura,125.97,302.22,100.0,9.96,1944.78,100.0,12.21,49.75,32.56,50.02
2021-08-03,Sikkim,68.02,220.07,80.63,39.97,1091.73,100.0,40.14,58.73,26.63,45.75
2021-08-04,Tripura,19.29,134.13,66.59,12.41,2743.05,100.0,11.4,60.86,27.58,33.96
2021-08-05,Tripura,38.26,80.59,70.65,47.33,1877.07,100.0,45.28,47.21,29.81,36.63
2021-08-06,Meghalaya,193.16,412.48,100.0,8.76,1109.24,100.0,27.04,37.49,32.71,49.26
2021-08-07,Manipur,14.84,42.7,36.07,16.13,473.56,100.0,4.09,11.71,13.12,16.44
2021-08-08,Mizoram,82.99,108.44,28.86,15.9,3474.47,100.0,1.03,18.1,24.76,27.72
2021-08-09,Sikkim,66.46,154.18,90.88,3.21,3520.74,100.0,38.15,37.37,32.24,35.33
2021-08-10,Mizoram,110.15,274.27,98.44,55.79,346.1,100.0,42.82,64.15,29.4,63.37
2021-08-11,Mizoram,75.41,189.65,86.12,29.78,2670.41,100.0,11.99,43.67,16.22,43.51
2021-08-12,Mizoram,67.55,148.37,62.38,39.34,692.18,100.0,12.04,68.28,31.87,37.29
2021-08-13,Tripura,138.0,268.65,100.0,23.74,2602.96,100.0,47.71,66.3,17.35,60.63
2021-08-14,Sikkim,107.98,233.26,77.9,61.02,3635.09,100.0,32.81,58.11,20.27,48.34
2021-08-15,Sikkim,73.86,166.69,75.78,15.68,1077.85,100.0,8.38,68.97,14.64,32.92
2021-08-16,Nagaland,83.65,163.67,74.35,46.14,1424.32,100.0,22.43,94.56,32.13,52.85
2021-08-17,Meghalaya,163.9,266.22,100.0,46.09,3190.76,100.0,45.52,42.79,12.33,48.89
2021-08-18,Tripura,80.03,174.54,84.61,33.19,2954.73,100.0,31.06,33.4,34.85,39.43
2021-08-19,Mizoram,143.24,259.96,82.59,11.07,1664.19,100.0,20.37,19.91,18.22,41.09
2021-08-20,Sikkim,145.45,268.32,100.0,49.64,3401.76,100.0,7.55,89.84,27.77,62.19
2021-08-21,Arunachal Pradesh,38.98,150.31,64.55,39.32,3686.31,100.0,36.3,27.59,13.22,33.55
2021-08-22,Sikkim,38.0,97.1,47.24,20.58,1837.94,100.0,13.82,19.99,22.2,27.47
2021-08-23,Meghalaya,98.04,188.73,86.01,66.59,205.83,100.0,28.3,100.0,11.0,57.51
2021-08-24,Mizoram,150.39,283.18,99.55,6.89,2062.29,100.0,30.01,60.82,31.96,46.73
2021-08-25,Manipur,48.79,228.22,67.71,31.68,2971.75,100.0,27.77,43.39,21.16,34.09
2021-08-26,Assam,106.18,165.6,65.39,32.76,919.14,100.0,12.32,42.32,28.57,40.19
2021-08-27,Meghalaya,108.35,256.2,100.0,40.97,442.75,100.0,35.41,20.7,32.36,45.37
2021-08-28,Mizoram,8.01,50.05,55.85,69.07,1176.6,100.0,28.3,48.25,11.71,38.95
2021-08-29,Nagaland,115.24,220.42,90.55,22.98,95.77,100.0,20.18,48.15,22.79,41.97
2021-08-30,Assam,50.72,73.59,82.4,15.56,2876.11,100.0,2.61,3.64,14.74,30.07
2021-08-31,Assam,81.47,247.42,100.0,22.52,626.97,100.0,16.56,50.5,11.73,48.88
2021-09-01,Arunachal Pradesh,15.64,82.37,54.72,35.49,2908.41,100.0,17.62,77.03,25.55,43.23
2021-09-02,Tripura,52.03,154.41,64.82,73.57,976.46,100.0,39.56,91.64,12.85,51.72
2021-09-03,Manipur,75.65,103.53,50.5,10.35,3968.65,100.0,25.67,57.08,22.3,27.32
2021-09-04,Tripura,90.02,159.34,64.97,12.56,2150.59,100.0,46.61,26.33,14.92,26.85
2021-09-05,Mizoram,59.33,155.49,47.11,72.03,213.29,100.0,37.54,53.79,14.94,48.91
2021-09-06,Mizoram,71.54,150.87,51.93,23.19,3102.08,100.0,26.9,48.38,23.07,37.56
2021-09-07,Manipur,107.44,229.03,95.67,6.16,1669.86,100.0,8.44,25.25,23.88,39.64
2021-09-08,Sikkim,87.86,265.91,100.0,36.68,2448.92,86.24,11.05,69.12,10.09,59.43
2021-09-09,Meghalaya,31.36,117.22,64.27,27.0,3807.29,100.0,8.0,54.68,22.52,48.42
2021-09-10,Tripura,26.19,71.34,43.73,30.61,2093.22,100.0,22.14,76.27,26.74,30.13
2021-09-11,Manipur,134.69,225.99,34.13,26.94,3227.29,100.0,36.13,19.8,26.96,42.71
2021-09-12,Arunachal Pradesh,112.78,188.55,100.0,24.53,1246.03,100.0,37.97,62.18,31.25,50.89
2021-09-13,Tripura,99.59,182.28,56.38,57.28,2872.36,100.0,4.81,47.28,32.38,42.82
2021-09-14,Assam,78.78,152.75,48.47,22.18,442.33,100.0,24.8,66.74,25.57,35.03
2021-09-15,Nagaland,53.41,134.87,62.51,7.59,3578.73,100.0,24.07,34.65,22.05,32.58
2021-09-16,Tripura,45.33,139.12,67.19,50.66,839.0,100.0,21.94,52.22,15.1,44.26
2021-09-17,Mizoram,108.85,230.69,86.29,11.15,1242.62,100.0,15.06,57.84,13.17,43.54
2021-09-18,Assam,41.92,118.16,50.81,22.03,3834.94,100.0,23.79,52.5,25.23,31.61
2021-09-19,Mizoram,89.19,191.83,84.6,42.23,663.09,100.0,25.83,42.96,33.66,41.57
2021-09-20,Tripura,107.44,312.58,94.69,35.64,1054.92,100.0,29.98,61.24,16.96,49.54
2021-09-21,Mizoram,32.63,70.05,46.56,12.48,2341.71,100.0,18.87,11.41,12.49,21.27
2021-09-22,Nagaland,67.51,149.79,65.78,14.65,3923.74,100.0,47.26,35.4,20.6,35.06
2021-09-23,Sikkim,108.7,141.64,58.17,31.21,2781.11,100.0,16.94,58.67,10.01,50.54
2021-09-24,Nagaland,73.2,144.49,50.08,42.64,501.05,83.62,44.75,76.77,23.84,49.13
2021-09-25,Nagaland,14.44,35.71,29.31,55.52,3005.06,100.0,40.06,4.8,11.24,35.06
2021-09-26,Meghalaya,160.83,262.06,75.83,32.28,1733.55,100.0,23.26,75.41,33.27,49.8
2021-09-27,Sikkim,79.93,122.47,71.33,50.16,3969.7,100.0,24.82,62.59,31.75,59.57
2021-09-28,Nagaland,38.94,54.32,56.85,58.68,2533.43,100.0,43.49,21.35,12.87,38.58
2021-09-29,Tripura,161.78,297.57,95.48,39.49,2151.23,100.0,24.64,27.89,13.67,49.98
2021-09-30,Nagaland,26.72,118.49,60.41,9.06,2251.2,100.0,33.97,26.83,33.84,24.48
2021-10-01,Tripura,106.72,179.22,93.36,19.25,2584.17,100.0,40.47,36.12,30.34,46.98
2021-10-02,Nagaland,88.19,101.18,67.95,23.96,2940.73,100.0,45.39,33.31,33.55,36.65
2021-10-03,Nagaland,50.68,130.46,89.57,49.48,359.37,100.0,10.91,78.51,18.36,42.71
2021-10-04,Manipur,26.71,108.84,53.11,30.35,566.14,100.0,48.77,5.91,12.77,24.75
2021-10-05,Arunachal Pradesh,135.84,280.7,78.67,57.89,1236.89,100.0,48.27,44.71,25.38,55.3
2021-10-06,Tripura,64.8,106.35,76.22,48.26,1937.92,100.0,14.87,17.47,34.17,40.52
2021-10-07,Tripura,126.81,215.98,82.89,42.46,1278.72,100.0,30.69,76.22,13.25,50.76
2021-10-08,Meghalaya,9.99,20.59,32.08,34.22,894.66,100.0,2.35,43.31,30.47,21.97
2021-10-09,Mizoram,135.6,223.83,92.1,24.66,3703.87,100.0,8.39,47.99,18.99,51.15
2021-10-10,Meghalaya,144.47,235.11,76.45,41.95,178.77,100.0,29.19,44.27,12.89,50.72
2021-10-11,Manipur,102.77,183.77,87.09,46.31,3757.86,100.0,32.51,47.52,21.48,56.22
2021-10-12,Meghalaya,52.4,118.54,71.0,40.75,3633.61,100.0,26.73,34.64,22.22,49.21
2021-10-13,Meghalaya,65.84,153.34,67.28,19.08,2750.94,100.0,35.24,47.41,10.23,39.91
2021-10-14,Nagaland,89.11,149.85,44.67,6.55,178.51,100.0,39.64,66.64,21.86,31.85
2021-10-15,Sikkim,75.3,157.36,57.62,31.64,940.15,100.0,8.42,19.67,26.19,35.56
2021-10-16,Meghalaya,55.77,97.38,82.25,29.88,3917.45,100.0,32.98,26.15,29.12,38.2
2021-10-17,Arunachal Pradesh,143.23,194.64,100.0,43.49,3628.5,100.0,28.13,46.65,12.46,54.73
2021-10-18,Mizoram,41.07,133.23,100.0,39.87,3860.06,100.0,5.88,0.0,31.91,43.93
2021-10-19,Meghalaya,147.74,245.09,95.02,39.39,3984.69,100.0,11.43,71.78,14.19,50.72
2021-10-20,Mizoram,57.45,66.85,37.02,54.92,302.36,100.0,20.98,45.79,26.46,39.05
2021-10-21,Assam,90.74,208.54,100.0,47.99,2304.91,100.0,43.19,62.78,23.82,51.08
2021-10-22,Sikkim,130.65,235.94,83.23,35.49,3344.84,100.0,10.85,39.56,32.0,47.43
2021-10-23,Assam,39.25,126.99,55.16,44.33,1312.85,100.0,9.15,52.85,10.97,35.95
2021-10-24,Meghalaya,46.84,136.99,72.42,26.46,1770.46,100.0,36.05,34.09,14.79,30.61
2021-10-25,Arunachal Pradesh,65.9,105.07,89.47,38.5,1170.77,100.0,48.79,41.18,13.05,52.15
2021-10-26,Assam,86.12,216.4,81.7,46.93,200.38,100.0,22.37,77.13,18.19,47.47
2021-10-27,Sikkim,180.42,247.32,89.72,42.15,337.22,100.0,17.51,63.16,18.47,58.3
2021-10-28,Assam,14.8,56.31,28.28,3.26,134.69,100.0,12.7,0.0,12.22,8.39
2021-10-29,Arunachal Pradesh,54.57,113.32,64.28,31.43,2132.62,86.56,2.49,35.27,22.86,41.88
2021-10-30,Nagaland,74.02,129.96,75.98,72.75,2492.77,100.0,8.92,83.34,12.91,49.59
2021-10-31,Meghalaya,110.1,264.19,91.52,7.3,1265.42,100.0,4.67,36.11,11.86,47.59
2021-11-01,Tripura,71.99,170.04,73.81,40.6,3313.29,100.0,24.71,62.47,10.83,48.16
2021-11-02,Assam,28.94,37.09,50.8,35.74,3557.65,100.0,48.91,62.42,33.23,35.01
2021-11-03,Arunachal Pradesh,73.26,109.36,46.13,45.63,602.01,99.53,39.37,61.32,19.92,40.49
2021-11-04,Sikkim,38.95,194.59,44.75,57.35,255.1,100.0,30.08,68.32,17.09,39.44
2021-11-05,Assam,129.76,225.57,83.56,17.01,1311.55,100.0,24.33,45.44,22.06,47.75
2021-11-06,Mizoram,184.67,295.16,95.65,38.6,2866.3,100.0,30.86,54.36,13.94,59.17
2021-11-07,Manipur,83.29,221.19,92.79,15.34,2054.32,100.0,18.8,37.74,20.15,38.65
2021-11-08,Assam,25.21,16.73,79.3,38.98,1977.96,100.0,8.92,58.98,14.76,32.71
2021-11-09,Tripura,36.39,160.07,91.45,30.02,652.02,100.0,29.49,54.55,17.61,44.08
2021-11-10,Manipur,57.78,104.75,30.1,7.51,1438.24,100.0,26.41,21.19,33.11,27.75
2021-11-11,Mizoram,152.77,299.75,100.0,36.21,3837.62,100.0,47.23,52.49,13.72,69.07
2021-11-12,Tripura,36.62,85.78,67.12,42.38,1395.21,100.0,32.49,41.46,21.85,34.25
2021-11-13,Nagaland,29.91,31.89,42.41,35.57,2386.16,100.0,38.67,37.54,26.52,26.28
2021-11-14,Arunachal Pradesh,13.92,78.02,77.75,12.54,280.48,100.0,4.64,16.97,32.95,22.31
2021-11-15,Nagaland,89.63,222.35,46.17,17.57,302.22,100.0,38.05,17.81,33.08,23.03
2021-11-16,Mizoram,24.61,0.0,31.83,63.97,1725.8,100.0,49.14,52.67,16.18,34.5
2021-11-17,Assam,29.37,47.83,52.52,21.78,2436.24,100.0,32.87,17.58,33.58,26.35
2021-11-18,Nagaland,144.28,315.94,100.0,9.58,1520.75,100.0,37.1,34.18,18.28,45.38
2021-11-19,Mizoram,91.6,203.31,100.0,19.88,757.1,100.0,48.98,31.54,32.37,46.63
2021-11-20,Nagaland,99.67,218.06,100.0,29.56,2957.03,100.0,19.56,33.5,12.33,43.88
2021-11-21,Manipur,43.29,152.17,80.67,35.35,603.17,100.0,41.21,57.65,14.96,33.39
2021-11-22,Tripura,154.42,300.35,95.92,46.13,2688.67,100.0,19.98,82.06,11.97,67.47
2021-11-23,Mizoram,132.33,254.39,100.0,23.94,3829.1,100.0,21.3,61.95,17.48,59.5
2021-11-24,Sikkim,80.51,215.41,74.11,27.63,1908.62,100.0,32.91,49.96,31.85,39.27
2021-11-25,Assam,36.17,88.65,69.31,35.95,841.71,100.0,12.82,11.53,13.98,15.92
2021-11-26,Nagaland,159.65,288.81,86.83,49.17,3375.83,100.0,49.64,73.78,15.62,60.19
2021-11-27,Manipur,29.09,126.67,69.75,38.98,2046.63,100.0,16.46,81.73,15.4,37.87
2021-11-28,Sikkim,83.29,144.34,47.03,33.75,3696.73,100.0,6.14,37.6,16.87,50.56
2021-11-29,Arunachal Pradesh,19.52,136.28,82.79,44.03,2896.31,100.0,16.13,13.6,10.47,45.16
2021-11-30,Nagaland,178.74,329.76,99.28,35.67,1750.91,100.0,42.8,75.38,20.6,59.67
2021-12-01,Mizoram,70.93,110.45,41.55,44.84,2488.67,100.0,15.7,7.99,34.41,35.22
2021-12-02,Meghalaya,27.5,83.5,42.25,15.12,721.36,100.0,30.57,6.9,21.2,23.71
2021-12-03,Assam,19.46,23.75,40.15,18.7,1579.56,100.0,46.77,16.68,30.33,20.09
2021-12-04,Manipur,135.39,256.52,77.62,60.43,2395.79,89.96,13.0,88.08,24.29,62.03
2021-12-05,Nagaland,49.51,109.11,72.62,38.94,2380.67,100.0,6.57,43.64,10.37,45.03
2021-12-06,Sikkim,7.85,27.19,41.27,60.03,2369.5,100.0,4.84,30.78,24.64,40.0
2021-12-07,Sikkim,65.34,76.8,69.38,30.13,2986.97,100.0,22.02,21.17,33.66,42.76
2021-12-08,Mizoram,224.36,354.87,100.0,13.68,467.33,100.0,5.21,30.64,23.84,59.4
2021-12-09,Arunachal Pradesh,55.55,126.1,75.98,62.14,340.95,100.0,22.69,43.1,23.2,47.36
2021-12-10,Assam,214.15,356.35,100.0,43.62,634.68,100.0,43.14,63.18,26.76,67.63
2021-12-11,Tripura,174.31,254.66,87.04,48.55,3179.96,100.0,38.87,61.04,31.77,60.16
2021-12-12,Sikkim,101.57,203.21,65.03,17.04,306.17,100.0,29.09,51.29,24.12,39.4
2021-12-13,Assam,44.13,76.78,56.37,57.11,939.68,100.0,42.52,50.08,20.16,34.86
2021-12-14,Arunachal Pradesh,108.59,249.76,100.0,30.03,1056.37,100.0,5.01,26.25,10.93,40.67
2021-12-15,Arunachal Pradesh,64.52,189.54,67.6,55.16,2606.64,82.02,30.47,16.06,12.78,45.42
2021-12-16,Manipur,95.84,183.48,76.51,11.22,1636.44,100.0,5.78,21.32,26.22,44.42
2021-12-17,Mizoram,38.71,171.12,65.95,24.14,836.02,100.0,24.11,79.99,25.47,35.23
2021-12-18,Nagaland,48.13,116.56,92.35,51.65,1825.68,98.63,23.17,40.86,15.98,47.18
2021-12-19,Manipur,112.09,166.11,77.9,39.11,2757.53,100.0,13.26,49.71,27.97,44.11
2021-12-20,Assam,91.83,235.16,88.38,5.29,3154.9,100.0,41.49,8.06,16.99,41.15
2021-12-21,Manipur,10.49,130.3,58.77,29.39,539.34,100.0,11.41,26.52,17.62,27.28
2021-12-22,Meghalaya,124.75,276.91,100.0,38.96,2873.13,93.67,27.59,69.81,11.53,64.83
2021-12-23,Arunachal Pradesh,72.69,128.48,65.69,47.42,67.86,100.0,24.11,57.17,23.76,37.84
2021-12-24,Arunachal Pradesh,38.31,58.04,50.64,23.14,2911.08,100.0,21.58,27.73,17.19,37.09
2021-12-25,Assam,146.3,255.43,89.99,10.03,2660.97,100.0,1.68,48.61,30.47,54.21
2021-12-26,Tripura,66.45,248.73,73.16,13.46,1901.23,100.0,34.84,67.62,30.04,36.59
2021-12-27,Arunachal Pradesh,71.17,109.67,84.37,9.9,590.65,100.0,0.63,29.32,13.21,29.77
2021-12-28,Arunachal Pradesh,120.77,263.99,100.0,55.12,3069.97,100.0,41.03,97.05,14.0,60.51
2021-12-29,Manipur,62.94,140.71,68.28,21.69,333.42,100.0,13.32,42.52,18.02,40.62
2021-12-30,Sikkim,12.53,106.57,59.77,37.95,3587.5,100.0,6.0,26.8,24.52,27.31
2021-12-31,Nagaland,36.25,53.97,37.57,32.59,3105.17,100.0,20.85,16.0,18.56,29.82
2022-01-01,Mizoram,134.86,242.31,66.32,22.26,2976.81,100.0,27.97,38.53,18.76,37.09
2022-01-02,Mizoram,28.98,57.55,38.29,20.62,3029.86,100.0,15.52,23.76,13.5,18.19
2022-01-03,Sikkim,102.04,169.41,91.04,51.72,316.91,100.0,6.09,72.31,18.39,44.43
2022-01-04,Arunachal Pradesh,93.72,220.05,78.21,26.83,3960.3,100.0,0.92,70.9,21.76,46.73
2022-01-05,Tripura,102.32,158.71,87.98,38.93,3441.47,100.0,35.19,40.82,34.62,42.64
2022-01-06,Meghalaya,74.7,173.65,74.28,24.27,2056.34,100.0,44.32,49.24,30.95,34.3
2022-01-07,Tripura,36.01,106.25,48.22,40.57,2891.63,100.0,5.03,45.41,29.82,32.39
2022-01-08,Sikkim,60.82,103.07,49.6,52.77,2970.07,100.0,11.53,43.28,24.0,40.62
2022-01-09,Arunachal Pradesh,61.78,113.17,66.33,23.03,3327.65,100.0,1.01,40.86,19.0,33.45
2022-01-10,Manipur,158.19,300.64,75.84,19.98,1058.73,100.0,44.25,61.82,31.42,44.54
2022-01-11,Meghalaya,122.07,232.1,74.91,26.61,1519.61,100.0,22.24,88.28,18.69,61.22
2022-01-12,Meghalaya,36.15,105.76,54.35,28.07,3208.76,100.0,46.26,68.74,24.82,32.46
2022-01-13,Meghalaya,117.25,216.57,95.62,31.55,3087.49,100.0,23.4,73.53,16.43,43.35
2022-01-14,Meghalaya,20.5,68.86,58.02,2.74,2114.33,100.0,43.11,13.69,29.41,24.56
2022-01-15,Manipur,90.22,184.47,79.71,4.65,1615.01,100.0,47.59,9.06,22.86,29.7
2022-01-16,Sikkim,84.78,234.75,93.9,27.16,3875.35,100.0,16.76,56.26,32.38,45.28
2022-01-17,Assam,42.04,134.22,82.36,20.63,1689.33,100.0,32.04,0.0,24.22,25.74
2022-01-18,Arunachal Pradesh,19.73,74.35,55.63,54.41,3067.74,100.0,33.32,42.78,14.11,40.07
2022-01-19,Tripura,38.54,64.53,37.39,42.03,1679.94,100.0,1.07,47.29,34.82,34.5
2022-01-20,Manipur,39.46,92.43,61.3,26.39,1273.85,100.0,21.91,11.67,22.55,25.62
2022-01-21,Assam,39.98,73.17,42.03,31.09,2581.94,100.0,42.77,38.83,16.27,30.83
2022-01-22,Meghalaya,113.78,188.81,46.73,48.32,3240.08,100.0,47.31,69.97,18.23,49.0
2022-01-23,Nagaland,11.13,0.0,42.83,26.19,3926.44,100.0,44.96,21.59,13.03,25.33
2022-01-24,Mizoram,146.57,269.4,100.0,67.72,638.17,100.0,48.64,72.39,11.85,58.08
2022-01-25,Arunachal Pradesh,35.65,186.19,82.44,46.39,3510.65,100.0,32.65,66.67,21.26,50.83
2022-01-26,Arunachal Pradesh,97.01,203.37,88.25,54.56,2120.36,100.0,11.64,92.1,33.8,52.93
2022-01-27,Sikkim,111.96,247.04,100.0,39.96,475.58,100.0,28.77,59.36,13.07,52.08
2022-01-28,Assam,143.12,303.08,86.08,11.89,3187.8,100.0,21.06,59.91,32.57,49.0
2022-01-29,Meghalaya,117.95,215.46,77.27,16.45,1359.6,100.0,12.93,33.98,29.92,41.71
2022-01-30,Meghalaya,53.97,122.16,45.13,38.49,3479.59,100.0,38.64,55.41,30.16,43.8
2022-01-31,Tripura,43.24,59.0,58.54,8.69,673.32,100.0,31.46,34.71,27.75,24.71
2022-02-01,Assam,122.32,241.35,100.0,17.18,2858.81,100.0,39.51,52.72,24.8,53.4
2022-02-02,Manipur,131.21,249.06,81.64,30.94,1238.15,100.0,13.47,84.97,13.03,53.77
2022-02-03,Tripura,83.23,140.6,78.96,20.98,1066.53,100.0,45.19,29.38,24.39,44.68
2022-02-04,Sikkim,36.19,150.23,58.51,23.25,248.53,100.0,11.94,37.48,18.8,33.03
2022-02-05,Manipur,66.81,119.15,73.51,61.25,1953.54,100.0,30.1,81.27,12.63,42.46
2022-02-06,Arunachal Pradesh,108.79,327.08,71.91,18.29,1596.43,100.0,2.84,46.04,30.1,41.03
2022-02-07,Assam,31.78,113.81,85.6,44.54,293.68,100.0,27.05,60.07,23.66,36.47
2022-02-08,Mizoram,99.1,197.78,63.2,50.52,945.24,100.0,4.94,92.12,28.62,49.96
2022-02-09,Sikkim,50.97,204.01,83.34,25.74,1974.72,100.0,16.61,59.54,21.99,38.62
2022-02-10,Manipur,46.95,29.11,66.89,38.17,3242.67,100.0,43.03,41.11,23.79,28.25
2022-02-11,Manipur,72.13,146.75,51.83,18.42,3721.32,100.0,44.68,30.93,27.81,33.01
2022-02-12,Arunachal Pradesh,142.73,246.75,100.0,57.87,2085.56,100.0,38.36,87.1,16.17,52.45
2022-02-13,Meghalaya,113.82,213.48,100.0,45.82,1643.06,100.0,18.39,34.36,31.18,60.58
2022-02-14,Manipur,98.09,206.18,91.57,24.4,3821.28,100.0,28.94,14.21,20.52,43.51
2022-02-15,Tripura,229.19,385.36,100.0,2.8,3853.31,100.0,11.2,32.27,27.71,66.97
2022-02-16,Tripura,140.9,317.39,100.0,39.89,802.13,100.0,33.92,62.6,18.15,52.02
2022-02-17,Nagaland,72.62,176.34,83.88,13.36,2149.25,100.0,17.37,11.29,27.56,34.66
2022-02-18,Tripura,66.01,168.38,84.87,23.14,3292.59,100.0,11.05,83.22,11.09,50.82
2022-02-19,Tripura,124.01,254.51,60.71,47.73,3297.92,100.0,29.25,43.21,33.23,60.53
2022-02-20,Nagaland,98.73,146.56,65.04,26.34,2755.67,100.0,5.59,56.27,29.67,45.64
2022-02-21,Arunachal Pradesh,27.81,99.79,51.19,43.87,1912.3,100.0,34.33,28.09,26.62,26.16
2022-02-22,Arunachal Pradesh,43.22,124.29,53.92,31.06,1644.44,100.0,9.35,37.88,18.1,33.45
2022-02-23,Meghalaya,27.62,46.46,38.65,22.5,3235.33,100.0,27.67,27.77,31.06,19.83
2022-02-24,Nagaland,36.5,140.19,48.63,4.88,941.61,100.0,19.63,5.15,29.19,26.24
2022-02-25,Assam,50.34,44.02,72.05,50.92,1742.3,96.58,28.31,40.31,21.33,41.51
2022-02-26,Assam,72.02,258.81,82.95,35.77,2289.12,100.0,12.3,82.7,14.94,55.85
2022-02-27,Manipur,53.19,128.28,63.48,59.59,3335.55,100.0,15.52,49.74,14.39,48.85
2022-02-28,Sikkim,53.94,96.7,54.65,5.93,1526.71,100.0,7.02,27.76,22.2,28.13
2022-03-01,Assam,101.91,227.57,77.28,14.58,2217.19,100.0,38.85,46.89,29.59,34.58
2022-03-02,Assam,72.5,183.79,83.01,30.12,1152.7,100.0,3.51,51.36,27.86,41.39
2022-03-03,Tripura,150.08,356.97,100.0,24.41,3355.81,100.0,18.82,22.89,22.34,58.41
2022-03-04,Nagaland,116.15,295.52,100.0,27.19,3152.89,100.0,22.45,68.96,15.11,50.9
2022-03-05,Nagaland,104.35,153.33,94.22,14.92,3289.39,100.0,9.76,44.11,15.98,38.4
2022-03-06,Meghalaya,125.52,227.47,68.99,32.56,277.03,100.0,19.24,50.47,11.44,49.35
2022-03-07,Arunachal Pradesh,34.34,65.12,57.87,37.08,1973.25,100.0,20.9,62.55,14.42,35.64
2022-03-08,Nagaland,111.42,246.82,93.76,32.65,586.58,100.0,11.22,73.18,10.32,56.94
2022-03-09,Nagaland,46.6,176.5,57.67,56.41,2711.35,100.0,31.96,64.2,26.86,43.8
2022-03-10,Arunachal Pradesh,149.35,221.35,93.96,44.55,1279.99,100.0,1.54,45.26,24.71,56.32
2022-03-11,Mizoram,83.58,172.84,70.63,21.43,3109.58,100.0,9.88,33.81,34.7,38.81
2022-03-12,Tripura,52.01,102.74,84.24,22.73,307.41,100.0,31.2,29.88,29.07,33.84
2022-03-13,Sikkim,162.47,327.48,100.0,21.78,2077.38,100.0,31.38,65.95,16.16,66.31
2022-03-14,Assam,107.78,228.05,85.6,34.23,538.48,100.0,13.26,49.85,27.7,53.36
2022-03-15,Tripura,65.12,194.72,75.7,32.91,2253.7,100.0,34.15,51.26,10.3,47.48
2022-03-16,Nagaland,169.28,287.08,100.0,31.48,2449.04,100.0,23.49,30.93,34.65,50.59
2022-03-17,Nagaland,175.27,308.23,92.96,42.81,1875.47,100.0,26.36,79.22,25.36,60.77
2022-03-18,Tripura,69.12,169.44,77.86,58.3,1154.6,100.0,16.63,80.65,12.99,51.24
2022-03-19,Assam,12.28,57.58,50.54,57.34,177.7,97.67,49.21,37.23,22.46,29.17
2022-03-20,Nagaland,66.41,161.57,90.24,25.06,2665.35,100.0,36.87,29.94,33.52,43.54
2022-03-21,Arunachal Pradesh,112.25,269.18,100.0,37.88,3488.25,100.0,12.42,43.12,31.24,58.28
2022-03-22,Manipur,61.4,227.45,93.63,47.28,2947.91,100.0,11.83,94.53,17.47,48.43
2022-03-23,Nagaland,31.34,77.48,47.58,24.2,3577.42,100.0,38.71,46.25,19.9,29.49
2022-03-24,Meghalaya,84.5,262.65,90.18,47.4,3721.53,95.94,19.4,59.37,31.34,48.04
2022-03-25,Nagaland,51.49,107.14,42.97,36.1,1825.71,100.0,4.58,26.74,32.5,28.01
2022-03-26,Sikkim,127.12,275.44,98.82,41.82,2807.07,100.0,1.78,38.09,32.86,59.46
2022-03-27,Assam,17.37,56.28,39.16,55.53,1619.65,100.0,20.7,59.49,33.7,39.72
2022-03-28,Arunachal Pradesh,159.61,248.24,100.0,62.16,3682.19,100.0,20.74,60.68,22.51,55.35
2022-03-29,Nagaland,136.65,303.88,92.56,29.17,2273.74,100.0,35.34,64.14,31.54,54.85
2022-03-30,Sikkim,20.62,78.96,71.18,41.86,3022.18,100.0,28.74,66.76,18.67,44.58
2022-03-31,Tripura,37.31,157.33,94.39,43.29,107.35,100.0,38.51,27.15,30.95,30.18
2022-04-01,Mizoram,70.5,185.82,89.6,33.25,2323.42,100.0,15.89,32.63,18.69,43.26
2022-04-02,Arunachal Pradesh,160.18,306.71,93.74,14.46,2980.86,100.0,31.21,58.42,25.21,43.16
2022-04-03,Arunachal Pradesh,44.48,138.76,59.08,24.18,1065.17,100.0,44.29,31.82,21.71,30.05
2022-04-04,Tripura,60.9,184.89,100.0,13.81,106.78,100.0,3.46,32.22,32.32,43.9
2022-04-05,Sikkim,126.69,277.09,100.0,16.47,2987.35,100.0,35.42,62.62,11.66,52.6
2022-04-06,Sikkim,85.22,161.65,76.88,25.46,1385.44,100.0,35.79,53.87,33.72,37.88
2022-04-07,Mizoram,75.96,180.86,71.1,41.53,1743.72,100.0,39.7,42.06,21.55,47.52
2022-04-08,Sikkim,37.04,165.58,60.07,32.29,2270.11,100.0,13.45,31.91,22.03,31.06
2022-04-09,Nagaland,118.65,229.79,76.66,35.1,485.49,100.0,20.83,49.27,30.7,54.3
2022-04-10,Sikkim,157.34,266.25,100.0,35.27,459.03,100.0,11.99,76.86,26.65,58.42
2022-04-11,Meghalaya,122.84,209.4,100.0,15.86,3845.48,100.0,15.43,6.38,33.84,43.07
2022-04-12,Tripura,78.49,201.7,78.56,57.65,1388.64,100.0,48.43,56.85,23.67,50.61
2022-04-13,Assam,95.11,183.04,94.59,17.37,1059.32,100.0,22.28,49.66,23.97,44.29
2022-04-14,Manipur,56.96,149.93,83.46,6.2,238.57,100.0,42.43,15.89,34.29,34.35
2022-04-15,Arunachal Pradesh,112.74,207.59,77.13,59.0,737.02,100.0,39.74,32.8,33.16,51.92
2022-04-16,Tripura,108.39,259.54,100.0,20.54,1752.04,100.0,22.23,24.85,15.22,49.98
2022-04-17,Meghalaya,99.49,205.24,96.5,30.25,1401.19,100.0,49.61,52.7,17.67,45.55
2022-04-18,Assam,61.18,198.89,93.53,30.96,1727.1,100.0,42.04,43.7,25.63,39.94
2022-04-19,Assam,75.02,218.19,77.45,17.25,2830.44,100.0,24.13,2.62,33.48,36.12
2022-04-20,Manipur,52.17,124.74,75.7,22.3,2585.07,100.0,15.49,23.78,24.08,39.15
2022-04-21,Nagaland,92.68,242.35,100.0,18.48,1997.95,100.0,3.76,69.02,28.32,51.46
2022-04-22,Sikkim,67.16,137.23,81.78,38.45,3268.54,100.0,23.24,41.76,12.35,40.14
2022-04-23,Tripura,60.04,150.71,86.31,7.67,3436.43,100.0,18.0,40.47,23.07,31.46
2022-04-24,Meghalaya,234.67,370.82,100.0,25.98,2383.71,100.0,35.57,58.23,13.69,67.51
2022-04-25,Tripura,11.21,90.55,74.2,22.24,514.41,100.0,0.98,46.46,16.52,39.33
2022-04-26,Arunachal Pradesh,101.89,214.89,100.0,33.15,1654.41,100.0,41.57,59.85,14.16,48.91
2022-04-27,Arunachal Pradesh,22.81,104.78,54.1,25.1,2556.13,100.0,20.83,33.45,14.15,34.89
2022-04-28,Tripura,76.83,110.84,41.41,48.38,298.26,100.0,23.49,27.6,34.79,29.03
2022-04-29,Nagaland,123.54,155.74,95.68,9.58,128.63,100.0,9.14,39.18,17.46,44.84
2022-04-30,Arunachal Pradesh,39.73,64.29,45.92,0.72,3795.92,100.0,46.87,0.0,24.14,18.76
2022-05-01,Tripura,16.84,95.22,47.91,32.85,2933.76,100.0,19.92,45.85,10.5,35.06
2022-05-02,Assam,103.49,232.17,89.62,31.54,654.78,100.0,42.14,66.54,30.16,58.5
2022-05-03,Manipur,45.16,162.92,68.53,31.12,1808.25,100.0,11.87,31.97,27.01,40.38
2022-05-04,Tripura,33.85,84.6,28.03,32.56,814.55,100.0,4.83,11.61,15.72,20.46
2022-05-05,Manipur,63.88,154.17,84.21,0.66,90.63,100.0,31.79,45.51,10.9,25.21
2022-05-06,Sikkim,180.59,292.84,100.0,29.52,1597.19,100.0,49.22,54.26,16.86,47.34
2022-05-07,Manipur,58.74,192.8,63.09,41.2,2611.12,100.0,32.35,46.44,25.71,41.83
2022-05-08,Sikkim,50.24,96.98,59.01,31.19,3818.81,100.0,30.44,38.97,10.38,31.69
2022-05-09,Nagaland,62.95,191.56,63.05,34.09,3090.85,100.0,22.11,36.93,11.88,31.66
2022-05-10,Sikkim,29.64,84.41,44.0,38.8,959.05,100.0,14.19,6.74,20.23,33.48
2022-05-11,Assam,64.23,209.36,72.84,10.49,1378.04,100.0,21.54,24.96,14.4,34.15
2022-05-12,Manipur,158.93,295.71,100.0,44.05,2106.29,100.0,7.45,62.04,25.8,63.32
2022-05-13,Assam,35.05,109.02,91.97,43.55,805.53,100.0,13.1,43.2,14.37,35.63
2022-05-14,Tripura,37.63,76.29,49.06,4.95,3340.14,100.0,24.37,0.0,34.84,26.4
2022-05-15,Sikkim,115.31,309.64,100.0,55.1,713.46,100.0,7.24,63.22,20.9,57.74
2022-05-16,Mizoram,125.89,278.47,100.0,16.9,1195.39,100.0,39.58,79.29,13.71,45.97
2022-05-17,Manipur,146.84,290.74,66.2,42.52,2331.52,100.0,0.58,61.27,11.85,57.6
2022-05-18,Mizoram,14.61,81.49,35.52,19.59,536.73,100.0,16.08,45.4,20.51,20.99
2022-05-19,Tripura,57.54,109.88,92.67,42.37,2517.23,100.0,25.83,53.75,30.23,51.97
2022-05-20,Nagaland,122.05,260.01,84.41,61.92,3779.69,100.0,46.45,54.09,20.97,59.97
2022-05-21,Manipur,26.42,86.97,64.19,47.8,2781.57,100.0,28.67,30.3,13.53,26.03
2022-05-22,Assam,143.56,267.65,98.58,9.05,3260.5,100.0,14.75,49.31,22.22,53.01
2022-05-23,Nagaland,125.71,274.21,62.92,31.53,1782.05,100.0,17.61,42.3,18.43,59.99
2022-05-24,Mizoram,25.65,99.85,49.74,43.23,1493.0,100.0,16.96,64.58,22.55,31.4
2022-05-25,Nagaland,55.61,134.14,77.73,33.63,1347.98,100.0,9.02,34.13,19.78,30.52
2022-05-26,Manipur,59.51,196.68,65.27,42.07,2658.84,100.0,7.24,67.29,26.2,55.34
2022-05-27,Meghalaya,99.96,167.18,67.76,13.51,2098.22,100.0,24.03,41.13,30.09,33.48
2022-05-28,Nagaland,64.43,80.44,38.03,53.91,1915.66,100.0,13.51,54.56,32.16,39.84
2022-05-29,Manipur,43.27,83.06,44.0,33.7,447.95,100.0,4.59,22.93,28.53,22.12
2022-05-30,Meghalaya,165.45,304.26,92.95,29.7,2709.82,100.0,10.82,76.92,18.88,55.99
2022-05-31,Nagaland,54.45,159.46,44.0,35.32,2915.26,88.77,26.04,90.32,21.21,39.92
2022-06-01,Meghalaya,75.93,134.13,84.4,5.77,824.98,100.0,12.84,7.64,26.04,32.11
2022-06-02,Meghalaya,106.06,356.58,90.49,20.38,3050.84,100.0,11.89,74.67,15.5,49.16
2022-06-03,Sikkim,56.07,141.39,65.69,14.07,3523.61,100.0,31.03,31.26,27.54,33.97
2022-06-04,Meghalaya,108.07,218.17,72.46,43.89,739.76,100.0,34.47,37.68,26.24,40.32
2022-06-05,Meghalaya,60.99,89.9,74.13,56.41,1835.56,100.0,12.06,26.01,26.41,43.86
2022-06-06,Manipur,182.42,265.91,74.7,34.06,3510.93,100.0,23.61,36.41,18.33,53.42
2022-06-07,Arunachal Pradesh,49.38,52.75,38.82,38.74,1974.83,100.0,38.23,20.04,25.04,28.1
2022-06-08,Arunachal Pradesh,62.49,198.59,59.66,43.08,3270.25,100.0,34.5,28.16,14.94,38.41
2022-06-09,Tripura,134.7,300.55,63.99,2.97,902.22,100.0,3.46,63.57,14.74,46.83
2022-06-10,Manipur,144.49,266.67,100.0,11.91,302.53,100.0,18.0,42.44,29.21,50.87
2022-06-11,Nagaland,76.26,115.79,63.64,73.94,284.89,100.0,36.16,66.81,19.49,46.39
2022-06-12,Mizoram,184.33,315.4,100.0,23.21,3890.81,100.0,8.97,30.1,23.61,56.07
2022-06-13,Assam,20.51,137.62,79.68,29.21,700.64,100.0,9.8,62.4,17.32,46.26
2022-06-14,Arunachal Pradesh,74.26,141.22,69.87,23.1,3466.32,100.0,31.51,25.03,15.9,39.34
2022-06-15,Meghalaya,60.43,104.56,54.25,61.9,1297.13,100.0,14.19,77.35,29.5,48.72
2022-06-16,Arunachal Pradesh,82.44,158.42,75.58,59.88,208.35,100.0,16.19,64.74,29.85,55.73
2022-06-17,Sikkim,45.0,105.78,53.56,34.54,1001.86,86.0,26.14,18.73,30.91,29.57
2022-06-18,Manipur,84.93,206.92,98.07,34.89,2046.7,100.0,37.53,55.45,31.36,55.18
2022-06-19,Meghalaya,29.1,5.36,35.64,22.07,471.75,100.0,24.91,20.96,20.28,10.2
2022-06-20,Mizoram,71.99,164.75,71.16,28.03,3692.55,100.0,44.67,21.09,30.22,46.91
2022-06-21,Manipur,71.64,129.59,75.47,41.85,3604.55,100.0,5.33,22.53,18.65,39.81
2022-06-22,Arunachal Pradesh,89.14,162.29,100.0,18.46,639.13,100.0,37.71,51.88,11.31,43.68
2022-06-23,Assam,73.36,190.21,62.71,46.65,2961.58,100.0,27.18,76.51,27.23,51.29
2022-06-24,Assam,56.94,83.34,38.39,13.18,1869.8,100.0,40.83,4.06,14.97,19.49
2022-06-25,Manipur,39.28,116.11,59.55,53.32,3929.4,100.0,15.82,50.46,21.29,48.15
2022-06-26,Arunachal Pradesh,101.68,221.77,73.13,34.36,268.85,100.0,24.11,19.83,14.1,45.33
2022-06-27,Tripura,55.67,156.69,81.84,38.65,1910.59,100.0,41.18,61.77,19.79,42.6
2022-06-28,Manipur,114.37,249.82,92.93,57.2,1177.62,100.0,41.59,65.14,32.12,51.48
2022-06-29,Arunachal Pradesh,57.94,159.79,55.17,16.81,2919.19,100.0,18.8,7.78,25.33,37.84
2022-06-30,Assam,34.38,130.34,77.31,24.88,488.98,100.0,41.11,26.49,13.7,32.46
2022-07-01,Mizoram,22.12,47.94,77.3,21.03,2531.03,100.0,34.12,14.42,28.14,34.15
2022-07-02,Nagaland,46.16,173.87,62.79,51.07,3794.83,100.0,20.47,35.76,31.2,31.86
2022-07-03,Arunachal Pradesh,175.97,266.57,98.19,26.61,1842.83,100.0,48.49,69.01,14.16,59.04
2022-07-04,Arunachal Pradesh,24.84,102.07,27.49,30.18,1844.21,100.0,1.54,18.47,28.6,23.34
2022-07-05,Sikkim,34.98,75.23,49.52,54.56,2008.02,100.0,19.13,78.39,23.73,40.26
2022-07-06,Assam,73.06,90.88,62.82,45.69,1692.05,100.0,15.35,59.19,25.11,46.21
2022-07-07,Sikkim,49.33,101.19,58.12,40.39,1817.53,100.0,46.79,33.73,33.48,24.85
2022-07-08,Manipur,71.45,152.43,72.18,8.98,1879.79,100.0,4.97,75.47,10.91,34.8
2022-07-09,Assam,103.57,260.83,80.5,43.26,3992.36,100.0,31.4,50.39,25.97,54.72
2022-07-10,Manipur,159.85,362.56,100.0,49.68,509.92,100.0,35.83,43.37,12.04,51.43
2022-07-11,Assam,55.34,127.83,59.41,33.03,1177.02,100.0,9.21,59.2,29.74,39.15
2022-07-12,Assam,188.33,276.93,76.94,29.09,882.61,100.0,7.5,35.06,32.4,46.12
2022-07-13,Arunachal Pradesh,148.26,220.15,83.45,50.52,2199.54,100.0,2.39,82.26,12.16,69.0
2022-07-14,Manipur,45.89,149.7,83.78,61.46,61.1,100.0,7.94,27.99,10.65,46.58
2022-07-15,Meghalaya,151.51,305.6,100.0,39.59,3688.34,100.0,40.41,43.38,33.89,62.29
2022-07-16,Manipur,40.97,87.16,49.67,32.25,2147.93,100.0,47.2,24.1,33.16,24.29
2022-07-17,Manipur,25.27,40.94,74.79,15.78,3589.5,100.0,45.07,33.41,33.09,29.2
2022-07-18,Assam,35.07,142.3,67.34,44.73,1412.61,100.0,18.27,36.95,33.49,36.24
2022-07-19,Tripura,64.04,96.94,33.7,26.02,642.22,100.0,36.29,21.86,22.5,28.4
2022-07-20,Mizoram,10.86,48.52,58.62,39.86,809.56,100.0,41.35,48.01,34.42,33.52
2022-07-21,Mizoram,34.96,121.38,62.22,29.39,1909.39,100.0,40.62,60.32,32.31,34.05
2022-07-22,Tripura,16.24,0.0,38.89,43.36,209.06,100.0,3.13,25.78,12.44,26.28
2022-07-23,Tripura,191.25,375.01,100.0,46.11,3138.13,100.0,10.74,50.63,30.32,65.9
2022-07-24,Manipur,57.75,231.84,82.45,12.61,3173.01,100.0,46.95,68.55,27.81,49.71
2022-07-25,Arunachal Pradesh,109.85,219.34,79.51,21.15,2822.72,100.0,37.0,39.57,13.35,37.99
2022-07-26,Sikkim,52.08,126.74,46.54,13.0,3590.54,100.0,41.72,37.54,28.45,22.67
2022-07-27,Assam,73.56,162.11,64.48,57.9,2220.44,100.0,25.71,45.72,22.12,47.73
2022-07-28,Nagaland,21.63,91.43,61.96,32.88,1943.31,100.0,19.65,27.89,31.35,28.21
2022-07-29,Tripura,44.01,86.81,48.54,16.17,2140.24,100.0,32.56,17.32,30.47,20.28
2022-07-30,Assam,87.33,136.03,42.16,43.4,768.72,100.0,23.64,61.98,33.56,41.44
2022-07-31,Arunachal Pradesh,20.88,67.2,63.21,35.01,2073.55,95.23,18.69,58.01,11.88,29.31
2022-08-01,Tripura,48.07,128.25,76.04,65.57,2189.94,100.0,17.39,45.35,27.76,47.7
2022-08-02,Sikkim,82.55,133.89,77.28,43.85,3070.13,100.0,7.9,37.49,19.43,44.51
2022-08-03,Nagaland,29.22,39.97,34.11,35.18,1424.28,100.0,26.47,56.19,29.4,28.16
2022-08-04,Arunachal Pradesh,153.17,262.14,92.12,9.93,414.3,100.0,25.99,79.16,25.06,44.63
2022-08-05,Sikkim,66.57,96.52,62.9,49.67,2409.98,100.0,29.54,55.9,22.39,37.88
2022-08-06,Sikkim,105.38,234.94,95.91,13.9,3162.44,100.0,5.81,47.4,10.11,45.49
2022-08-07,Meghalaya,64.71,9.4,51.13,33.97,3879.76,100.0,45.75,66.47,25.18,44.14
2022-08-08,Mizoram,93.01,142.78,47.36,32.36,406.51,100.0,37.1,45.42,20.51,27.69
2022-08-09,Tripura,49.77,181.2,100.0,49.48,2998.09,100.0,6.55,57.86,18.31,53.42
2022-08-10,Arunachal Pradesh,30.36,86.67,39.21,31.29,2403.57,100.0,3.97,24.99,34.72,23.32
2022-08-11,Assam,29.21,101.17,35.77,37.59,110.58,100.0,32.15,52.94,27.51,29.85
2022-08-12,Assam,100.92,196.23,35.24,45.74,2887.05,100.0,17.08,40.07,23.5,42.82
2022-08-13,Sikkim,65.71,123.47,75.17,51.94,153.49,100.0,15.95,39.94,31.72,43.04
2022-08-14,Sikkim,46.43,163.45,94.42,7.37,3151.76,100.0,42.0,24.62,15.68,42.69
2022-08-15,Arunachal Pradesh,24.92,64.51,43.42,36.69,2899.22,100.0,17.26,46.44,25.5,36.66
2022-08-16,Mizoram,64.67,113.86,36.25,76.88,2767.28,100.0,31.61,54.07,31.52,45.39
2022-08-17,Arunachal Pradesh,68.89,179.6,89.04,43.2,523.98,100.0,26.85,67.5,13.09,53.74
2022-08-18,Arunachal Pradesh,99.24,121.64,44.86,22.93,3680.18,100.0,13.15,14.41,15.9,29.98
2022-08-19,Assam,99.0,187.08,86.7,43.64,3600.71,100.0,16.58,43.87,12.07,45.06
2022-08-20,Assam,138.89,237.57,73.65,18.0,3606.03,100.0,47.16,45.15,34.81,54.51
2022-08-21,Manipur,15.19,60.62,45.54,53.9,1473.43,100.0,16.57,46.84,24.52,34.8
2022-08-22,Sikkim,91.0,166.97,78.18,27.32,1994.08,100.0,39.2,55.21,22.24,45.93
2022-08-23,Assam,59.45,154.18,75.74,25.07,503.84,100.0,43.06,20.06,18.46,27.5
2022-08-24,Manipur,64.42,190.62,79.73,35.82,251.83,100.0,3.55,48.13,21.24,38.95
2022-08-25,Tripura,49.77,143.02,90.66,47.6,282.17,100.0,33.16,28.93,29.4,48.35
2022-08-26,Mizoram,23.01,71.04,79.92,35.58,2296.64,100.0,37.46,47.8,32.92,25.9
2022-08-27,Assam,43.37,140.32,94.95,55.74,1319.54,100.0,21.7,42.86,12.62,47.17
2022-08-28,Manipur,69.41,184.06,74.17,16.04,2339.24,100.0,28.47,52.97,17.49,44.56
2022-08-29,Nagaland,93.93,205.33,82.66,61.85,2391.02,100.0,8.09,61.89,14.73,46.77
2022-08-30,Nagaland,101.44,244.1,100.0,10.82,3632.9,100.0,15.92,42.3,20.89,46.55
2022-08-31,Arunachal Pradesh,30.81,2.31,30.69,21.56,3535.02,100.0,35.38,74.16,23.26,16.35
2022-09-01,Arunachal Pradesh,73.86,161.86,65.93,6.36,2888.4,100.0,30.13,49.58,28.03,33.65
2022-09-02,Meghalaya,90.06,197.4,79.79,55.15,3283.09,100.0,6.82,71.12,31.89,56.5
2022-09-03,Sikkim,77.1,106.41,60.99,21.77,62.48,100.0,49.4,31.84,23.55,31.18
2022-09-04,Nagaland,9.56,73.18,50.34,60.43,111.36,100.0,46.89,40.62,22.22,37.79
2022-09-05,Mizoram,78.17,203.86,66.75,57.69,1861.42,100.0,11.21,49.86,24.39,49.67
2022-09-06,Manipur,53.12,120.72,76.96,44.04,2632.09,100.0,43.76,72.01,32.21,44.92
2022-09-07,Manipur,54.5,158.02,65.79,15.95,3186.63,100.0,13.36,21.91,26.21,35.75
2022-09-08,Arunachal Pradesh,133.09,290.55,100.0,12.83,1816.7,100.0,28.19,57.02,29.68,47.86
2022-09-09,Arunachal Pradesh,123.72,289.28,97.75,19.31,3763.66,100.0,39.1,37.59,27.99,50.23
2022-09-10,Mizoram,54.67,178.49,85.83,22.58,3269.19,100.0,17.2,22.16,33.09,32.54
2022-09-11,Manipur,63.19,199.41,86.73,47.7,455.88,100.0,27.76,46.04,30.42,62.93
2022-09-12,Nagaland,31.8,77.72,51.71,67.39,1788.7,100.0,22.52,66.09,18.53,44.55
2022-09-13,Sikkim,23.59,69.78,47.73,7.37,3979.77,100.0,38.01,42.32,31.36,21.81
2022-09-14,Manipur,131.72,148.65,68.07,10.13,1669.27,100.0,23.93,34.92,21.69,45.19
2022-09-15,Meghalaya,157.69,243.92,72.14,64.26,1575.77,100.0,28.35,64.5,31.18,69.51
2022-09-16,Mizoram,124.22,285.07,84.95,39.9,1211.62,100.0,42.28,70.34,32.64,50.29
2022-09-17,Meghalaya,190.48,311.52,100.0,56.75,1971.63,100.0,34.93,66.69,27.13,63.63
2022-09-18,Meghalaya,88.27,198.31,84.15,30.88,2932.94,100.0,26.38,38.32,27.97,54.06
2022-09-19,Sikkim,72.19,167.92,59.09,10.89,237.51,100.0,23.06,14.98,13.53,22.86
2022-09-20,Tripura,97.58,245.99,87.4,26.44,3351.08,100.0,6.34,70.25,18.1,53.71
2022-09-21,Sikkim,85.19,96.96,35.95,2.95,3674.44,100.0,2.82,11.3,23.94,25.38
2022-09-22,Manipur,83.72,189.69,79.97,24.44,3135.32,100.0,47.64,22.72,10.09,44.47
2022-09-23,Manipur,75.03,176.0,70.16,64.56,3666.76,100.0,9.33,56.29,31.18,56.54
2022-09-24,Arunachal Pradesh,80.85,136.96,98.82,33.0,424.87,100.0,13.84,58.5,19.24,45.73
2022-09-25,Nagaland,110.61,254.32,99.67,40.23,1827.93,100.0,30.55,70.74,28.08,56.47
2022-09-26,Meghalaya,34.98,46.51,35.0,28.08,330.62,100.0,41.4,25.64,29.23,17.74
2022-09-27,Mizoram,119.38,271.65,79.83,10.3,3355.5,100.0,41.66,34.04,23.7,43.4
2022-09-28,Nagaland,106.0,122.78,74.12,61.01,3812.56,100.0,41.48,97.81,29.76,56.25
2022-09-29,Assam,15.22,36.63,60.52,53.91,1226.12,100.0,48.9,26.07,27.06,28.61
2022-09-30,Sikkim,91.9,182.26,100.0,36.56,2164.81,100.0,2.79,47.53,19.0,46.52
2022-10-01,Assam,124.74,245.82,100.0,18.96,1225.82,100.0,19.99,31.84,30.4,42.26
2022-10-02,Tripura,41.86,38.07,54.77,19.61,1546.55,100.0,45.68,41.72,25.9,31.2
2022-10-03,Mizoram,113.21,261.54,100.0,35.09,1932.4,100.0,23.37,72.29,14.01,54.96
2022-10-04,Assam,149.11,303.8,100.0,70.16,3173.67,100.0,43.56,55.62,29.32,61.33
2022-10-05,Nagaland,86.29,255.56,91.56,29.23,630.64,100.0,0.88,55.23,26.9,51.48
2022-10-06,Nagaland,111.2,244.89,70.79,13.94,670.36,100.0,25.22,0.0,17.12,40.95
2022-10-07,Sikkim,28.56,63.38,75.3,69.84,847.36,100.0,46.12,54.47,31.05,40.7
2022-10-08,Arunachal Pradesh,123.86,192.93,80.57,11.15,259.95,100.0,13.06,0.0,19.35,32.24
2022-10-09,Nagaland,83.44,158.34,70.19,29.79,2591.69,100.0,46.48,48.12,23.82,47.19
2022-10-10,Meghalaya,141.84,349.99,98.09,23.78,799.96,100.0,0.42,51.56,18.58,63.12
2022-10-11,Manipur,121.74,234.51,100.0,15.78,1778.28,100.0,3.95,13.9,28.11,50.51
2022-10-12,Tripura,77.8,170.32,88.86,27.98,2758.08,100.0,23.84,52.37,24.53,44.07
2022-10-13,Sikkim,83.39,230.26,72.52,21.54,1823.34,100.0,5.32,45.34,21.76,37.99
2022-10-14,Arunachal Pradesh,59.48,92.63,66.18,38.28,3628.77,100.0,11.28,20.65,10.51,28.26
2022-10-15,Meghalaya,84.96,198.99,91.74,15.62,3088.21,100.0,14.88,52.76,25.18,50.15
2022-10-16,Nagaland,156.93,306.05,82.52,25.89,1128.44,93.67,24.07,52.44,25.56,44.39
2022-10-17,Arunachal Pradesh,75.13,200.99,89.82,55.52,565.12,100.0,19.53,66.39,14.53,46.68
2022-10-18,Manipur,156.1,318.24,100.0,23.11,3583.03,100.0,46.11,47.36,18.31,52.99
2022-10-19,Mizoram,158.88,285.98,100.0,35.39,1617.79,100.0,44.3,53.51,31.97,58.72
2022-10-20,Manipur,40.87,55.98,81.0,34.77,1560.92,100.0,37.4,64.49,23.73,23.65
2022-10-21,Sikkim,69.32,131.38,100.0,14.8,3249.52,100.0,32.97,19.4,20.88,38.2
2022-10-22,Manipur,50.07,158.79,90.3,20.72,86.95,100.0,10.22,42.23,33.4,45.09
2022-10-23,Mizoram,132.73,323.27,100.0,17.62,1831.89,100.0,30.09,57.31,30.3,48.45
2022-10-24,Mizoram,78.22,118.42,73.26,50.26,2871.56,100.0,7.35,24.08,12.44,47.82
2022-10-25,Tripura,83.8,124.15,71.34,41.47,3402.31,100.0,22.64,49.53,31.47,42.47
2022-10-26,Arunachal Pradesh,129.37,181.1,100.0,38.99,3546.57,100.0,23.08,15.86,13.74,52.23
2022-10-27,Nagaland,185.55,297.64,100.0,44.55,1889.44,100.0,34.49,100.0,14.37,65.43
2022-10-28,Nagaland,185.04,365.46,100.0,32.55,3398.44,100.0,41.76,91.31,11.88,60.77
2022-10-29,Tripura,66.86,202.94,88.82,43.81,191.26,100.0,16.03,13.08,22.03,44.16
2022-10-30,Tripura,162.23,210.2,100.0,22.65,1256.43,100.0,2.06,64.98,26.12,54.65
2022-10-31,Arunachal Pradesh,113.14,171.51,59.77,38.55,91.47,100.0,2.35,48.31,28.84,43.28
2022-11-01,Arunachal Pradesh,116.71,169.37,63.8,58.6,703.83,94.57,43.74,26.81,10.67,53.2
2022-11-02,Assam,191.77,302.95,89.68,16.99,2912.69,100.0,24.32,13.04,14.45,51.08
2022-11-03,Assam,33.21,90.93,40.23,14.95,67.48,100.0,12.4,25.8,25.53,24.14
2022-11-04,Tripura,70.63,140.04,53.74,15.76,2116.07,100.0,1.61,65.07,23.14,32.59
2022-11-05,Tripura,158.35,308.08,100.0,13.91,1685.25,100.0,26.44,95.07,11.28,59.68
2022-11-06,Arunachal Pradesh,66.65,72.92,57.88,45.76,535.34,100.0,6.85,45.96,33.39,31.81
2022-11-07,Sikkim,103.04,183.74,57.34,17.74,2758.26,100.0,20.85,17.25,28.96,36.83
2022-11-08,Mizoram,56.4,189.25,88.13,35.21,2787.84,100.0,25.8,83.43,18.97,45.64
2022-11-09,Nagaland,64.6,203.08,85.8,46.4,2919.08,100.0,11.46,34.93,23.41,49.65
2022-11-10,Mizoram,111.23,283.43,100.0,37.62,3072.96,100.0,9.94,50.42,19.36,51.62
2022-11-11,Meghalaya,126.43,255.38,82.02,29.0,1294.22,100.0,0.99,63.68,21.38,53.01
2022-11-12,Sikkim,58.31,111.27,43.85,12.49,3976.81,100.0,29.28,53.78,24.9,31.84
2022-11-13,Manipur,125.66,245.49,99.3,45.43,338.17,100.0,10.02,34.46,19.96,59.17
2022-11-14,Meghalaya,73.4,261.21,100.0,42.8,2608.4,100.0,43.91,57.12,25.52,42.65
2022-11-15,Manipur,120.22,209.11,65.25,13.01,3884.56,100.0,30.19,50.48,21.63,38.01
2022-11-16,Meghalaya,81.79,246.0,92.77,25.24,936.03,100.0,27.82,0.0,26.43,36.33
2022-11-17,Mizoram,101.07,104.13,51.58,12.66,1148.59,100.0,25.23,0.0,16.56,28.93
2022-11-18,Manipur,78.65,190.86,92.74,16.05,2325.11,100.0,10.77,4.29,14.28,40.08
2022-11-19,Tripura,24.65,112.87,72.51,50.6,3135.97,100.0,48.47,51.87,10.34,43.49
2022-11-20,Tripura,66.65,164.91,91.26,19.51,1349.34,94.27,48.35,48.2,25.05,39.48
2022-11-21,Assam,85.84,196.33,66.65,56.93,3355.26,100.0,16.06,82.23,34.52,53.61
2022-11-22,Meghalaya,75.52,184.2,66.49,10.75,1002.12,100.0,38.81,40.4,20.51,30.2
2022-11-23,Arunachal Pradesh,199.41,371.92,100.0,34.81,3503.75,100.0,5.96,100.0,15.32,74.37
2022-11-24,Sikkim,125.44,224.94,77.04,24.54,1049.16,100.0,39.03,57.43,10.33,41.15
2022-11-25,Sikkim,101.84,191.92,83.91,34.54,2488.87,100.0,14.32,73.3,22.82,52.17
2022-11-26,Nagaland,84.8,122.77,48.4,55.6,1463.28,100.0,14.46,69.2,34.82,45.82
2022-11-27,Tripura,18.78,107.47,84.31,9.46,1321.21,100.0,25.36,30.95,34.59,20.45
2022-11-28,Manipur,81.96,225.04,100.0,45.04,1448.28,100.0,19.62,87.22,12.53,56.42
2022-11-29,Assam,121.62,302.2,100.0,11.2,2021.85,100.0,5.89,59.21,30.41,63.31
2022-11-30,Meghalaya,53.3,97.11,66.92,26.83,3387.94,100.0,29.65,21.42,14.33,44.1
2022-12-01,Tripura,52.99,60.53,50.26,38.92,3049.31,100.0,10.69,39.47,30.23,41.33
2022-12-02,Manipur,35.1,117.7,66.37,25.79,1824.9,100.0,22.22,28.22,31.34,34.93
2022-12-03,Nagaland,40.31,64.23,41.5,2.14,1164.53,100.0,11.55,2.03,10.19,12.51
2022-12-04,Nagaland,240.68,433.89,100.0,67.25,3424.49,100.0,42.88,73.34,15.93,81.43
2022-12-05,Sikkim,125.02,149.32,74.89,29.81,3487.23,100.0,16.9,52.39,11.41,57.9
2022-12-06,Assam,103.57,248.84,77.39,61.38,1842.02,100.0,44.37,37.97,22.47,49.24
2022-12-07,Mizoram,102.45,209.81,100.0,42.21,2798.59,100.0,16.3,57.58,10.67,46.07
2022-12-08,Nagaland,182.73,247.24,88.18,3.18,1508.59,100.0,8.97,26.05,25.65,50.22
2022-12-09,Tripura,146.1,281.31,80.83,45.28,638.94,100.0,28.83,40.7,23.96,48.68
2022-12-10,Manipur,15.87,77.6,52.44,8.58,1319.86,100.0,27.76,20.25,19.48,15.72
2022-12-11,Assam,44.7,137.97,58.56,53.66,2744.23,100.0,30.95,53.52,21.55,44.08
2022-12-12,Meghalaya,108.04,244.14,76.22,5.69,3089.17,100.0,15.11,78.06,34.75,49.52
2022-12-13,Assam,92.73,92.44,82.06,34.69,3414.04,100.0,16.0,16.01,14.19,42.29
2022-12-14,Mizoram,85.98,160.12,72.17,47.39,119.97,95.88,11.87,55.85,28.28,49.39
2022-12-15,Meghalaya,32.07,94.55,74.36,24.81,1971.3,100.0,46.42,41.13,26.13,38.82
2022-12-16,Mizoram,70.71,144.25,75.02,3.18,1131.99,100.0,34.15,24.08,26.59,31.82
2022-12-17,Nagaland,116.77,211.12,89.37,48.38,2751.64,100.0,37.81,84.09,18.64,59.56
2022-12-18,Tripura,58.98,180.66,75.93,17.27,1019.06,100.0,9.71,41.77,15.41,34.56
2022-12-19,Sikkim,27.91,22.61,38.04,27.56,2286.81,100.0,33.08,43.61,26.27,35.66
2022-12-20,Assam,130.34,233.85,100.0,44.31,2862.25,100.0,38.13,42.93,32.82,57.61
2022-12-21,Manipur,26.72,81.59,66.13,21.23,3091.76,100.0,17.12,3.93,34.4,30.81
2022-12-22,Manipur,127.82,237.35,84.76,64.96,1114.4,100.0,7.88,62.43,22.02,57.53
2022-12-23,Manipur,74.11,122.07,79.33,37.06,396.94,100.0,34.85,36.65,20.64,35.0
2022-12-24,Arunachal Pradesh,74.13,246.86,100.0,46.96,913.92,100.0,30.56,51.08,18.72,46.24
2022-12-25,Tripura,116.13,263.33,98.16,47.73,2416.57,100.0,28.78,65.83,30.25,55.54
2022-12-26,Manipur,59.38,227.53,100.0,12.46,209.77,100.0,9.13,29.76,16.38,37.99
2022-12-27,Mizoram,159.86,315.4,95.92,10.59,677.5,100.0,13.12,38.12,22.83,50.65
2022-12-28,Sikkim,45.52,148.77,56.26,10.91,3982.13,100.0,31.24,59.33,18.63,25.0
2022-12-29,Assam,114.95,222.26,79.31,24.02,1560.21,100.0,30.68,24.9,31.89,48.76
2022-12-30,Arunachal Pradesh,54.33,194.02,79.42,44.46,2011.28,100.0,27.74,78.33,17.07,46.63
2022-12-31,Arunachal Pradesh,96.02,216.65,100.0,16.4,93.48,100.0,38.41,56.96,27.16,50.32
2023-01-01,Sikkim,92.24,180.73,70.43,34.74,2388.04,100.0,40.73,68.25,24.72,47.89
2023-01-02,Sikkim,106.08,282.99,100.0,13.01,1334.93,100.0,13.83,67.61,18.21,50.09
2023-01-03,Tripura,32.48,46.61,65.84,51.4,2144.26,100.0,7.88,38.1,16.37,43.84
2023-01-04,Assam,141.75,233.34,93.68,36.51,2128.17,100.0,10.06,37.98,30.09,60.49
2023-01-05,Tripura,125.56,350.77,100.0,30.23,3871.46,100.0,14.07,53.99,22.76,58.16
2023-01-06,Meghalaya,101.8,229.52,66.73,26.4,1109.62,100.0,47.39,46.02,25.29,48.05
2023-01-07,Arunachal Pradesh,53.26,24.56,63.2,28.22,2303.21,100.0,6.86,3.14,34.05,30.24
2023-01-08,Sikkim,53.15,170.48,58.31,7.07,1557.13,86.49,43.94,38.75,19.95,28.95
2023-01-09,Assam,140.33,219.57,78.23,27.71,1716.9,100.0,10.17,37.54,30.36,46.43
2023-01-10,Assam,37.43,83.17,57.14,18.27,269.46,100.0,17.42,31.08,25.97,19.99
2023-01-11,Meghalaya,61.75,244.67,100.0,0.47,2769.39,100.0,6.29,30.86,24.84,25.86
2023-01-12,Tripura,174.6,378.11,100.0,12.43,821.38,100.0,5.17,72.53,11.36,53.99
2023-01-13,Assam,64.78,227.09,87.64,48.13,1900.53,100.0,4.76,67.5,32.81,53.22
2023-01-14,Mizoram,104.49,182.45,94.68,47.38,1765.37,100.0,17.14,39.67,15.71,53.4
2023-01-15,Mizoram,66.17,137.62,89.01,32.73,1899.16,100.0,26.18,41.85,21.83,32.56
2023-01-16,Meghalaya,171.31,315.71,95.99,64.75,1533.41,100.0,10.04,30.5,28.8,66.72
2023-01-17,Nagaland,179.24,353.59,100.0,8.15,1007.42,100.0,46.63,40.52,23.06,45.25
2023-01-18,Sikkim,142.09,249.45,100.0,29.45,1822.42,100.0,29.32,55.1,10.11,57.83
2023-01-19,Assam,93.79,265.82,100.0,31.86,232.57,100.0,44.25,33.31,33.73,47.89
2023-01-20,Mizoram,90.15,204.87,70.55,34.95,1007.17,100.0,7.44,63.21,10.51,39.32
2023-01-21,Mizoram,123.22,294.47,71.26,18.07,3150.15,100.0,7.17,22.53,12.25,42.55
2023-01-22,Assam,130.52,214.58,92.66,40.18,3379.14,100.0,42.34,57.68,15.6,47.32
2023-01-23,Tripura,81.78,155.92,91.65,31.69,2875.47,100.0,28.4,38.37,24.97,47.97
2023-01-24,Tripura,130.29,255.26,92.99,31.56,2548.63,100.0,46.93,73.13,34.28,53.44
2023-01-25,Assam,96.64,176.6,100.0,49.46,3254.5,100.0,7.34,41.25,33.07,51.8
2023-01-26,Sikkim,27.45,133.09,54.06,37.31,554.93,100.0,1.3,38.39,26.28,30.86
2023-01-27,Tripura,55.8,176.41,64.15,39.88,2124.75,100.0,45.83,74.16,28.54,49.83
2023-01-28,Arunachal Pradesh,107.13,201.13,68.89,33.47,509.45,100.0,34.94,73.7,27.8,45.42
2023-01-29,Manipur,104.3,232.77,87.86,26.68,3122.57,100.0,40.36,8.55,27.17,47.03
2023-01-30,Meghalaya,106.75,291.8,100.0,26.65,2106.2,100.0,14.8,22.97,30.31,48.69
2023-01-31,Sikkim,177.4,357.88,100.0,25.18,3249.6,100.0,0.15,86.43,18.5,63.17
2023-02-01,Arunachal Pradesh,25.44,114.24,79.7,13.0,3206.3,100.0,24.14,51.24,15.53,44.93
2023-02-02,Meghalaya,103.24,256.68,95.35,59.54,1891.54,100.0,49.5,81.67,18.69,52.43
2023-02-03,Arunachal Pradesh,148.26,339.63,92.4,33.85,2012.65,100.0,45.38,58.77,11.22,51.46
2023-02-04,Tripura,104.0,266.72,100.0,40.05,161.66,100.0,3.6,56.23,34.18,53.24
2023-02-05,Meghalaya,55.35,130.14,59.72,13.61,2117.88,100.0,9.39,0.49,28.49,20.75
2023-02-06,Assam,41.05,147.67,71.06,28.44,2725.99,100.0,15.56,30.32,15.34,28.13
2023-02-07,Tripura,32.82,87.31,70.77,45.86,972.94,100.0,41.52,59.55,16.39,36.51
2023-02-08,Meghalaya,60.79,139.01,82.79,41.48,3946.78,100.0,41.24,42.36,34.82,39.31
2023-02-09,Mizoram,103.68,224.69,98.69,11.43,3900.57,100.0,9.25,56.65,29.2,53.39
2023-02-10,Nagaland,77.7,108.62,62.47,31.76,1167.18,100.0,26.65,57.8,20.64,41.17
2023-02-11,Mizoram,208.74,377.85,100.0,46.2,2866.24,100.0,25.09,90.06,15.17,74.05
2023-02-12,Meghalaya,30.05,67.42,48.7,53.13,168.51,100.0,20.71,52.33,11.01,35.72
2023-02-13,Sikkim,73.16,112.3,62.81,12.42,2679.72,100.0,26.8,22.05,26.73,21.59
2023-02-14,Meghalaya,40.5,142.54,91.7,45.3,2514.87,100.0,14.64,51.65,29.5,43.73
2023-02-15,Sikkim,22.58,73.44,46.8,50.5,3297.53,100.0,26.58,22.81,12.69,39.33
2023-02-16,Manipur,218.09,385.94,100.0,25.19,1252.24,100.0,34.28,28.66,10.06,55.9
2023-02-17,Manipur,150.69,266.57,74.82,40.13,3518.14,100.0,3.13,60.73,18.94,67.22
2023-02-18,Meghalaya,89.15,159.06,76.92,63.62,3439.0,100.0,48.37,45.82,26.69,55.18
2023-02-19,Nagaland,129.53,249.0,89.12,30.19,2694.93,100.0,8.27,36.26,33.09,55.3
2023-02-20,Nagaland,46.66,65.5,51.16,18.37,1915.72,100.0,18.01,22.48,31.99,28.01
2023-02-21,Arunachal Pradesh,42.99,110.63,74.83,39.13,2492.68,100.0,23.53,58.2,27.21,45.39
2023-02-22,Sikkim,9.9,144.08,58.53,24.44,2933.34,100.0,2.05,60.0,30.35,32.29
2023-02-23,Meghalaya,122.23,185.36,98.08,17.2,3902.24,100.0,27.42,18.48,18.9,52.38
2023-02-24,Arunachal Pradesh,155.0,339.55,96.52,32.29,530.83,100.0,43.5,99.37,16.13,52.46
2023-02-25,Mizoram,65.9,232.33,100.0,18.09,1286.64,100.0,45.05,50.43,13.11,35.18
2023-02-26,Nagaland,25.6,56.98,27.45,40.13,3133.83,100.0,16.31,46.81,14.54,29.69
2023-02-27,Assam,118.85,241.38,92.86,27.04,1666.26,100.0,27.94,28.02,34.07,40.37
2023-02-28,Sikkim,103.39,153.1,79.77,37.72,2706.3,100.0,38.84,43.17,33.25,39.21
2023-03-01,Nagaland,113.95,162.96,67.2,41.82,575.82,100.0,12.64,45.22,11.17,45.94
2023-03-02,Arunachal Pradesh,51.88,134.51,71.07,42.06,2851.19,100.0,26.42,9.36,21.75,34.62
2023-03-03,Assam,70.89,172.71,69.09,18.13,2712.55,100.0,18.34,35.56,19.33,39.11
2023-03-04,Tripura,148.27,249.73,96.66,41.71,2363.99,100.0,18.91,71.83,26.29,68.96
2023-03-05,Assam,39.02,63.3,56.41,30.13,3072.69,100.0,4.71,20.82,18.21,27.95
2023-03-06,Assam,121.07,200.24,100.0,44.11,3526.44,100.0,20.34,37.02,17.02,60.73
2023-03-07,Nagaland,84.42,212.28,61.78,53.16,3325.75,100.0,8.04,79.06,30.23,51.87
2023-03-08,Sikkim,94.92,228.29,88.67,63.18,553.92,100.0,15.06,68.37,33.68,57.03
2023-03-09,Meghalaya,129.02,269.22,87.53,19.99,2990.35,100.0,16.51,45.61,15.07,56.26
2023-03-10,Manipur,188.4,317.18,100.0,27.34,1826.57,100.0,21.53,58.72,15.88,69.83
2023-03-11,Assam,79.48,126.19,63.2,20.68,1368.83,100.0,45.85,44.41,20.48,35.82
2023-03-12,Mizoram,26.36,142.05,63.18,26.7,3524.62,100.0,31.55,54.98,27.66,40.03
2023-03-13,Mizoram,9.66,130.13,58.18,22.66,2260.47,100.0,48.72,54.37,14.18,32.76
2023-03-14,Assam,140.26,239.39,98.59,40.77,2029.88,100.0,29.53,62.91,21.7,64.0
2023-03-15,Mizoram,58.63,131.58,60.72,42.54,3149.17,100.0,40.27,70.38,31.02,44.9
2023-03-16,Sikkim,81.0,112.82,62.24,51.17,2235.57,100.0,41.71,10.44,15.85,41.94
2023-03-17,Sikkim,17.07,96.96,62.18,20.88,3439.13,100.0,36.95,52.01,11.19,27.79
2023-03-18,Mizoram,41.83,195.77,68.29,20.82,456.46,100.0,33.5,35.92,32.67,33.14
2023-03-19,Mizoram,61.4,179.85,85.11,43.72,3115.73,100.0,20.9,26.76,29.69,42.37
2023-03-20,Arunachal Pradesh,137.22,344.32,94.48,27.59,697.15,100.0,28.36,79.34,27.47,50.43
2023-03-21,Sikkim,68.48,137.1,74.82,29.42,939.66,100.0,9.69,39.39,12.18,37.06
2023-03-22,Sikkim,173.82,258.42,97.71,42.87,758.83,100.0,30.91,76.04,32.48,55.23
2023-03-23,Arunachal Pradesh,38.39,167.76,71.56,17.36,991.76,100.0,25.71,30.63,17.63,22.34
2023-03-24,Tripura,27.17,97.62,43.1,17.34,2940.73,100.0,40.22,35.78,15.29,22.94
2023-03-25,Sikkim,75.64,127.74,65.65,26.22,2638.56,100.0,45.13,32.87,22.19,38.7
2023-03-26,Mizoram,72.22,233.22,71.16,48.19,957.64,100.0,6.64,58.04,33.07,44.95
2023-03-27,Manipur,48.23,98.1,57.94,26.98,1117.19,100.0,34.55,22.03,34.86,26.38
2023-03-28,Manipur,95.05,147.79,81.39,49.44,442.21,100.0,47.5,25.94,25.35,41.22
2023-03-29,Meghalaya,67.57,175.42,74.85,23.03,1687.02,100.0,45.89,18.61,33.89,28.78
2023-03-30,Manipur,57.89,84.77,75.77,19.27,1545.41,100.0,41.72,32.8,21.33,26.72
2023-03-31,Mizoram,139.29,299.83,100.0,60.84,625.97,100.0,2.42,59.53,10.74,61.14
2023-04-01,Sikkim,128.29,196.34,90.87,4.61,3346.77,100.0,12.62,42.91,16.89,45.64
2023-04-02,Arunachal Pradesh,114.97,232.52,97.25,47.67,3417.75,94.61,7.41,54.46,17.55,47.81
2023-04-03,Sikkim,196.72,357.75,100.0,33.61,480.73,100.0,46.35,53.17,29.57,55.92
2023-04-04,Sikkim,56.84,145.85,49.59,22.05,1102.15,100.0,37.44,70.61,13.11,26.39
2023-04-05,Assam,115.05,171.07,66.37,15.26,2957.55,100.0,26.59,22.58,14.37,37.53
2023-04-06,Manipur,156.05,276.29,95.68,39.15,3486.37,100.0,48.97,60.77,25.36,65.66
2023-04-07,Sikkim,107.32,265.93,100.0,76.11,333.11,100.0,9.74,100.0,13.27,62.5
2023-04-08,Mizoram,156.66,276.91,97.91,35.12,3614.36,100.0,32.08,73.93,22.39,57.32
2023-04-09,Nagaland,59.45,93.14,58.53,23.92,293.47,100.0,30.47,37.6,10.88,33.2
2023-04-10,Arunachal Pradesh,97.4,178.3,91.11,14.75,2553.45,100.0,17.02,21.55,26.72,45.76
2023-04-11,Arunachal Pradesh,93.97,140.62,63.06,21.12,137.2,100.0,24.27,0.0,32.71,29.34
2023-04-12,Arunachal Pradesh,31.12,9.42,36.12,25.1,3716.65,100.0,11.77,0.0,31.87,29.48
2023-04-13,Assam,84.18,169.22,81.66,24.32,1447.08,100.0,33.86,31.34,11.84,30.22
2023-04-14,Sikkim,44.37,120.56,100.0,55.49,2612.77,100.0,20.91,84.28,24.78,60.39
2023-04-15,Nagaland,140.78,289.12,97.53,30.44,779.26,100.0,1.18,38.74,12.6,55.39
2023-04-16,Nagaland,45.13,136.39,57.59,29.83,1318.96,100.0,47.54,18.29,11.34,23.75
2023-04-17,Manipur,177.54,340.89,99.67,43.41,3001.83,100.0,25.07,61.02,25.26,57.35
2023-04-18,Nagaland,148.86,271.65,88.84,4.92,3893.33,100.0,35.28,42.28,24.31,44.29
2023-04-19,Arunachal Pradesh,21.59,167.49,93.39,64.36,3968.61,100.0,9.85,64.52,12.35,54.18
2023-04-20,Mizoram,42.22,79.67,50.44,57.61,3248.23,100.0,6.36,69.94,19.0,51.08
2023-04-21,Mizoram,59.64,126.78,69.92,4.82,3396.41,100.0,45.12,7.58,17.92,26.86
2023-04-22,Tripura,111.21,283.16,95.25,37.33,3879.15,100.0,29.55,82.41,18.56,58.86
2023-04-23,Nagaland,162.32,277.88,75.88,45.15,209.25,100.0,24.67,73.39,18.33,62.26
2023-04-24,Arunachal Pradesh,92.57,184.45,71.97,35.57,722.09,100.0,26.06,34.37,30.62,38.62
2023-04-25,Mizoram,167.96,318.1,66.5,27.38,258.08,100.0,11.81,37.18,18.84,51.49
2023-04-26,Manipur,65.92,195.57,81.74,6.17,2029.59,100.0,45.63,6.16,18.26,33.95
2023-04-27,Meghalaya,85.07,183.28,84.0,24.23,3836.03,100.0,10.71,63.75,10.74,43.38
2023-04-28,Mizoram,70.1,119.8,51.28,34.72,2350.62,100.0,7.9,33.18,29.76,43.6
2023-04-29,Manipur,148.56,256.43,83.16,21.0,2243.85,100.0,46.5,39.91,26.5,44.32
2023-04-30,Mizoram,70.76,177.74,55.44,26.96,3315.41,100.0,12.88,46.12,18.54,41.03
2023-05-01,Meghalaya,160.52,278.98,62.55,23.87,3719.35,100.0,43.12,27.62,21.3,48.08
2023-05-02,Mizoram,102.7,185.36,54.48,57.1,2809.29,88.65,38.63,87.5,29.85,46.29
2023-05-03,Assam,44.16,78.96,65.57,23.42,3586.74,100.0,19.1,36.2,18.61,26.6
2023-05-04,Tripura,103.59,253.13,85.91,10.7,742.1,100.0,12.7,46.69,21.83,54.56
2023-05-05,Arunachal Pradesh,71.45,152.32,73.6,51.41,2038.46,100.0,37.95,49.05,10.49,47.2
2023-05-06,Assam,123.77,231.04,100.0,19.89,1490.19,100.0,29.88,15.62,32.96,52.33
2023-05-07,Manipur,143.13,291.89,100.0,71.51,1363.46,74.65,12.7,96.14,19.28,74.6
2023-05-08,Manipur,136.01,199.52,87.99,59.01,896.29,100.0,44.54,100.0,17.41,60.49
2023-05-09,Assam,101.93,204.58,73.64,46.65,3581.29,100.0,36.05,36.79,25.23,50.6
2023-05-10,Arunachal Pradesh,65.07,207.82,100.0,28.33,1828.96,100.0,45.46,26.4,23.17,48.99
2023-05-11,Tripura,85.97,176.4,93.81,42.1,2144.5,100.0,21.87,31.65,20.02,47.06
2023-05-12,Assam,37.9,115.64,76.52,28.58,1141.43,100.0,6.41,21.24,33.06,31.8
2023-05-13,Mizoram,186.17,337.15,100.0,51.82,3853.26,100.0,46.2,98.84,19.07,75.48
2023-05-14,Nagaland,66.76,192.59,64.65,20.8,2464.28,100.0,30.07,19.35,34.96,28.17
2023-05-15,Nagaland,108.93,221.44,100.0,38.77,52.74,100.0,30.3,98.68,29.73,56.24
2023-05-16,Assam,22.03,181.79,89.42,61.85,1108.18,100.0,29.21,96.55,32.58,56.19
2023-05-17,Nagaland,93.81,199.96,76.94,46.32,3997.42,100.0,23.62,69.3,17.07,46.67
2023-05-18,Tripura,21.45,64.75,48.8,43.19,3900.36,100.0,12.75,50.03,11.76,42.05
2023-05-19,Assam,176.01,374.49,96.57,36.51,2201.24,100.0,30.65,83.35,20.48,55.76
2023-05-20,Arunachal Pradesh,65.44,139.74,79.35,22.61,2278.26,100.0,35.93,24.57,17.83,29.96
2023-05-21,Tripura,112.16,194.26,81.41,37.6,3611.27,100.0,45.83,25.42,11.52,48.11
2023-05-22,Manipur,109.25,166.33,79.23,27.31,2848.84,100.0,3.61,42.95,11.79,57.57
2023-05-23,Tripura,30.79,115.33,77.02,10.51,3732.25,100.0,12.74,0.0,14.36,22.07
2023-05-24,Meghalaya,60.11,121.86,75.2,47.87,1942.58,100.0,38.83,31.51,19.44,40.94
2023-05-25,Assam,63.27,113.81,49.64,65.18,3904.81,100.0,38.76,69.72,33.38,43.47
2023-05-26,Meghalaya,13.06,46.95,49.73,45.78,2181.22,100.0,10.6,46.04,26.44,35.89
2023-05-27,Mizoram,111.16,202.21,86.63,18.04,2597.11,100.0,9.24,67.58,19.96,50.59
2023-05-28,Sikkim,17.47,109.51,69.23,14.32,376.14,100.0,18.36,22.5,29.98,20.15
2023-05-29,Arunachal Pradesh,121.46,251.54,66.45,62.04,2465.94,100.0,3.15,100.0,24.21,62.96
2023-05-30,Nagaland,101.16,195.96,64.1,66.76,3082.71,100.0,36.52,49.97,20.44,56.83
2023-05-31,Tripura,142.33,285.93,100.0,41.77,1785.25,100.0,33.49,77.89,13.61,68.81
2023-06-01,Assam,10.25,61.13,61.86,27.24,2034.63,94.6,42.94,33.23,33.18,26.54
2023-06-02,Assam,173.73,318.86,100.0,4.95,1603.64,100.0,21.5,66.63,25.6,63.1
2023-06-03,Mizoram,6.49,33.06,23.36,19.33,3877.71,100.0,31.84,8.56,20.98,15.99
2023-06-04,Arunachal Pradesh,111.55,191.01,91.67,40.8,1932.67,100.0,47.7,67.43,20.96,54.29
2023-06-05,Meghalaya,21.59,88.45,63.33,11.39,548.53,100.0,47.94,34.27,29.13,18.61
2023-06-06,Arunachal Pradesh,70.65,162.12,56.66,23.53,164.05,100.0,3.55,21.11,14.49,35.04
2023-06-07,Sikkim,21.52,122.73,38.03,20.2,3101.25,100.0,0.09,77.88,20.44,20.55
2023-06-08,Mizoram,57.35,156.0,85.31,33.42,2213.31,100.0,48.0,40.18,11.58,41.41
2023-06-09,Meghalaya,105.79,189.0,63.05,41.59,60.94,100.0,26.77,67.05,12.0,54.6
2023-06-10,Meghalaya,96.1,142.95,48.88,19.22,1560.96,100.0,35.02,46.66,23.16,32.35
2023-06-11,Assam,62.21,178.61,82.53,32.81,3660.49,100.0,45.63,20.18,19.52,45.88
2023-06-12,Sikkim,146.76,283.41,96.54,9.61,3793.63,100.0,21.66,63.19,27.99,49.18
2023-06-13,Assam,23.33,123.76,73.37,36.3,261.56,100.0,22.03,17.15,34.67,40.46
2023-06-14,Manipur,20.08,98.47,66.15,38.14,537.52,100.0,8.35,31.0,31.49,27.4
2023-06-15,Sikkim,22.08,155.31,100.0,49.09,69.24,100.0,45.29,57.32,21.05,42.71
2023-06-16,Arunachal Pradesh,69.56,145.68,79.99,12.89,3481.26,100.0,32.38,32.53,19.45,33.84
2023-06-17,Meghalaya,16.46,76.35,65.16,19.22,330.0,100.0,9.01,40.25,24.63,31.89
2023-06-18,Assam,82.95,206.04,67.97,52.94,476.21,100.0,27.99,10.94,12.29,39.11
2023-06-19,Meghalaya,68.63,187.47,100.0,13.03,949.11,100.0,16.41,7.24,34.69,34.38
2023-06-20,Manipur,55.39,146.17,61.65,50.97,3673.14,100.0,7.36,64.15,34.52,33.24
2023-06-21,Meghalaya,23.83,22.1,30.76,22.65,2768.52,100.0,9.09,20.66,33.07,24.04
2023-06-22,Sikkim,130.32,174.76,71.78,24.32,2486.68,100.0,27.96,47.38,26.56,45.64
2023-06-23,Nagaland,76.28,148.98,76.4,28.34,3149.39,100.0,28.22,48.26,22.58,39.74
2023-06-24,Manipur,70.46,156.56,64.38,47.66,2788.47,100.0,39.5,30.47,27.67,31.05
2023-06-25,Assam,51.06,51.86,37.23,30.83,2996.41,100.0,12.4,5.34,17.86,24.82
2023-06-26,Manipur,86.23,178.15,62.16,50.64,340.94,100.0,45.79,69.37,31.31,46.98
2023-06-27,Sikkim,168.88,329.36,100.0,40.49,2379.57,100.0,25.93,49.86,13.37,52.35
2023-06-28,Manipur,40.31,108.09,70.02,12.7,3025.17,100.0,10.21,32.55,30.09,18.7
2023-06-29,Sikkim,42.1,124.95,74.63,19.83,2284.35,100.0,20.66,31.2,31.69,38.06
2023-06-30,Assam,28.38,116.08,39.88,32.17,96.59,100.0,46.17,16.22,14.25,24.25
2023-07-01,Assam,87.66,117.43,51.03,17.18,883.92,100.0,23.91,21.51,21.96,37.54
2023-07-02,Tripura,118.42,253.73,100.0,43.05,3853.45,100.0,43.74,78.47,32.29,57.17
2023-07-03,Manipur,33.21,70.48,47.73,30.62,2833.54,100.0,7.99,37.37,33.98,28.88
2023-07-04,Sikkim,70.27,145.89,72.22,20.79,2769.59,100.0,45.7,29.66,30.28,25.35
2023-07-05,Nagaland,63.34,118.57,100.0,25.58,2658.0,100.0,21.53,44.06,33.52,53.47
2023-07-06,Mizoram,97.83,239.71,54.12,44.7,554.84,100.0,46.81,85.31,33.42,46.71
2023-07-07,Nagaland,101.53,155.4,69.14,52.76,66.13,100.0,43.3,52.99,34.49,41.8
2023-07-08,Tripura,55.97,189.2,88.46,32.8,1790.58,100.0,33.0,89.19,20.33,42.29
2023-07-09,Mizoram,24.75,182.8,61.83,61.64,1805.08,100.0,33.64,67.15,17.17,56.09
2023-07-10,Sikkim,27.55,29.28,43.83,20.75,3256.63,100.0,10.58,18.95,25.82,26.21
2023-07-11,Arunachal Pradesh,44.8,93.76,40.75,61.58,767.19,100.0,30.14,59.16,14.72,43.83
2023-07-12,Assam,88.23,206.84,90.03,28.54,1136.69,100.0,27.47,91.81,23.93,50.5
2023-07-13,Mizoram,33.41,60.38,42.01,30.8,359.06,100.0,16.71,60.5,24.48,36.12
2023-07-14,Meghalaya,89.39,173.21,68.18,52.68,1629.51,100.0,25.28,26.93,30.16,44.28
2023-07-15,Tripura,86.17,186.28,90.71,7.35,1061.16,100.0,46.46,3.8,19.04,32.92
2023-07-16,Manipur,201.61,323.9,100.0,42.01,1088.44,100.0,0.27,59.28,25.05,63.32
2023-07-17,Sikkim,156.29,287.72,100.0,41.46,1053.51,91.43,20.86,100.0,32.58,68.96
2023-07-18,Mizoram,236.33,442.44,100.0,35.18,964.5,100.0,16.68,76.53,20.54,72.76
2023-07-19,Tripura,98.88,195.19,80.14,7.93,1313.18,100.0,48.06,20.56,24.29,43.27
2023-07-20,Mizoram,96.12,152.63,100.0,47.83,2169.93,100.0,48.69,91.31,29.68,53.18
2023-07-21,Meghalaya,34.78,148.77,72.66,16.33,1778.96,100.0,29.28,54.49,16.24,28.79
2023-07-22,Arunachal Pradesh,155.3,338.52,100.0,34.24,300.62,100.0,27.5,55.93,12.58,59.68
2023-07-23,Tripura,47.6,136.14,66.8,13.12,1732.15,100.0,45.16,19.31,27.05,29.69
2023-07-24,Assam,40.87,72.03,67.01,59.95,3392.8,100.0,0.33,68.21,19.26,43.56
2023-07-25,Nagaland,159.73,254.48,84.49,29.48,447.78,100.0,28.11,31.99,19.54,42.33
2023-07-26,Tripura,121.97,138.21,87.73,60.76,3780.23,100.0,1.23,45.0,33.25,58.76
2023-07-27,Tripura,35.2,79.12,73.09,54.02,1268.93,100.0,48.41,48.51,20.2,27.73
2023-07-28,Tripura,41.88,155.44,67.88,21.72,107.42,100.0,16.01,27.45,33.84,29.38
2023-07-29,Tripura,48.9,95.99,61.54,55.76,1049.96,100.0,26.04,30.17,12.66,43.24
2023-07-30,Arunachal Pradesh,76.46,126.45,51.13,25.86,325.16,100.0,20.88,43.71,18.57,33.14
2023-07-31,Nagaland,111.66,258.41,100.0,17.41,2287.21,100.0,44.68,48.41,27.32,40.98
2023-08-01,Nagaland,131.5,293.3,100.0,2.78,1299.48,100.0,49.99,46.18,13.15,43.69
2023-08-02,Arunachal Pradesh,78.22,145.89,50.69,55.22,3237.16,100.0,3.42,12.83,19.68,40.97
2023-08-03,Mizoram,64.09,166.51,100.0,2.98,2943.87,100.0,36.6,50.98,31.29,51.73
2023-08-04,Arunachal Pradesh,111.35,182.31,82.43,30.67,1900.96,100.0,18.4,5.95,29.04,52.86
2023-08-05,Nagaland,76.37,150.86,66.69,53.58,2264.38,100.0,6.95,58.46,17.05,50.09
2023-08-06,Arunachal Pradesh,38.2,34.5,64.88,31.11,2454.64,100.0,20.27,75.06,18.91,38.91
2023-08-07,Meghalaya,158.26,301.8,92.53,25.82,1119.28,100.0,49.91,71.66,22.63,48.74
2023-08-08,Sikkim,67.77,147.55,89.11,15.67,600.54,100.0,17.88,27.16,28.28,29.57
2023-08-09,Tripura,41.81,85.83,39.52,21.0,1537.25,100.0,13.87,19.21,13.8,25.14
2023-08-10,Manipur,57.62,132.75,63.22,35.67,424.69,100.0,42.31,39.24,23.19,35.62
2023-08-11,Sikkim,118.64,219.36,82.56,11.63,1293.71,100.0,43.4,61.21,11.83,44.33
2023-08-12,Mizoram,36.17,71.16,46.07,36.65,2232.78,100.0,16.94,47.97,19.95,28.4
2023-08-13,Sikkim,156.85,301.22,89.19,22.73,2183.44,100.0,14.93,52.41,14.77,56.27
2023-08-14,Mizoram,100.94,189.49,70.59,38.93,526.42,92.53,32.36,69.35,17.73,38.63
2023-08-15,Sikkim,119.8,224.32,76.88,56.07,82.94,100.0,10.26,34.82,18.29,48.22
2023-08-16,Nagaland,104.85,148.85,62.73,39.27,401.33,100.0,24.18,32.97,29.25,42.1
2023-08-17,Tripura,35.46,98.16,81.15,46.43,192.79,100.0,7.07,33.24,16.63,27.06
2023-08-18,Tripura,106.32,202.3,86.96,33.28,1631.85,100.0,15.24,69.45,26.59,45.04
2023-08-19,Mizoram,27.39,58.06,50.29,46.12,1589.51,100.0,14.87,44.4,23.33,33.44
2023-08-20,Tripura,102.16,224.5,96.37,10.76,1004.38,100.0,34.74,87.46,30.11,45.14
2023-08-21,Nagaland,59.97,55.65,49.7,29.82,901.01,100.0,14.11,47.21,18.04,26.05
2023-08-22,Tripura,61.29,122.65,52.62,18.77,1615.86,93.94,44.92,17.87,34.87,22.29
2023-08-23,Meghalaya,35.95,116.32,39.18,33.0,391.97,100.0,49.15,57.59,17.39,30.94
2023-08-24,Nagaland,65.51,232.2,100.0,21.04,896.52,100.0,4.05,30.07,24.49,33.92
2023-08-25,Meghalaya,98.83,143.62,35.34,37.76,1652.48,100.0,19.88,35.02,25.81,33.93
2023-08-26,Tripura,27.26,94.44,36.26,48.42,424.58,100.0,15.09,42.07,23.45,33.43
2023-08-27,Manipur,44.51,138.68,75.31,22.79,3371.21,100.0,17.6,41.88,31.47,36.08
2023-08-28,Meghalaya,85.01,180.06,75.75,21.36,2720.27,100.0,13.27,43.12,12.82,40.22
2023-08-29,Mizoram,7.99,12.69,64.42,29.55,1563.32,100.0,19.13,30.41,24.93,30.97
2023-08-30,Mizoram,15.38,53.72,41.08,9.27,644.07,100.0,7.07,0.52,22.66,12.07
2023-08-31,Nagaland,38.93,10.74,53.69,47.75,817.04,100.0,13.99,34.89,20.43,28.57
2023-09-01,Nagaland,85.35,178.18,72.99,20.57,524.35,100.0,37.39,44.34,18.66,36.93
2023-09-02,Sikkim,96.05,137.44,75.73,45.35,682.33,100.0,17.2,63.7,13.82,42.67
2023-09-03,Mizoram,104.52,225.0,87.55,50.99,1718.93,100.0,10.39,48.67,26.25,51.66
2023-09-04,Sikkim,94.12,165.04,80.57,13.87,1020.38,100.0,5.42,0.0,12.94,30.15
2023-09-05,Manipur,100.97,171.55,77.54,22.84,3544.08,100.0,17.4,61.0,30.73,42.89
2023-09-06,Sikkim,47.04,127.22,69.85,25.04,3845.67,100.0,32.17,46.6,21.19,40.77
2023-09-07,Nagaland,79.97,180.36,59.74,37.92,2780.89,100.0,12.67,20.34,25.14,36.94
2023-09-08,Arunachal Pradesh,91.66,222.35,85.6,29.11,3244.61,100.0,21.12,17.26,11.95,47.69
2023-09-09,Nagaland,111.27,206.45,90.33,49.75,1057.72,100.0,47.62,68.75,12.33,56.58
